target,filename,path,cls
faststone,fsviewer-ACCESS_VIOLATION_READ_c0000005__fsviewer+1b8d88__973c7e695fcb75af.png,/Users/ebukaobi/Desktop/Arts Demands/fsviewer/fsviewer-crashes/fsviewer-ACCESS_VIOLATION_READ_c0000005__fsviewer+1b8d88__973c7e695fcb75af.png,READ
faststone,fsviewer-ACCESS_VIOLATION_READ_c0000005__fsviewer+25c0df__6c1de374ca86f923.png,/Users/ebukaobi/Desktop/Arts Demands/fsviewer/fsviewer-crashes/fsviewer-ACCESS_VIOLATION_READ_c0000005__fsviewer+25c0df__6c1de374ca86f923.png,WRITE
faststone,fsviewer-ACCESS_VIOLATION_READ_c0000005__fsviewer+2c847__58e7d6933c851a6a.png,/Users/ebukaobi/Desktop/Arts Demands/fsviewer/fsviewer-crashes/fsviewer-ACCESS_VIOLATION_READ_c0000005__fsviewer+2c847__58e7d6933c851a6a.png,WRITE
faststone,fsviewer-ACCESS_VIOLATION_READ_c0000005__fsviewer+2d4c7__6e2ada61f89dfb81.png,/Users/ebukaobi/Desktop/Arts Demands/fsviewer/fsviewer-crashes/fsviewer-ACCESS_VIOLATION_READ_c0000005__fsviewer+2d4c7__6e2ada61f89dfb81.png,WRITE
faststone,fsviewer-ACCESS_VIOLATION_READ_c0000005__fsviewer+2d53__08905e104cb060a7.png,/Users/ebukaobi/Desktop/Arts Demands/fsviewer/fsviewer-crashes/fsviewer-ACCESS_VIOLATION_READ_c0000005__fsviewer+2d53__08905e104cb060a7.png,WRITE
faststone,fsviewer-ACCESS_VIOLATION_READ_c0000005__fsviewer+2d5a__f7f3329c9e2c8072.png,/Users/ebukaobi/Desktop/Arts Demands/fsviewer/fsviewer-crashes/fsviewer-ACCESS_VIOLATION_READ_c0000005__fsviewer+2d5a__f7f3329c9e2c8072.png,WRITE
faststone,fsviewer-ACCESS_VIOLATION_READ_c0000005__fsviewer+3fd4__3560d8e43d7c0b18.png,/Users/ebukaobi/Desktop/Arts Demands/fsviewer/fsviewer-crashes/fsviewer-ACCESS_VIOLATION_READ_c0000005__fsviewer+3fd4__3560d8e43d7c0b18.png,DoS
faststone,fsviewer-ACCESS_VIOLATION_READ_c0000005__fsviewer+5e10d3__7d5bfe48d9e4e4cf.png,/Users/ebukaobi/Desktop/Arts Demands/fsviewer/fsviewer-crashes/fsviewer-ACCESS_VIOLATION_READ_c0000005__fsviewer+5e10d3__7d5bfe48d9e4e4cf.png,WRITE
faststone,fsviewer-ACCESS_VIOLATION_READ_c0000005__fsviewer+92bd__276908cbc9a65178.png,/Users/ebukaobi/Desktop/Arts Demands/fsviewer/fsviewer-crashes/fsviewer-ACCESS_VIOLATION_READ_c0000005__fsviewer+92bd__276908cbc9a65178.png,DoS
faststone,fsviewer-ACCESS_VIOLATION_READ_c0000005__fsviewer+9590__d0bfaa70abe26b0b.png,/Users/ebukaobi/Desktop/Arts Demands/fsviewer/fsviewer-crashes/fsviewer-ACCESS_VIOLATION_READ_c0000005__fsviewer+9590__d0bfaa70abe26b0b.png,DoS
faststone,fsviewer-ACCESS_VIOLATION_READ_c0000005__fsviewer+95a7__ebd67f43cc1d6ba3.png,/Users/ebukaobi/Desktop/Arts Demands/fsviewer/fsviewer-crashes/fsviewer-ACCESS_VIOLATION_READ_c0000005__fsviewer+95a7__ebd67f43cc1d6ba3.png,DoS
faststone,fsviewer-ACCESS_VIOLATION_READ_c0000005__fsviewer+965a__fe26943605658116.png,/Users/ebukaobi/Desktop/Arts Demands/fsviewer/fsviewer-crashes/fsviewer-ACCESS_VIOLATION_READ_c0000005__fsviewer+965a__fe26943605658116.png,WRITE
faststone,fsviewer-ACCESS_VIOLATION_READ_c0000005__fsviewer+c360f__b495a6320a2860d5.png,/Users/ebukaobi/Desktop/Arts Demands/fsviewer/fsviewer-crashes/fsviewer-ACCESS_VIOLATION_READ_c0000005__fsviewer+c360f__b495a6320a2860d5.png,READ
faststone,fsviewer-ACCESS_VIOLATION_READ_c0000005__ntdll+44834__d0abdc101a57dcf6.png,/Users/ebukaobi/Desktop/Arts Demands/fsviewer/fsviewer-crashes/fsviewer-ACCESS_VIOLATION_READ_c0000005__ntdll+44834__d0abdc101a57dcf6.png,DoS
faststone,fsviewer-ACCESS_VIOLATION_READ_c0000005__ntdll+4d002__4c9221fb4345519c.png,/Users/ebukaobi/Desktop/Arts Demands/fsviewer/fsviewer-crashes/fsviewer-ACCESS_VIOLATION_READ_c0000005__ntdll+4d002__4c9221fb4345519c.png,WRITE
faststone,fsviewer-ACCESS_VIOLATION_READ_c0000005__unknown+167069ba__34ad746fb800c801.png,/Users/ebukaobi/Desktop/Arts Demands/fsviewer/fsviewer-crashes/fsviewer-ACCESS_VIOLATION_READ_c0000005__unknown+167069ba__34ad746fb800c801.png,WRITE
faststone,fsviewer-ACCESS_VIOLATION_READ_c0000005__unknown+167569ba__5a2e44fc4952a302.png,/Users/ebukaobi/Desktop/Arts Demands/fsviewer/fsviewer-crashes/fsviewer-ACCESS_VIOLATION_READ_c0000005__unknown+167569ba__5a2e44fc4952a302.png,DoS
faststone,fsviewer-ACCESS_VIOLATION_READ_c0000005__unknown+167769ba__857e13f97e097afc.png,/Users/ebukaobi/Desktop/Arts Demands/fsviewer/fsviewer-crashes/fsviewer-ACCESS_VIOLATION_READ_c0000005__unknown+167769ba__857e13f97e097afc.png,WRITE
faststone,fsviewer-ACCESS_VIOLATION_READ_c0000005__unknown+168269ba__38ab402e42e2127e.png,/Users/ebukaobi/Desktop/Arts Demands/fsviewer/fsviewer-crashes/fsviewer-ACCESS_VIOLATION_READ_c0000005__unknown+168269ba__38ab402e42e2127e.png,DoS
faststone,fsviewer-ACCESS_VIOLATION_READ_c0000005__unknown+168569ba__65b3e87f5cdc4c09.png,/Users/ebukaobi/Desktop/Arts Demands/fsviewer/fsviewer-crashes/fsviewer-ACCESS_VIOLATION_READ_c0000005__unknown+168569ba__65b3e87f5cdc4c09.png,WRITE
faststone,fsviewer-ACCESS_VIOLATION_READ_c0000005__unknown+168669ba__036aa1a3efe3cb2b.png,/Users/ebukaobi/Desktop/Arts Demands/fsviewer/fsviewer-crashes/fsviewer-ACCESS_VIOLATION_READ_c0000005__unknown+168669ba__036aa1a3efe3cb2b.png,WRITE
faststone,fsviewer-ACCESS_VIOLATION_READ_c0000005__unknown+168769ba__a42846b83d2eb5d2.png,/Users/ebukaobi/Desktop/Arts Demands/fsviewer/fsviewer-crashes/fsviewer-ACCESS_VIOLATION_READ_c0000005__unknown+168769ba__a42846b83d2eb5d2.png,WRITE
faststone,fsviewer-ACCESS_VIOLATION_READ_c0000005__unknown+16a969ba__0d98cbf77e30f8b9.png,/Users/ebukaobi/Desktop/Arts Demands/fsviewer/fsviewer-crashes/fsviewer-ACCESS_VIOLATION_READ_c0000005__unknown+16a969ba__0d98cbf77e30f8b9.png,WRITE
faststone,fsviewer-ACCESS_VIOLATION_READ_c0000005__unknown+16ad69ba__57d2e59afde27ae4.png,/Users/ebukaobi/Desktop/Arts Demands/fsviewer/fsviewer-crashes/fsviewer-ACCESS_VIOLATION_READ_c0000005__unknown+16ad69ba__57d2e59afde27ae4.png,DoS
faststone,fsviewer-ACCESS_VIOLATION_READ_c0000005__unknown+16af69ba__69875c73993bff59.png,/Users/ebukaobi/Desktop/Arts Demands/fsviewer/fsviewer-crashes/fsviewer-ACCESS_VIOLATION_READ_c0000005__unknown+16af69ba__69875c73993bff59.png,DoS
faststone,fsviewer-ACCESS_VIOLATION_READ_c0000005__unknown+16bb69ba__7d227f40be626040.png,/Users/ebukaobi/Desktop/Arts Demands/fsviewer/fsviewer-crashes/fsviewer-ACCESS_VIOLATION_READ_c0000005__unknown+16bb69ba__7d227f40be626040.png,DoS
faststone,fsviewer-ACCESS_VIOLATION_READ_c0000005__unknown+16bc69ba__a1aee5d5697b30a3.png,/Users/ebukaobi/Desktop/Arts Demands/fsviewer/fsviewer-crashes/fsviewer-ACCESS_VIOLATION_READ_c0000005__unknown+16bc69ba__a1aee5d5697b30a3.png,WRITE
faststone,fsviewer-ACCESS_VIOLATION_READ_c0000005__unknown+16be6ec6__dba31a7180765c83.png,/Users/ebukaobi/Desktop/Arts Demands/fsviewer/fsviewer-crashes/fsviewer-ACCESS_VIOLATION_READ_c0000005__unknown+16be6ec6__dba31a7180765c83.png,READ
faststone,fsviewer-ACCESS_VIOLATION_READ_c0000005__unknown+16bf69ba__e8bf6af9bd9b8d01.png,/Users/ebukaobi/Desktop/Arts Demands/fsviewer/fsviewer-crashes/fsviewer-ACCESS_VIOLATION_READ_c0000005__unknown+16bf69ba__e8bf6af9bd9b8d01.png,DoS
faststone,fsviewer-ACCESS_VIOLATION_READ_c0000005__unknown+16c069ba__2ee000194dea0a38.png,/Users/ebukaobi/Desktop/Arts Demands/fsviewer/fsviewer-crashes/fsviewer-ACCESS_VIOLATION_READ_c0000005__unknown+16c069ba__2ee000194dea0a38.png,DoS
faststone,fsviewer-ACCESS_VIOLATION_READ_c0000005__unknown+16c269ba__fd610154ff7abde1.png,/Users/ebukaobi/Desktop/Arts Demands/fsviewer/fsviewer-crashes/fsviewer-ACCESS_VIOLATION_READ_c0000005__unknown+16c269ba__fd610154ff7abde1.png,DoS
faststone,fsviewer-ACCESS_VIOLATION_READ_c0000005__unknown+16c369ba__3238da1cea8b646f.png,/Users/ebukaobi/Desktop/Arts Demands/fsviewer/fsviewer-crashes/fsviewer-ACCESS_VIOLATION_READ_c0000005__unknown+16c369ba__3238da1cea8b646f.png,WRITE
faststone,fsviewer-ACCESS_VIOLATION_READ_c0000005__unknown+16c469ba__4e988b621bacfb1d.png,/Users/ebukaobi/Desktop/Arts Demands/fsviewer/fsviewer-crashes/fsviewer-ACCESS_VIOLATION_READ_c0000005__unknown+16c469ba__4e988b621bacfb1d.png,DoS
faststone,fsviewer-ACCESS_VIOLATION_READ_c0000005__unknown+16cc69ba__a074b30c97bd8b33.png,/Users/ebukaobi/Desktop/Arts Demands/fsviewer/fsviewer-crashes/fsviewer-ACCESS_VIOLATION_READ_c0000005__unknown+16cc69ba__a074b30c97bd8b33.png,WRITE
faststone,fsviewer-ACCESS_VIOLATION_READ_c0000005__unknown+16d069ba__5491ae0941b5dd3a.png,/Users/ebukaobi/Desktop/Arts Demands/fsviewer/fsviewer-crashes/fsviewer-ACCESS_VIOLATION_READ_c0000005__unknown+16d069ba__5491ae0941b5dd3a.png,WRITE
faststone,fsviewer-ACCESS_VIOLATION_READ_c0000005__unknown+16d06ec6__1e6aeb664a37ca85.png,/Users/ebukaobi/Desktop/Arts Demands/fsviewer/fsviewer-crashes/fsviewer-ACCESS_VIOLATION_READ_c0000005__unknown+16d06ec6__1e6aeb664a37ca85.png,DoS
faststone,fsviewer-ACCESS_VIOLATION_READ_c0000005__unknown+16d169ba__1b26f0f263950be3.png,/Users/ebukaobi/Desktop/Arts Demands/fsviewer/fsviewer-crashes/fsviewer-ACCESS_VIOLATION_READ_c0000005__unknown+16d169ba__1b26f0f263950be3.png,WRITE
faststone,fsviewer-ACCESS_VIOLATION_READ_c0000005__unknown+16d16ec6__99635712cf2c2253.png,/Users/ebukaobi/Desktop/Arts Demands/fsviewer/fsviewer-crashes/fsviewer-ACCESS_VIOLATION_READ_c0000005__unknown+16d16ec6__99635712cf2c2253.png,READ
faststone,fsviewer-ACCESS_VIOLATION_READ_c0000005__unknown+16d36ec6__f7c06e850f117631.png,/Users/ebukaobi/Desktop/Arts Demands/fsviewer/fsviewer-crashes/fsviewer-ACCESS_VIOLATION_READ_c0000005__unknown+16d36ec6__f7c06e850f117631.png,READ
faststone,fsviewer-ACCESS_VIOLATION_READ_c0000005__unknown+16d569ba__bdeb62420313e492.png,/Users/ebukaobi/Desktop/Arts Demands/fsviewer/fsviewer-crashes/fsviewer-ACCESS_VIOLATION_READ_c0000005__unknown+16d569ba__bdeb62420313e492.png,WRITE
faststone,fsviewer-ACCESS_VIOLATION_READ_c0000005__unknown+16d669ba__5945a7aa33b12cfd.png,/Users/ebukaobi/Desktop/Arts Demands/fsviewer/fsviewer-crashes/fsviewer-ACCESS_VIOLATION_READ_c0000005__unknown+16d669ba__5945a7aa33b12cfd.png,WRITE
faststone,fsviewer-ACCESS_VIOLATION_READ_c0000005__unknown+170fbf94__20b9351344240e73.png,/Users/ebukaobi/Desktop/Arts Demands/fsviewer/fsviewer-crashes/fsviewer-ACCESS_VIOLATION_READ_c0000005__unknown+170fbf94__20b9351344240e73.png,DoS
faststone,fsviewer-ACCESS_VIOLATION_READ_c0000005__unknown+1712b537__8a37b1cca2bb5335.png,/Users/ebukaobi/Desktop/Arts Demands/fsviewer/fsviewer-crashes/fsviewer-ACCESS_VIOLATION_READ_c0000005__unknown+1712b537__8a37b1cca2bb5335.png,DoS
faststone,fsviewer-ACCESS_VIOLATION_READ_c0000005__unknown+1713ad41__0b78328370a6c8ce.png,/Users/ebukaobi/Desktop/Arts Demands/fsviewer/fsviewer-crashes/fsviewer-ACCESS_VIOLATION_READ_c0000005__unknown+1713ad41__0b78328370a6c8ce.png,DoS
faststone,fsviewer-ACCESS_VIOLATION_READ_c0000005__unknown+1713b754__0d55fafb01edd228.png,/Users/ebukaobi/Desktop/Arts Demands/fsviewer/fsviewer-crashes/fsviewer-ACCESS_VIOLATION_READ_c0000005__unknown+1713b754__0d55fafb01edd228.png,DoS
faststone,fsviewer-ACCESS_VIOLATION_READ_c0000005__unknown+1713b81d__c6f1ea3965204443.png,/Users/ebukaobi/Desktop/Arts Demands/fsviewer/fsviewer-crashes/fsviewer-ACCESS_VIOLATION_READ_c0000005__unknown+1713b81d__c6f1ea3965204443.png,DoS
faststone,fsviewer-ACCESS_VIOLATION_READ_c0000005__unknown+1713bc15__07b0a660e2b8aaa1.png,/Users/ebukaobi/Desktop/Arts Demands/fsviewer/fsviewer-crashes/fsviewer-ACCESS_VIOLATION_READ_c0000005__unknown+1713bc15__07b0a660e2b8aaa1.png,DoS
faststone,fsviewer-ACCESS_VIOLATION_READ_c0000005__unknown+1715b7d8__bb34fee0a0a7d132.png,/Users/ebukaobi/Desktop/Arts Demands/fsviewer/fsviewer-crashes/fsviewer-ACCESS_VIOLATION_READ_c0000005__unknown+1715b7d8__bb34fee0a0a7d132.png,DoS
faststone,fsviewer-ACCESS_VIOLATION_READ_c0000005__unknown+1716b8f9__d5e7e55339f41bd4.png,/Users/ebukaobi/Desktop/Arts Demands/fsviewer/fsviewer-crashes/fsviewer-ACCESS_VIOLATION_READ_c0000005__unknown+1716b8f9__d5e7e55339f41bd4.png,DoS
faststone,fsviewer-ACCESS_VIOLATION_READ_c0000005__unknown+1716b998__7beccf618b131397.png,/Users/ebukaobi/Desktop/Arts Demands/fsviewer/fsviewer-crashes/fsviewer-ACCESS_VIOLATION_READ_c0000005__unknown+1716b998__7beccf618b131397.png,WRITE
faststone,fsviewer-ACCESS_VIOLATION_READ_c0000005__unknown+1717b84a__d08c85dacebdb2bf.png,/Users/ebukaobi/Desktop/Arts Demands/fsviewer/fsviewer-crashes/fsviewer-ACCESS_VIOLATION_READ_c0000005__unknown+1717b84a__d08c85dacebdb2bf.png,DoS
faststone,fsviewer-ACCESS_VIOLATION_READ_c0000005__unknown+1717b8c0__4a5fa8249dc79401.png,/Users/ebukaobi/Desktop/Arts Demands/fsviewer/fsviewer-crashes/fsviewer-ACCESS_VIOLATION_READ_c0000005__unknown+1717b8c0__4a5fa8249dc79401.png,WRITE
faststone,fsviewer-ACCESS_VIOLATION_READ_c0000005__unknown+1718ab69__ec0bdf6065c8e8d9.png,/Users/ebukaobi/Desktop/Arts Demands/fsviewer/fsviewer-crashes/fsviewer-ACCESS_VIOLATION_READ_c0000005__unknown+1718ab69__ec0bdf6065c8e8d9.png,DoS
faststone,fsviewer-ACCESS_VIOLATION_READ_c0000005__unknown+1718b8a1__86dc40d57dd48bfd.png,/Users/ebukaobi/Desktop/Arts Demands/fsviewer/fsviewer-crashes/fsviewer-ACCESS_VIOLATION_READ_c0000005__unknown+1718b8a1__86dc40d57dd48bfd.png,DoS
faststone,fsviewer-ACCESS_VIOLATION_READ_c0000005__unknown+1719c20a__b7c354d033c9919e.png,/Users/ebukaobi/Desktop/Arts Demands/fsviewer/fsviewer-crashes/fsviewer-ACCESS_VIOLATION_READ_c0000005__unknown+1719c20a__b7c354d033c9919e.png,DoS
faststone,fsviewer-ACCESS_VIOLATION_READ_c0000005__unknown+171a4bd2__f8d3304493fff210.png,/Users/ebukaobi/Desktop/Arts Demands/fsviewer/fsviewer-crashes/fsviewer-ACCESS_VIOLATION_READ_c0000005__unknown+171a4bd2__f8d3304493fff210.png,WRITE
faststone,fsviewer-ACCESS_VIOLATION_READ_c0000005__unknown+171bb7d8__91c66edcd6adeca5.png,/Users/ebukaobi/Desktop/Arts Demands/fsviewer/fsviewer-crashes/fsviewer-ACCESS_VIOLATION_READ_c0000005__unknown+171bb7d8__91c66edcd6adeca5.png,DoS
faststone,fsviewer-ACCESS_VIOLATION_READ_c0000005__unknown+171bc19c__df7dac7edf66652c.png,/Users/ebukaobi/Desktop/Arts Demands/fsviewer/fsviewer-crashes/fsviewer-ACCESS_VIOLATION_READ_c0000005__unknown+171bc19c__df7dac7edf66652c.png,DoS
faststone,fsviewer-ACCESS_VIOLATION_READ_c0000005__unknown+171cc2b9__37ca7b74b8ac9693.png,/Users/ebukaobi/Desktop/Arts Demands/fsviewer/fsviewer-crashes/fsviewer-ACCESS_VIOLATION_READ_c0000005__unknown+171cc2b9__37ca7b74b8ac9693.png,DoS
faststone,fsviewer-ACCESS_VIOLATION_READ_c0000005__unknown+171db8eb__e446ae62224a16a6.png,/Users/ebukaobi/Desktop/Arts Demands/fsviewer/fsviewer-crashes/fsviewer-ACCESS_VIOLATION_READ_c0000005__unknown+171db8eb__e446ae62224a16a6.png,DoS
faststone,fsviewer-ACCESS_VIOLATION_READ_c0000005__unknown+1724bdc4__2c24dce27a007aed.png,/Users/ebukaobi/Desktop/Arts Demands/fsviewer/fsviewer-crashes/fsviewer-ACCESS_VIOLATION_READ_c0000005__unknown+1724bdc4__2c24dce27a007aed.png,READ
faststone,fsviewer-ACCESS_VIOLATION_READ_c0000005__unknown+1726b755__f54c8905cbb94d45.png,/Users/ebukaobi/Desktop/Arts Demands/fsviewer/fsviewer-crashes/fsviewer-ACCESS_VIOLATION_READ_c0000005__unknown+1726b755__f54c8905cbb94d45.png,DoS
faststone,fsviewer-ACCESS_VIOLATION_READ_c0000005__unknown+1727ab3f__946d1de0de81a3ff.png,/Users/ebukaobi/Desktop/Arts Demands/fsviewer/fsviewer-crashes/fsviewer-ACCESS_VIOLATION_READ_c0000005__unknown+1727ab3f__946d1de0de81a3ff.png,DoS
faststone,fsviewer-ACCESS_VIOLATION_READ_c0000005__unknown+1727b7ae__e481418fda226365.png,/Users/ebukaobi/Desktop/Arts Demands/fsviewer/fsviewer-crashes/fsviewer-ACCESS_VIOLATION_READ_c0000005__unknown+1727b7ae__e481418fda226365.png,DoS
faststone,fsviewer-ACCESS_VIOLATION_READ_c0000005__unknown+1727b7d8__2f02ba160f258e9e.png,/Users/ebukaobi/Desktop/Arts Demands/fsviewer/fsviewer-crashes/fsviewer-ACCESS_VIOLATION_READ_c0000005__unknown+1727b7d8__2f02ba160f258e9e.png,READ
faststone,fsviewer-ACCESS_VIOLATION_READ_c0000005__unknown+1727b953__fc51c7083e8c1719.png,/Users/ebukaobi/Desktop/Arts Demands/fsviewer/fsviewer-crashes/fsviewer-ACCESS_VIOLATION_READ_c0000005__unknown+1727b953__fc51c7083e8c1719.png,READ
faststone,fsviewer-ACCESS_VIOLATION_READ_c0000005__unknown+1727bbe8__c5f9fbdac05d6f00.png,/Users/ebukaobi/Desktop/Arts Demands/fsviewer/fsviewer-crashes/fsviewer-ACCESS_VIOLATION_READ_c0000005__unknown+1727bbe8__c5f9fbdac05d6f00.png,READ
faststone,fsviewer-ACCESS_VIOLATION_READ_c0000005__unknown+1728ab52__a9207bb406e3882e.png,/Users/ebukaobi/Desktop/Arts Demands/fsviewer/fsviewer-crashes/fsviewer-ACCESS_VIOLATION_READ_c0000005__unknown+1728ab52__a9207bb406e3882e.png,DoS
faststone,fsviewer-ACCESS_VIOLATION_READ_c0000005__unknown+1728aef3__a85e3e2d95aa89c6.png,/Users/ebukaobi/Desktop/Arts Demands/fsviewer/fsviewer-crashes/fsviewer-ACCESS_VIOLATION_READ_c0000005__unknown+1728aef3__a85e3e2d95aa89c6.png,READ
faststone,fsviewer-ACCESS_VIOLATION_READ_c0000005__unknown+1728b853__e642245a57e3ab52.png,/Users/ebukaobi/Desktop/Arts Demands/fsviewer/fsviewer-crashes/fsviewer-ACCESS_VIOLATION_READ_c0000005__unknown+1728b853__e642245a57e3ab52.png,DoS
faststone,fsviewer-ACCESS_VIOLATION_READ_c0000005__unknown+1728bdb9__4298affa42fbacf7.png,/Users/ebukaobi/Desktop/Arts Demands/fsviewer/fsviewer-crashes/fsviewer-ACCESS_VIOLATION_READ_c0000005__unknown+1728bdb9__4298affa42fbacf7.png,READ
faststone,fsviewer-ACCESS_VIOLATION_READ_c0000005__unknown+1729ab3f__eb2c7ea54dfbf358.png,/Users/ebukaobi/Desktop/Arts Demands/fsviewer/fsviewer-crashes/fsviewer-ACCESS_VIOLATION_READ_c0000005__unknown+1729ab3f__eb2c7ea54dfbf358.png,READ
faststone,fsviewer-ACCESS_VIOLATION_READ_c0000005__unknown+1729abd5__5333ca62e3c524d8.png,/Users/ebukaobi/Desktop/Arts Demands/fsviewer/fsviewer-crashes/fsviewer-ACCESS_VIOLATION_READ_c0000005__unknown+1729abd5__5333ca62e3c524d8.png,READ
faststone,fsviewer-ACCESS_VIOLATION_READ_c0000005__unknown+172aaca1__21766bf2e2da068e.png,/Users/ebukaobi/Desktop/Arts Demands/fsviewer/fsviewer-crashes/fsviewer-ACCESS_VIOLATION_READ_c0000005__unknown+172aaca1__21766bf2e2da068e.png,READ
faststone,fsviewer-ACCESS_VIOLATION_READ_c0000005__unknown+172ab7d8__ef6ab59367cb5fa3.png,/Users/ebukaobi/Desktop/Arts Demands/fsviewer/fsviewer-crashes/fsviewer-ACCESS_VIOLATION_READ_c0000005__unknown+172ab7d8__ef6ab59367cb5fa3.png,READ
faststone,fsviewer-ACCESS_VIOLATION_READ_c0000005__unknown+172ab834__1b0e9948284c782f.png,/Users/ebukaobi/Desktop/Arts Demands/fsviewer/fsviewer-crashes/fsviewer-ACCESS_VIOLATION_READ_c0000005__unknown+172ab834__1b0e9948284c782f.png,DoS
faststone,fsviewer-ACCESS_VIOLATION_READ_c0000005__unknown+172ac15b__a98508a342d9c41c.png,/Users/ebukaobi/Desktop/Arts Demands/fsviewer/fsviewer-crashes/fsviewer-ACCESS_VIOLATION_READ_c0000005__unknown+172ac15b__a98508a342d9c41c.png,DoS
faststone,fsviewer-ACCESS_VIOLATION_READ_c0000005__unknown+172b54f6__071b8294e1d6c0fe.png,/Users/ebukaobi/Desktop/Arts Demands/fsviewer/fsviewer-crashes/fsviewer-ACCESS_VIOLATION_READ_c0000005__unknown+172b54f6__071b8294e1d6c0fe.png,DoS
faststone,fsviewer-ACCESS_VIOLATION_READ_c0000005__unknown+172b5972__33e1baa89d34fee3.png,/Users/ebukaobi/Desktop/Arts Demands/fsviewer/fsviewer-crashes/fsviewer-ACCESS_VIOLATION_READ_c0000005__unknown+172b5972__33e1baa89d34fee3.png,WRITE
faststone,fsviewer-ACCESS_VIOLATION_READ_c0000005__unknown+172bab69__b54e805e0a242866.png,/Users/ebukaobi/Desktop/Arts Demands/fsviewer/fsviewer-crashes/fsviewer-ACCESS_VIOLATION_READ_c0000005__unknown+172bab69__b54e805e0a242866.png,DoS
faststone,fsviewer-ACCESS_VIOLATION_READ_c0000005__unknown+172bac1b__84359734e8016e87.png,/Users/ebukaobi/Desktop/Arts Demands/fsviewer/fsviewer-crashes/fsviewer-ACCESS_VIOLATION_READ_c0000005__unknown+172bac1b__84359734e8016e87.png,READ
faststone,fsviewer-ACCESS_VIOLATION_READ_c0000005__unknown+172bae81__e19323bfe8095a19.png,/Users/ebukaobi/Desktop/Arts Demands/fsviewer/fsviewer-crashes/fsviewer-ACCESS_VIOLATION_READ_c0000005__unknown+172bae81__e19323bfe8095a19.png,DoS
faststone,fsviewer-ACCESS_VIOLATION_READ_c0000005__unknown+172bb3c7__57b2b65a2dc4234a.png,/Users/ebukaobi/Desktop/Arts Demands/fsviewer/fsviewer-crashes/fsviewer-ACCESS_VIOLATION_READ_c0000005__unknown+172bb3c7__57b2b65a2dc4234a.png,READ
faststone,fsviewer-ACCESS_VIOLATION_READ_c0000005__unknown+172bb876__63afe71c030cfdfe.png,/Users/ebukaobi/Desktop/Arts Demands/fsviewer/fsviewer-crashes/fsviewer-ACCESS_VIOLATION_READ_c0000005__unknown+172bb876__63afe71c030cfdfe.png,READ
faststone,fsviewer-ACCESS_VIOLATION_READ_c0000005__unknown+172bbd55__a21c0e87ef49c917.png,/Users/ebukaobi/Desktop/Arts Demands/fsviewer/fsviewer-crashes/fsviewer-ACCESS_VIOLATION_READ_c0000005__unknown+172bbd55__a21c0e87ef49c917.png,READ
faststone,fsviewer-ACCESS_VIOLATION_READ_c0000005__unknown+172c2b32__7927354f1f2c2e93.png,/Users/ebukaobi/Desktop/Arts Demands/fsviewer/fsviewer-crashes/fsviewer-ACCESS_VIOLATION_READ_c0000005__unknown+172c2b32__7927354f1f2c2e93.png,DoS
faststone,fsviewer-ACCESS_VIOLATION_READ_c0000005__unknown+172cac28__42489b92b3277d44.png,/Users/ebukaobi/Desktop/Arts Demands/fsviewer/fsviewer-crashes/fsviewer-ACCESS_VIOLATION_READ_c0000005__unknown+172cac28__42489b92b3277d44.png,DoS
faststone,fsviewer-ACCESS_VIOLATION_READ_c0000005__unknown+172d3f6a__dd23298c4009bbd8.png,/Users/ebukaobi/Desktop/Arts Demands/fsviewer/fsviewer-crashes/fsviewer-ACCESS_VIOLATION_READ_c0000005__unknown+172d3f6a__dd23298c4009bbd8.png,DoS
faststone,fsviewer-ACCESS_VIOLATION_READ_c0000005__unknown+172d405f__fbc1c327390d8ed4.png,/Users/ebukaobi/Desktop/Arts Demands/fsviewer/fsviewer-crashes/fsviewer-ACCESS_VIOLATION_READ_c0000005__unknown+172d405f__fbc1c327390d8ed4.png,WRITE
faststone,fsviewer-ACCESS_VIOLATION_READ_c0000005__unknown+172dab0c__d9809b4e9fac9b78.png,/Users/ebukaobi/Desktop/Arts Demands/fsviewer/fsviewer-crashes/fsviewer-ACCESS_VIOLATION_READ_c0000005__unknown+172dab0c__d9809b4e9fac9b78.png,READ
faststone,fsviewer-ACCESS_VIOLATION_READ_c0000005__unknown+172dab0f__b0cbdff9cf3d6785.png,/Users/ebukaobi/Desktop/Arts Demands/fsviewer/fsviewer-crashes/fsviewer-ACCESS_VIOLATION_READ_c0000005__unknown+172dab0f__b0cbdff9cf3d6785.png,DoS
faststone,fsviewer-ACCESS_VIOLATION_READ_c0000005__unknown+172db7d8__202c6fd6a8bc0f67.png,/Users/ebukaobi/Desktop/Arts Demands/fsviewer/fsviewer-crashes/fsviewer-ACCESS_VIOLATION_READ_c0000005__unknown+172db7d8__202c6fd6a8bc0f67.png,DoS
faststone,fsviewer-ACCESS_VIOLATION_READ_c0000005__unknown+172deca8__7d00ec15d939c525.png,/Users/ebukaobi/Desktop/Arts Demands/fsviewer/fsviewer-crashes/fsviewer-ACCESS_VIOLATION_READ_c0000005__unknown+172deca8__7d00ec15d939c525.png,WRITE
faststone,fsviewer-ACCESS_VIOLATION_READ_c0000005__unknown+172e5edb__dcaa4293b673c528.png,/Users/ebukaobi/Desktop/Arts Demands/fsviewer/fsviewer-crashes/fsviewer-ACCESS_VIOLATION_READ_c0000005__unknown+172e5edb__dcaa4293b673c528.png,WRITE
faststone,fsviewer-ACCESS_VIOLATION_READ_c0000005__unknown+172eb613__1b4d405ce2171213.png,/Users/ebukaobi/Desktop/Arts Demands/fsviewer/fsviewer-crashes/fsviewer-ACCESS_VIOLATION_READ_c0000005__unknown+172eb613__1b4d405ce2171213.png,READ
faststone,fsviewer-ACCESS_VIOLATION_READ_c0000005__unknown+172eb756__c5cb1e9504376e7d.png,/Users/ebukaobi/Desktop/Arts Demands/fsviewer/fsviewer-crashes/fsviewer-ACCESS_VIOLATION_READ_c0000005__unknown+172eb756__c5cb1e9504376e7d.png,READ
faststone,fsviewer-ACCESS_VIOLATION_READ_c0000005__unknown+172eb8cf__baf3877b6db611a9.png,/Users/ebukaobi/Desktop/Arts Demands/fsviewer/fsviewer-crashes/fsviewer-ACCESS_VIOLATION_READ_c0000005__unknown+172eb8cf__baf3877b6db611a9.png,READ
faststone,fsviewer-ACCESS_VIOLATION_READ_c0000005__unknown+172ec1ed__6af04e1fde953397.png,/Users/ebukaobi/Desktop/Arts Demands/fsviewer/fsviewer-crashes/fsviewer-ACCESS_VIOLATION_READ_c0000005__unknown+172ec1ed__6af04e1fde953397.png,DoS
faststone,fsviewer-ACCESS_VIOLATION_READ_c0000005__unknown+172f565c__c4535785b294b880.png,/Users/ebukaobi/Desktop/Arts Demands/fsviewer/fsviewer-crashes/fsviewer-ACCESS_VIOLATION_READ_c0000005__unknown+172f565c__c4535785b294b880.png,WRITE
faststone,fsviewer-ACCESS_VIOLATION_READ_c0000005__unknown+172fab44__4479b551efd323d9.png,/Users/ebukaobi/Desktop/Arts Demands/fsviewer/fsviewer-crashes/fsviewer-ACCESS_VIOLATION_READ_c0000005__unknown+172fab44__4479b551efd323d9.png,READ
faststone,fsviewer-ACCESS_VIOLATION_READ_c0000005__unknown+172fbb8b__c652633f2ed1f032.png,/Users/ebukaobi/Desktop/Arts Demands/fsviewer/fsviewer-crashes/fsviewer-ACCESS_VIOLATION_READ_c0000005__unknown+172fbb8b__c652633f2ed1f032.png,READ
faststone,fsviewer-ACCESS_VIOLATION_READ_c0000005__unknown+17302b42__f13b66b129ff852d.png,/Users/ebukaobi/Desktop/Arts Demands/fsviewer/fsviewer-crashes/fsviewer-ACCESS_VIOLATION_READ_c0000005__unknown+17302b42__f13b66b129ff852d.png,DoS
faststone,fsviewer-ACCESS_VIOLATION_READ_c0000005__unknown+17303fb1__9f16aa45f618f3b0.png,/Users/ebukaobi/Desktop/Arts Demands/fsviewer/fsviewer-crashes/fsviewer-ACCESS_VIOLATION_READ_c0000005__unknown+17303fb1__9f16aa45f618f3b0.png,DoS
faststone,fsviewer-ACCESS_VIOLATION_READ_c0000005__unknown+17312f27__98222d9117179364.png,/Users/ebukaobi/Desktop/Arts Demands/fsviewer/fsviewer-crashes/fsviewer-ACCESS_VIOLATION_READ_c0000005__unknown+17312f27__98222d9117179364.png,READ
faststone,fsviewer-ACCESS_VIOLATION_READ_c0000005__unknown+173140a2__54b9d0badd71ac7c.png,/Users/ebukaobi/Desktop/Arts Demands/fsviewer/fsviewer-crashes/fsviewer-ACCESS_VIOLATION_READ_c0000005__unknown+173140a2__54b9d0badd71ac7c.png,DoS
faststone,fsviewer-ACCESS_VIOLATION_READ_c0000005__unknown+17314be0__276886c8ecb9dc5c.png,/Users/ebukaobi/Desktop/Arts Demands/fsviewer/fsviewer-crashes/fsviewer-ACCESS_VIOLATION_READ_c0000005__unknown+17314be0__276886c8ecb9dc5c.png,WRITE
faststone,fsviewer-ACCESS_VIOLATION_READ_c0000005__unknown+173151d3__4b8dfcdfdae660a3.png,/Users/ebukaobi/Desktop/Arts Demands/fsviewer/fsviewer-crashes/fsviewer-ACCESS_VIOLATION_READ_c0000005__unknown+173151d3__4b8dfcdfdae660a3.png,DoS
faststone,fsviewer-ACCESS_VIOLATION_READ_c0000005__unknown+1731aefc__2e4c41f977e290f7.png,/Users/ebukaobi/Desktop/Arts Demands/fsviewer/fsviewer-crashes/fsviewer-ACCESS_VIOLATION_READ_c0000005__unknown+1731aefc__2e4c41f977e290f7.png,READ
faststone,fsviewer-ACCESS_VIOLATION_READ_c0000005__unknown+1731b7d8__31425b4dadb07420.png,/Users/ebukaobi/Desktop/Arts Demands/fsviewer/fsviewer-crashes/fsviewer-ACCESS_VIOLATION_READ_c0000005__unknown+1731b7d8__31425b4dadb07420.png,DoS
faststone,fsviewer-ACCESS_VIOLATION_READ_c0000005__unknown+1732429e__e423dd267e1efca0.png,/Users/ebukaobi/Desktop/Arts Demands/fsviewer/fsviewer-crashes/fsviewer-ACCESS_VIOLATION_READ_c0000005__unknown+1732429e__e423dd267e1efca0.png,DoS
faststone,fsviewer-ACCESS_VIOLATION_READ_c0000005__unknown+173249bb__98e6c1136c1a9a7e.png,/Users/ebukaobi/Desktop/Arts Demands/fsviewer/fsviewer-crashes/fsviewer-ACCESS_VIOLATION_READ_c0000005__unknown+173249bb__98e6c1136c1a9a7e.png,DoS
faststone,fsviewer-ACCESS_VIOLATION_READ_c0000005__unknown+1732dd4f__8871804a16400b1f.png,/Users/ebukaobi/Desktop/Arts Demands/fsviewer/fsviewer-crashes/fsviewer-ACCESS_VIOLATION_READ_c0000005__unknown+1732dd4f__8871804a16400b1f.png,READ
faststone,fsviewer-ACCESS_VIOLATION_READ_c0000005__unknown+1732e964__a3c5974ed213ae7c.png,/Users/ebukaobi/Desktop/Arts Demands/fsviewer/fsviewer-crashes/fsviewer-ACCESS_VIOLATION_READ_c0000005__unknown+1732e964__a3c5974ed213ae7c.png,DoS
faststone,fsviewer-ACCESS_VIOLATION_READ_c0000005__unknown+173324e7__510498c73b4443c7.png,/Users/ebukaobi/Desktop/Arts Demands/fsviewer/fsviewer-crashes/fsviewer-ACCESS_VIOLATION_READ_c0000005__unknown+173324e7__510498c73b4443c7.png,READ
faststone,fsviewer-ACCESS_VIOLATION_READ_c0000005__unknown+173343ce__dbe7439e0cab7eb0.png,/Users/ebukaobi/Desktop/Arts Demands/fsviewer/fsviewer-crashes/fsviewer-ACCESS_VIOLATION_READ_c0000005__unknown+173343ce__dbe7439e0cab7eb0.png,DoS
faststone,fsviewer-ACCESS_VIOLATION_READ_c0000005__unknown+173357e4__c08bb04972a8282d.png,/Users/ebukaobi/Desktop/Arts Demands/fsviewer/fsviewer-crashes/fsviewer-ACCESS_VIOLATION_READ_c0000005__unknown+173357e4__c08bb04972a8282d.png,DoS
faststone,fsviewer-ACCESS_VIOLATION_READ_c0000005__unknown+17335d18__9d837cdf6bcd8a6d.png,/Users/ebukaobi/Desktop/Arts Demands/fsviewer/fsviewer-crashes/fsviewer-ACCESS_VIOLATION_READ_c0000005__unknown+17335d18__9d837cdf6bcd8a6d.png,DoS
faststone,fsviewer-ACCESS_VIOLATION_READ_c0000005__unknown+173448c8__f7de4ba6533cfd85.png,/Users/ebukaobi/Desktop/Arts Demands/fsviewer/fsviewer-crashes/fsviewer-ACCESS_VIOLATION_READ_c0000005__unknown+173448c8__f7de4ba6533cfd85.png,DoS
faststone,fsviewer-ACCESS_VIOLATION_READ_c0000005__unknown+17345ada__e409282b9a0d2525.png,/Users/ebukaobi/Desktop/Arts Demands/fsviewer/fsviewer-crashes/fsviewer-ACCESS_VIOLATION_READ_c0000005__unknown+17345ada__e409282b9a0d2525.png,DoS
faststone,fsviewer-ACCESS_VIOLATION_READ_c0000005__unknown+173468f8__6bd9b04abc57efb0.png,/Users/ebukaobi/Desktop/Arts Demands/fsviewer/fsviewer-crashes/fsviewer-ACCESS_VIOLATION_READ_c0000005__unknown+173468f8__6bd9b04abc57efb0.png,READ
faststone,fsviewer-ACCESS_VIOLATION_READ_c0000005__unknown+1734a47f__639c5c157596a987.png,/Users/ebukaobi/Desktop/Arts Demands/fsviewer/fsviewer-crashes/fsviewer-ACCESS_VIOLATION_READ_c0000005__unknown+1734a47f__639c5c157596a987.png,READ
faststone,fsviewer-ACCESS_VIOLATION_READ_c0000005__unknown+17355fd1__929c39cc10ac8ad7.png,/Users/ebukaobi/Desktop/Arts Demands/fsviewer/fsviewer-crashes/fsviewer-ACCESS_VIOLATION_READ_c0000005__unknown+17355fd1__929c39cc10ac8ad7.png,READ
faststone,fsviewer-ACCESS_VIOLATION_READ_c0000005__unknown+173634bb__b58aac213ae4a615.png,/Users/ebukaobi/Desktop/Arts Demands/fsviewer/fsviewer-crashes/fsviewer-ACCESS_VIOLATION_READ_c0000005__unknown+173634bb__b58aac213ae4a615.png,READ
faststone,fsviewer-ACCESS_VIOLATION_READ_c0000005__unknown+173651f6__b4ff77e9f62a141b.png,/Users/ebukaobi/Desktop/Arts Demands/fsviewer/fsviewer-crashes/fsviewer-ACCESS_VIOLATION_READ_c0000005__unknown+173651f6__b4ff77e9f62a141b.png,WRITE
faststone,fsviewer-ACCESS_VIOLATION_READ_c0000005__unknown+173691bd__7341babb1561da3f.png,/Users/ebukaobi/Desktop/Arts Demands/fsviewer/fsviewer-crashes/fsviewer-ACCESS_VIOLATION_READ_c0000005__unknown+173691bd__7341babb1561da3f.png,DoS
faststone,fsviewer-ACCESS_VIOLATION_READ_c0000005__unknown+173709fa__924907a952610c3e.png,/Users/ebukaobi/Desktop/Arts Demands/fsviewer/fsviewer-crashes/fsviewer-ACCESS_VIOLATION_READ_c0000005__unknown+173709fa__924907a952610c3e.png,READ
faststone,fsviewer-ACCESS_VIOLATION_READ_c0000005__unknown+17372b91__8404b8110d06bd44.png,/Users/ebukaobi/Desktop/Arts Demands/fsviewer/fsviewer-crashes/fsviewer-ACCESS_VIOLATION_READ_c0000005__unknown+17372b91__8404b8110d06bd44.png,DoS
faststone,fsviewer-ACCESS_VIOLATION_READ_c0000005__unknown+1737be37__f701515bcc85fdcd.png,/Users/ebukaobi/Desktop/Arts Demands/fsviewer/fsviewer-crashes/fsviewer-ACCESS_VIOLATION_READ_c0000005__unknown+1737be37__f701515bcc85fdcd.png,READ
faststone,fsviewer-ACCESS_VIOLATION_READ_c0000005__unknown+1737e1a7__e73afd7d911355e1.png,/Users/ebukaobi/Desktop/Arts Demands/fsviewer/fsviewer-crashes/fsviewer-ACCESS_VIOLATION_READ_c0000005__unknown+1737e1a7__e73afd7d911355e1.png,READ
faststone,fsviewer-ACCESS_VIOLATION_READ_c0000005__unknown+1737f064__fe42298f07e6fe44.png,/Users/ebukaobi/Desktop/Arts Demands/fsviewer/fsviewer-crashes/fsviewer-ACCESS_VIOLATION_READ_c0000005__unknown+1737f064__fe42298f07e6fe44.png,READ
faststone,fsviewer-ACCESS_VIOLATION_READ_c0000005__unknown+17383284__12c9118c7ec78a89.png,/Users/ebukaobi/Desktop/Arts Demands/fsviewer/fsviewer-crashes/fsviewer-ACCESS_VIOLATION_READ_c0000005__unknown+17383284__12c9118c7ec78a89.png,READ
faststone,fsviewer-ACCESS_VIOLATION_READ_c0000005__unknown+173872f8__cb0e0717eaee0a76.png,/Users/ebukaobi/Desktop/Arts Demands/fsviewer/fsviewer-crashes/fsviewer-ACCESS_VIOLATION_READ_c0000005__unknown+173872f8__cb0e0717eaee0a76.png,READ
faststone,fsviewer-ACCESS_VIOLATION_READ_c0000005__unknown+1738ed6d__10a3a40af9494dfb.png,/Users/ebukaobi/Desktop/Arts Demands/fsviewer/fsviewer-crashes/fsviewer-ACCESS_VIOLATION_READ_c0000005__unknown+1738ed6d__10a3a40af9494dfb.png,DoS
faststone,fsviewer-ACCESS_VIOLATION_READ_c0000005__unknown+17392c69__805a6a0daaae3d2b.png,/Users/ebukaobi/Desktop/Arts Demands/fsviewer/fsviewer-crashes/fsviewer-ACCESS_VIOLATION_READ_c0000005__unknown+17392c69__805a6a0daaae3d2b.png,READ
faststone,fsviewer-ACCESS_VIOLATION_READ_c0000005__unknown+17394742__966068a4ff47ae82.png,/Users/ebukaobi/Desktop/Arts Demands/fsviewer/fsviewer-crashes/fsviewer-ACCESS_VIOLATION_READ_c0000005__unknown+17394742__966068a4ff47ae82.png,READ
faststone,fsviewer-ACCESS_VIOLATION_READ_c0000005__unknown+17395746__7722b5ee5339e8c1.png,/Users/ebukaobi/Desktop/Arts Demands/fsviewer/fsviewer-crashes/fsviewer-ACCESS_VIOLATION_READ_c0000005__unknown+17395746__7722b5ee5339e8c1.png,READ
faststone,fsviewer-ACCESS_VIOLATION_READ_c0000005__unknown+17399512__57f902df68d0dad9.png,/Users/ebukaobi/Desktop/Arts Demands/fsviewer/fsviewer-crashes/fsviewer-ACCESS_VIOLATION_READ_c0000005__unknown+17399512__57f902df68d0dad9.png,READ
faststone,fsviewer-ACCESS_VIOLATION_READ_c0000005__unknown+1739a70b__98559084f60ced4d.png,/Users/ebukaobi/Desktop/Arts Demands/fsviewer/fsviewer-crashes/fsviewer-ACCESS_VIOLATION_READ_c0000005__unknown+1739a70b__98559084f60ced4d.png,READ
faststone,fsviewer-ACCESS_VIOLATION_READ_c0000005__unknown+1739ed84__f126638fc326effa.png,/Users/ebukaobi/Desktop/Arts Demands/fsviewer/fsviewer-crashes/fsviewer-ACCESS_VIOLATION_READ_c0000005__unknown+1739ed84__f126638fc326effa.png,READ
faststone,fsviewer-ACCESS_VIOLATION_READ_c0000005__unknown+1739fa51__b34592ac46ba97af.png,/Users/ebukaobi/Desktop/Arts Demands/fsviewer/fsviewer-crashes/fsviewer-ACCESS_VIOLATION_READ_c0000005__unknown+1739fa51__b34592ac46ba97af.png,READ
faststone,fsviewer-ACCESS_VIOLATION_READ_c0000005__unknown+173a648f__17d570721bd8421c.png,/Users/ebukaobi/Desktop/Arts Demands/fsviewer/fsviewer-crashes/fsviewer-ACCESS_VIOLATION_READ_c0000005__unknown+173a648f__17d570721bd8421c.png,READ
faststone,fsviewer-ACCESS_VIOLATION_READ_c0000005__unknown+173a98c0__44150658fa0f1466.png,/Users/ebukaobi/Desktop/Arts Demands/fsviewer/fsviewer-crashes/fsviewer-ACCESS_VIOLATION_READ_c0000005__unknown+173a98c0__44150658fa0f1466.png,READ
faststone,fsviewer-ACCESS_VIOLATION_READ_c0000005__unknown+173ac288__74c632f0181fe862.png,/Users/ebukaobi/Desktop/Arts Demands/fsviewer/fsviewer-crashes/fsviewer-ACCESS_VIOLATION_READ_c0000005__unknown+173ac288__74c632f0181fe862.png,READ
faststone,fsviewer-ACCESS_VIOLATION_READ_c0000005__unknown+173b2f0a__f16e52277f0d5a61.png,/Users/ebukaobi/Desktop/Arts Demands/fsviewer/fsviewer-crashes/fsviewer-ACCESS_VIOLATION_READ_c0000005__unknown+173b2f0a__f16e52277f0d5a61.png,READ
faststone,fsviewer-ACCESS_VIOLATION_READ_c0000005__unknown+173b7c53__238e946411aa734d.png,/Users/ebukaobi/Desktop/Arts Demands/fsviewer/fsviewer-crashes/fsviewer-ACCESS_VIOLATION_READ_c0000005__unknown+173b7c53__238e946411aa734d.png,READ
faststone,fsviewer-ACCESS_VIOLATION_READ_c0000005__unknown+173bb76b__a43c353553431f53.png,/Users/ebukaobi/Desktop/Arts Demands/fsviewer/fsviewer-crashes/fsviewer-ACCESS_VIOLATION_READ_c0000005__unknown+173bb76b__a43c353553431f53.png,READ
faststone,fsviewer-ACCESS_VIOLATION_READ_c0000005__unknown+173bead7__ef5d5e62d6811c89.png,/Users/ebukaobi/Desktop/Arts Demands/fsviewer/fsviewer-crashes/fsviewer-ACCESS_VIOLATION_READ_c0000005__unknown+173bead7__ef5d5e62d6811c89.png,READ
faststone,fsviewer-ACCESS_VIOLATION_READ_c0000005__unknown+173c1ba0__202aad9b86706bca.png,/Users/ebukaobi/Desktop/Arts Demands/fsviewer/fsviewer-crashes/fsviewer-ACCESS_VIOLATION_READ_c0000005__unknown+173c1ba0__202aad9b86706bca.png,DoS
faststone,fsviewer-ACCESS_VIOLATION_READ_c0000005__unknown+173c43b0__c2ad34bc5070463d.png,/Users/ebukaobi/Desktop/Arts Demands/fsviewer/fsviewer-crashes/fsviewer-ACCESS_VIOLATION_READ_c0000005__unknown+173c43b0__c2ad34bc5070463d.png,READ
faststone,fsviewer-ACCESS_VIOLATION_READ_c0000005__unknown+173c8fdd__bb6df9f72119ebdc.png,/Users/ebukaobi/Desktop/Arts Demands/fsviewer/fsviewer-crashes/fsviewer-ACCESS_VIOLATION_READ_c0000005__unknown+173c8fdd__bb6df9f72119ebdc.png,READ
faststone,fsviewer-ACCESS_VIOLATION_READ_c0000005__unknown+173cc367__36323d48afb421b0.png,/Users/ebukaobi/Desktop/Arts Demands/fsviewer/fsviewer-crashes/fsviewer-ACCESS_VIOLATION_READ_c0000005__unknown+173cc367__36323d48afb421b0.png,DoS
faststone,fsviewer-ACCESS_VIOLATION_READ_c0000005__unknown+173cfc5d__63590a09f67573fc.png,/Users/ebukaobi/Desktop/Arts Demands/fsviewer/fsviewer-crashes/fsviewer-ACCESS_VIOLATION_READ_c0000005__unknown+173cfc5d__63590a09f67573fc.png,READ
faststone,fsviewer-ACCESS_VIOLATION_READ_c0000005__unknown+173d44d5__76c523ff5ecac07a.png,/Users/ebukaobi/Desktop/Arts Demands/fsviewer/fsviewer-crashes/fsviewer-ACCESS_VIOLATION_READ_c0000005__unknown+173d44d5__76c523ff5ecac07a.png,READ
faststone,fsviewer-ACCESS_VIOLATION_READ_c0000005__unknown+173d7a86__7df75eb46042e17f.png,/Users/ebukaobi/Desktop/Arts Demands/fsviewer/fsviewer-crashes/fsviewer-ACCESS_VIOLATION_READ_c0000005__unknown+173d7a86__7df75eb46042e17f.png,READ
faststone,fsviewer-ACCESS_VIOLATION_READ_c0000005__unknown+173d9cde__6ae8605e9efcb4b3.png,/Users/ebukaobi/Desktop/Arts Demands/fsviewer/fsviewer-crashes/fsviewer-ACCESS_VIOLATION_READ_c0000005__unknown+173d9cde__6ae8605e9efcb4b3.png,DoS
faststone,fsviewer-ACCESS_VIOLATION_READ_c0000005__unknown+173e92ab__160bc46f0188a8f7.png,/Users/ebukaobi/Desktop/Arts Demands/fsviewer/fsviewer-crashes/fsviewer-ACCESS_VIOLATION_READ_c0000005__unknown+173e92ab__160bc46f0188a8f7.png,DoS
faststone,fsviewer-ACCESS_VIOLATION_READ_c0000005__unknown+173f5268__9d4cb5ab3872fed9.png,/Users/ebukaobi/Desktop/Arts Demands/fsviewer/fsviewer-crashes/fsviewer-ACCESS_VIOLATION_READ_c0000005__unknown+173f5268__9d4cb5ab3872fed9.png,DoS
faststone,fsviewer-ACCESS_VIOLATION_READ_c0000005__unknown+173f62fd__3994ccea34fb74d3.png,/Users/ebukaobi/Desktop/Arts Demands/fsviewer/fsviewer-crashes/fsviewer-ACCESS_VIOLATION_READ_c0000005__unknown+173f62fd__3994ccea34fb74d3.png,READ
faststone,fsviewer-ACCESS_VIOLATION_READ_c0000005__unknown+173fec9a__ee3d4480467e5a22.png,/Users/ebukaobi/Desktop/Arts Demands/fsviewer/fsviewer-crashes/fsviewer-ACCESS_VIOLATION_READ_c0000005__unknown+173fec9a__ee3d4480467e5a22.png,DoS
faststone,fsviewer-ACCESS_VIOLATION_READ_c0000005__unknown+173ff006__edcb06e412c3cb49.png,/Users/ebukaobi/Desktop/Arts Demands/fsviewer/fsviewer-crashes/fsviewer-ACCESS_VIOLATION_READ_c0000005__unknown+173ff006__edcb06e412c3cb49.png,READ
faststone,fsviewer-ACCESS_VIOLATION_READ_c0000005__unknown+1740ac96__5227d830cce82731.png,/Users/ebukaobi/Desktop/Arts Demands/fsviewer/fsviewer-crashes/fsviewer-ACCESS_VIOLATION_READ_c0000005__unknown+1740ac96__5227d830cce82731.png,READ
faststone,fsviewer-ACCESS_VIOLATION_READ_c0000005__unknown+17423eb2__155e980b83ba45ea.png,/Users/ebukaobi/Desktop/Arts Demands/fsviewer/fsviewer-crashes/fsviewer-ACCESS_VIOLATION_READ_c0000005__unknown+17423eb2__155e980b83ba45ea.png,READ
faststone,fsviewer-ACCESS_VIOLATION_READ_c0000005__unknown+1744416f__7d17f73b710e6373.png,/Users/ebukaobi/Desktop/Arts Demands/fsviewer/fsviewer-crashes/fsviewer-ACCESS_VIOLATION_READ_c0000005__unknown+1744416f__7d17f73b710e6373.png,DoS
faststone,fsviewer-ACCESS_VIOLATION_READ_c0000005__unknown+17444202__ae07443030df548a.png,/Users/ebukaobi/Desktop/Arts Demands/fsviewer/fsviewer-crashes/fsviewer-ACCESS_VIOLATION_READ_c0000005__unknown+17444202__ae07443030df548a.png,DoS
faststone,fsviewer-ACCESS_VIOLATION_READ_c0000005__unknown+174456c3__ce64e069cc8733c8.png,/Users/ebukaobi/Desktop/Arts Demands/fsviewer/fsviewer-crashes/fsviewer-ACCESS_VIOLATION_READ_c0000005__unknown+174456c3__ce64e069cc8733c8.png,WRITE
faststone,fsviewer-ACCESS_VIOLATION_READ_c0000005__unknown+17465495__23bf585f09d86636.png,/Users/ebukaobi/Desktop/Arts Demands/fsviewer/fsviewer-crashes/fsviewer-ACCESS_VIOLATION_READ_c0000005__unknown+17465495__23bf585f09d86636.png,DoS
faststone,fsviewer-ACCESS_VIOLATION_READ_c0000005__unknown+17484555__8146ddd32e32dd37.png,/Users/ebukaobi/Desktop/Arts Demands/fsviewer/fsviewer-crashes/fsviewer-ACCESS_VIOLATION_READ_c0000005__unknown+17484555__8146ddd32e32dd37.png,DoS
faststone,fsviewer-ACCESS_VIOLATION_READ_c0000005__unknown+17488698__e49c854d8acdebdc.png,/Users/ebukaobi/Desktop/Arts Demands/fsviewer/fsviewer-crashes/fsviewer-ACCESS_VIOLATION_READ_c0000005__unknown+17488698__e49c854d8acdebdc.png,READ
faststone,fsviewer-ACCESS_VIOLATION_READ_c0000005__vcruntime140+c54d__a94fbf72f993f2bf.png,/Users/ebukaobi/Desktop/Arts Demands/fsviewer/fsviewer-crashes/fsviewer-ACCESS_VIOLATION_READ_c0000005__vcruntime140+c54d__a94fbf72f993f2bf.png,WRITE
faststone,fsviewer-ACCESS_VIOLATION_WRITE_c0000005__driver_x32+7534c__c62e81f792b05a2f.png,/Users/ebukaobi/Desktop/Arts Demands/fsviewer/fsviewer-crashes/fsviewer-ACCESS_VIOLATION_WRITE_c0000005__driver_x32+7534c__c62e81f792b05a2f.png,WRITE
faststone,fsviewer-ACCESS_VIOLATION_WRITE_c0000005__fsviewer+1b987b__39316a9b04b900b2.png,/Users/ebukaobi/Desktop/Arts Demands/fsviewer/fsviewer-crashes/fsviewer-ACCESS_VIOLATION_WRITE_c0000005__fsviewer+1b987b__39316a9b04b900b2.png,DoS
faststone,fsviewer-ACCESS_VIOLATION_WRITE_c0000005__fsviewer+1b9883__e95097cbe811443c.png,/Users/ebukaobi/Desktop/Arts Demands/fsviewer/fsviewer-crashes/fsviewer-ACCESS_VIOLATION_WRITE_c0000005__fsviewer+1b9883__e95097cbe811443c.png,DoS
faststone,fsviewer-ACCESS_VIOLATION_WRITE_c0000005__fsviewer+1b988c__67860a1aa1e0297f.png,/Users/ebukaobi/Desktop/Arts Demands/fsviewer/fsviewer-crashes/fsviewer-ACCESS_VIOLATION_WRITE_c0000005__fsviewer+1b988c__67860a1aa1e0297f.png,DoS
faststone,fsviewer-ACCESS_VIOLATION_WRITE_c0000005__fsviewer+1b98c0__afcdaf1393e216b7.png,/Users/ebukaobi/Desktop/Arts Demands/fsviewer/fsviewer-crashes/fsviewer-ACCESS_VIOLATION_WRITE_c0000005__fsviewer+1b98c0__afcdaf1393e216b7.png,DoS
faststone,fsviewer-ACCESS_VIOLATION_WRITE_c0000005__fsviewer+1b98cf__a5e20d93b932428c.png,/Users/ebukaobi/Desktop/Arts Demands/fsviewer/fsviewer-crashes/fsviewer-ACCESS_VIOLATION_WRITE_c0000005__fsviewer+1b98cf__a5e20d93b932428c.png,DoS
faststone,fsviewer-ACCESS_VIOLATION_WRITE_c0000005__fsviewer+1b98df__fdee88f424501774.png,/Users/ebukaobi/Desktop/Arts Demands/fsviewer/fsviewer-crashes/fsviewer-ACCESS_VIOLATION_WRITE_c0000005__fsviewer+1b98df__fdee88f424501774.png,DoS
faststone,fsviewer-ACCESS_VIOLATION_WRITE_c0000005__fsviewer+1b998b__6561a46744d7726d.png,/Users/ebukaobi/Desktop/Arts Demands/fsviewer/fsviewer-crashes/fsviewer-ACCESS_VIOLATION_WRITE_c0000005__fsviewer+1b998b__6561a46744d7726d.png,WRITE
faststone,fsviewer-ACCESS_VIOLATION_WRITE_c0000005__fsviewer+1b9a32__86a9aafd1de15e3b.png,/Users/ebukaobi/Desktop/Arts Demands/fsviewer/fsviewer-crashes/fsviewer-ACCESS_VIOLATION_WRITE_c0000005__fsviewer+1b9a32__86a9aafd1de15e3b.png,WRITE
faststone,fsviewer-ACCESS_VIOLATION_WRITE_c0000005__fsviewer+1b9a4f__389411afc525eed9.png,/Users/ebukaobi/Desktop/Arts Demands/fsviewer/fsviewer-crashes/fsviewer-ACCESS_VIOLATION_WRITE_c0000005__fsviewer+1b9a4f__389411afc525eed9.png,WRITE
faststone,fsviewer-ACCESS_VIOLATION_WRITE_c0000005__fsviewer+1b9a6d__f763283e76a1a8b2.png,/Users/ebukaobi/Desktop/Arts Demands/fsviewer/fsviewer-crashes/fsviewer-ACCESS_VIOLATION_WRITE_c0000005__fsviewer+1b9a6d__f763283e76a1a8b2.png,DoS
faststone,fsviewer-ACCESS_VIOLATION_WRITE_c0000005__fsviewer+2d53__3111636f6a76b3ee.png,/Users/ebukaobi/Desktop/Arts Demands/fsviewer/fsviewer-crashes/fsviewer-ACCESS_VIOLATION_WRITE_c0000005__fsviewer+2d53__3111636f6a76b3ee.png,WRITE
faststone,fsviewer-ACCESS_VIOLATION_WRITE_c0000005__fsviewer+2d5a__c339fbcf05aaf8fe.png,/Users/ebukaobi/Desktop/Arts Demands/fsviewer/fsviewer-crashes/fsviewer-ACCESS_VIOLATION_WRITE_c0000005__fsviewer+2d5a__c339fbcf05aaf8fe.png,WRITE
faststone,fsviewer-ACCESS_VIOLATION_WRITE_c0000005__fsviewer+2d6d__61869e4594456f05.png,/Users/ebukaobi/Desktop/Arts Demands/fsviewer/fsviewer-crashes/fsviewer-ACCESS_VIOLATION_WRITE_c0000005__fsviewer+2d6d__61869e4594456f05.png,WRITE
faststone,fsviewer-ACCESS_VIOLATION_WRITE_c0000005__fsviewer+2d7a__5614815f007099c3.png,/Users/ebukaobi/Desktop/Arts Demands/fsviewer/fsviewer-crashes/fsviewer-ACCESS_VIOLATION_WRITE_c0000005__fsviewer+2d7a__5614815f007099c3.png,WRITE
faststone,fsviewer-ACCESS_VIOLATION_WRITE_c0000005__fsviewer+938f__6c7a9ad81c7eca95.png,/Users/ebukaobi/Desktop/Arts Demands/fsviewer/fsviewer-crashes/fsviewer-ACCESS_VIOLATION_WRITE_c0000005__fsviewer+938f__6c7a9ad81c7eca95.png,WRITE
faststone,fsviewer-ACCESS_VIOLATION_WRITE_c0000005__fsviewer+9522__49a18810d1000b37.png,/Users/ebukaobi/Desktop/Arts Demands/fsviewer/fsviewer-crashes/fsviewer-ACCESS_VIOLATION_WRITE_c0000005__fsviewer+9522__49a18810d1000b37.png,WRITE
faststone,fsviewer-ACCESS_VIOLATION_WRITE_c0000005__unknown+16706ec6__69bf93c7792679a2.png,/Users/ebukaobi/Desktop/Arts Demands/fsviewer/fsviewer-crashes/fsviewer-ACCESS_VIOLATION_WRITE_c0000005__unknown+16706ec6__69bf93c7792679a2.png,WRITE
faststone,fsviewer-ACCESS_VIOLATION_WRITE_c0000005__unknown+16716ec6__ef63436a609bd8a1.png,/Users/ebukaobi/Desktop/Arts Demands/fsviewer/fsviewer-crashes/fsviewer-ACCESS_VIOLATION_WRITE_c0000005__unknown+16716ec6__ef63436a609bd8a1.png,WRITE
faststone,fsviewer-ACCESS_VIOLATION_WRITE_c0000005__unknown+16726ec6__b3a024ed46e65f2d.png,/Users/ebukaobi/Desktop/Arts Demands/fsviewer/fsviewer-crashes/fsviewer-ACCESS_VIOLATION_WRITE_c0000005__unknown+16726ec6__b3a024ed46e65f2d.png,WRITE
faststone,fsviewer-ACCESS_VIOLATION_WRITE_c0000005__unknown+16736ec6__24838f469aa678f0.png,/Users/ebukaobi/Desktop/Arts Demands/fsviewer/fsviewer-crashes/fsviewer-ACCESS_VIOLATION_WRITE_c0000005__unknown+16736ec6__24838f469aa678f0.png,WRITE
faststone,fsviewer-ACCESS_VIOLATION_WRITE_c0000005__unknown+16746ec6__0639479947e6fc4d.png,/Users/ebukaobi/Desktop/Arts Demands/fsviewer/fsviewer-crashes/fsviewer-ACCESS_VIOLATION_WRITE_c0000005__unknown+16746ec6__0639479947e6fc4d.png,WRITE
faststone,fsviewer-ACCESS_VIOLATION_WRITE_c0000005__unknown+16756ec6__1067f77602b5ea5c.png,/Users/ebukaobi/Desktop/Arts Demands/fsviewer/fsviewer-crashes/fsviewer-ACCESS_VIOLATION_WRITE_c0000005__unknown+16756ec6__1067f77602b5ea5c.png,WRITE
faststone,fsviewer-ACCESS_VIOLATION_WRITE_c0000005__unknown+16766ec6__18398389ed636a41.png,/Users/ebukaobi/Desktop/Arts Demands/fsviewer/fsviewer-crashes/fsviewer-ACCESS_VIOLATION_WRITE_c0000005__unknown+16766ec6__18398389ed636a41.png,WRITE
faststone,fsviewer-ACCESS_VIOLATION_WRITE_c0000005__unknown+16776ec6__62d8356f00681d08.png,/Users/ebukaobi/Desktop/Arts Demands/fsviewer/fsviewer-crashes/fsviewer-ACCESS_VIOLATION_WRITE_c0000005__unknown+16776ec6__62d8356f00681d08.png,WRITE
faststone,fsviewer-ACCESS_VIOLATION_WRITE_c0000005__unknown+16786ec6__2d3991b2e498c5c9.png,/Users/ebukaobi/Desktop/Arts Demands/fsviewer/fsviewer-crashes/fsviewer-ACCESS_VIOLATION_WRITE_c0000005__unknown+16786ec6__2d3991b2e498c5c9.png,WRITE
faststone,fsviewer-ACCESS_VIOLATION_WRITE_c0000005__unknown+167c6ec6__c1357dd13a45454a.png,/Users/ebukaobi/Desktop/Arts Demands/fsviewer/fsviewer-crashes/fsviewer-ACCESS_VIOLATION_WRITE_c0000005__unknown+167c6ec6__c1357dd13a45454a.png,WRITE
faststone,fsviewer-ACCESS_VIOLATION_WRITE_c0000005__unknown+16806ec6__edb86ce47052437c.png,/Users/ebukaobi/Desktop/Arts Demands/fsviewer/fsviewer-crashes/fsviewer-ACCESS_VIOLATION_WRITE_c0000005__unknown+16806ec6__edb86ce47052437c.png,WRITE
faststone,fsviewer-ACCESS_VIOLATION_WRITE_c0000005__unknown+16816ec6__b42acc344419ceee.png,/Users/ebukaobi/Desktop/Arts Demands/fsviewer/fsviewer-crashes/fsviewer-ACCESS_VIOLATION_WRITE_c0000005__unknown+16816ec6__b42acc344419ceee.png,WRITE
faststone,fsviewer-ACCESS_VIOLATION_WRITE_c0000005__unknown+16826ec6__da8d6f3d7f6bb072.png,/Users/ebukaobi/Desktop/Arts Demands/fsviewer/fsviewer-crashes/fsviewer-ACCESS_VIOLATION_WRITE_c0000005__unknown+16826ec6__da8d6f3d7f6bb072.png,WRITE
faststone,fsviewer-ACCESS_VIOLATION_WRITE_c0000005__unknown+16836ec6__cb15ab85ee62eb33.png,/Users/ebukaobi/Desktop/Arts Demands/fsviewer/fsviewer-crashes/fsviewer-ACCESS_VIOLATION_WRITE_c0000005__unknown+16836ec6__cb15ab85ee62eb33.png,WRITE
faststone,fsviewer-ACCESS_VIOLATION_WRITE_c0000005__unknown+16846ec6__4b62ab832f8e09d3.png,/Users/ebukaobi/Desktop/Arts Demands/fsviewer/fsviewer-crashes/fsviewer-ACCESS_VIOLATION_WRITE_c0000005__unknown+16846ec6__4b62ab832f8e09d3.png,WRITE
faststone,fsviewer-ACCESS_VIOLATION_WRITE_c0000005__unknown+16856ec6__70b50c54569c67cf.png,/Users/ebukaobi/Desktop/Arts Demands/fsviewer/fsviewer-crashes/fsviewer-ACCESS_VIOLATION_WRITE_c0000005__unknown+16856ec6__70b50c54569c67cf.png,WRITE
faststone,fsviewer-ACCESS_VIOLATION_WRITE_c0000005__unknown+16866ec6__0b1f87502253accc.png,/Users/ebukaobi/Desktop/Arts Demands/fsviewer/fsviewer-crashes/fsviewer-ACCESS_VIOLATION_WRITE_c0000005__unknown+16866ec6__0b1f87502253accc.png,WRITE
faststone,fsviewer-ACCESS_VIOLATION_WRITE_c0000005__unknown+16876ec6__6626e8af0ddade11.png,/Users/ebukaobi/Desktop/Arts Demands/fsviewer/fsviewer-crashes/fsviewer-ACCESS_VIOLATION_WRITE_c0000005__unknown+16876ec6__6626e8af0ddade11.png,WRITE
faststone,fsviewer-ACCESS_VIOLATION_WRITE_c0000005__unknown+16886ec6__9c84b9fbe33e621e.png,/Users/ebukaobi/Desktop/Arts Demands/fsviewer/fsviewer-crashes/fsviewer-ACCESS_VIOLATION_WRITE_c0000005__unknown+16886ec6__9c84b9fbe33e621e.png,WRITE
faststone,fsviewer-ACCESS_VIOLATION_WRITE_c0000005__unknown+16896ec6__df016749258185cb.png,/Users/ebukaobi/Desktop/Arts Demands/fsviewer/fsviewer-crashes/fsviewer-ACCESS_VIOLATION_WRITE_c0000005__unknown+16896ec6__df016749258185cb.png,WRITE
faststone,fsviewer-ACCESS_VIOLATION_WRITE_c0000005__unknown+168a6ec6__c25d9f69ab023cff.png,/Users/ebukaobi/Desktop/Arts Demands/fsviewer/fsviewer-crashes/fsviewer-ACCESS_VIOLATION_WRITE_c0000005__unknown+168a6ec6__c25d9f69ab023cff.png,WRITE
faststone,fsviewer-ACCESS_VIOLATION_WRITE_c0000005__unknown+168b6ec6__975cac17a9025284.png,/Users/ebukaobi/Desktop/Arts Demands/fsviewer/fsviewer-crashes/fsviewer-ACCESS_VIOLATION_WRITE_c0000005__unknown+168b6ec6__975cac17a9025284.png,WRITE
faststone,fsviewer-ACCESS_VIOLATION_WRITE_c0000005__unknown+168fabe2__ae8acaa54bea9b03.png,/Users/ebukaobi/Desktop/Arts Demands/fsviewer/fsviewer-crashes/fsviewer-ACCESS_VIOLATION_WRITE_c0000005__unknown+168fabe2__ae8acaa54bea9b03.png,WRITE
faststone,fsviewer-ACCESS_VIOLATION_WRITE_c0000005__unknown+16916ec6__f796a8f86cbcefd0.png,/Users/ebukaobi/Desktop/Arts Demands/fsviewer/fsviewer-crashes/fsviewer-ACCESS_VIOLATION_WRITE_c0000005__unknown+16916ec6__f796a8f86cbcefd0.png,WRITE
faststone,fsviewer-ACCESS_VIOLATION_WRITE_c0000005__unknown+16956ec6__b28eb1e329cc5003.png,/Users/ebukaobi/Desktop/Arts Demands/fsviewer/fsviewer-crashes/fsviewer-ACCESS_VIOLATION_WRITE_c0000005__unknown+16956ec6__b28eb1e329cc5003.png,WRITE
faststone,fsviewer-ACCESS_VIOLATION_WRITE_c0000005__unknown+16966ec6__8bd76a31c755ef76.png,/Users/ebukaobi/Desktop/Arts Demands/fsviewer/fsviewer-crashes/fsviewer-ACCESS_VIOLATION_WRITE_c0000005__unknown+16966ec6__8bd76a31c755ef76.png,WRITE
faststone,fsviewer-ACCESS_VIOLATION_WRITE_c0000005__unknown+16976ec6__2efa2a9440184d51.png,/Users/ebukaobi/Desktop/Arts Demands/fsviewer/fsviewer-crashes/fsviewer-ACCESS_VIOLATION_WRITE_c0000005__unknown+16976ec6__2efa2a9440184d51.png,WRITE
faststone,fsviewer-ACCESS_VIOLATION_WRITE_c0000005__unknown+16996ec6__772c655b36b698c6.png,/Users/ebukaobi/Desktop/Arts Demands/fsviewer/fsviewer-crashes/fsviewer-ACCESS_VIOLATION_WRITE_c0000005__unknown+16996ec6__772c655b36b698c6.png,WRITE
faststone,fsviewer-ACCESS_VIOLATION_WRITE_c0000005__unknown+169e6ec6__0f508f6dbc327401.png,/Users/ebukaobi/Desktop/Arts Demands/fsviewer/fsviewer-crashes/fsviewer-ACCESS_VIOLATION_WRITE_c0000005__unknown+169e6ec6__0f508f6dbc327401.png,WRITE
faststone,fsviewer-ACCESS_VIOLATION_WRITE_c0000005__unknown+16ab6ec6__749ab28ac84c37f4.png,/Users/ebukaobi/Desktop/Arts Demands/fsviewer/fsviewer-crashes/fsviewer-ACCESS_VIOLATION_WRITE_c0000005__unknown+16ab6ec6__749ab28ac84c37f4.png,WRITE
faststone,fsviewer-ACCESS_VIOLATION_WRITE_c0000005__unknown+16ac6ec6__612ab32713e8f65b.png,/Users/ebukaobi/Desktop/Arts Demands/fsviewer/fsviewer-crashes/fsviewer-ACCESS_VIOLATION_WRITE_c0000005__unknown+16ac6ec6__612ab32713e8f65b.png,WRITE
faststone,fsviewer-ACCESS_VIOLATION_WRITE_c0000005__unknown+16ad6ec6__688276ecf9318086.png,/Users/ebukaobi/Desktop/Arts Demands/fsviewer/fsviewer-crashes/fsviewer-ACCESS_VIOLATION_WRITE_c0000005__unknown+16ad6ec6__688276ecf9318086.png,WRITE
faststone,fsviewer-ACCESS_VIOLATION_WRITE_c0000005__unknown+16ae6ec6__e4881836189ffa7e.png,/Users/ebukaobi/Desktop/Arts Demands/fsviewer/fsviewer-crashes/fsviewer-ACCESS_VIOLATION_WRITE_c0000005__unknown+16ae6ec6__e4881836189ffa7e.png,WRITE
faststone,fsviewer-ACCESS_VIOLATION_WRITE_c0000005__unknown+16af6ec6__409e76d84134b2b7.png,/Users/ebukaobi/Desktop/Arts Demands/fsviewer/fsviewer-crashes/fsviewer-ACCESS_VIOLATION_WRITE_c0000005__unknown+16af6ec6__409e76d84134b2b7.png,WRITE
faststone,fsviewer-ACCESS_VIOLATION_WRITE_c0000005__unknown+16b06ec6__b1c5020173f2bf78.png,/Users/ebukaobi/Desktop/Arts Demands/fsviewer/fsviewer-crashes/fsviewer-ACCESS_VIOLATION_WRITE_c0000005__unknown+16b06ec6__b1c5020173f2bf78.png,WRITE
faststone,fsviewer-ACCESS_VIOLATION_WRITE_c0000005__unknown+16b16ec6__d7f95df5d66ff7a7.png,/Users/ebukaobi/Desktop/Arts Demands/fsviewer/fsviewer-crashes/fsviewer-ACCESS_VIOLATION_WRITE_c0000005__unknown+16b16ec6__d7f95df5d66ff7a7.png,WRITE
faststone,fsviewer-ACCESS_VIOLATION_WRITE_c0000005__unknown+16b26ec6__552b2b32103f9a17.png,/Users/ebukaobi/Desktop/Arts Demands/fsviewer/fsviewer-crashes/fsviewer-ACCESS_VIOLATION_WRITE_c0000005__unknown+16b26ec6__552b2b32103f9a17.png,WRITE
faststone,fsviewer-ACCESS_VIOLATION_WRITE_c0000005__unknown+16b36ec6__38dd3cf2e15cde3c.png,/Users/ebukaobi/Desktop/Arts Demands/fsviewer/fsviewer-crashes/fsviewer-ACCESS_VIOLATION_WRITE_c0000005__unknown+16b36ec6__38dd3cf2e15cde3c.png,WRITE
faststone,fsviewer-ACCESS_VIOLATION_WRITE_c0000005__unknown+16b46ec6__a779ab819ded076f.png,/Users/ebukaobi/Desktop/Arts Demands/fsviewer/fsviewer-crashes/fsviewer-ACCESS_VIOLATION_WRITE_c0000005__unknown+16b46ec6__a779ab819ded076f.png,WRITE
faststone,fsviewer-ACCESS_VIOLATION_WRITE_c0000005__unknown+16b66ec6__ee03d0a06d2d937d.png,/Users/ebukaobi/Desktop/Arts Demands/fsviewer/fsviewer-crashes/fsviewer-ACCESS_VIOLATION_WRITE_c0000005__unknown+16b66ec6__ee03d0a06d2d937d.png,WRITE
faststone,fsviewer-ACCESS_VIOLATION_WRITE_c0000005__unknown+16ba6ec6__1cf89c59edfd9d17.png,/Users/ebukaobi/Desktop/Arts Demands/fsviewer/fsviewer-crashes/fsviewer-ACCESS_VIOLATION_WRITE_c0000005__unknown+16ba6ec6__1cf89c59edfd9d17.png,WRITE
faststone,fsviewer-ACCESS_VIOLATION_WRITE_c0000005__unknown+16bd6ec6__95b0adb2caf040f9.png,/Users/ebukaobi/Desktop/Arts Demands/fsviewer/fsviewer-crashes/fsviewer-ACCESS_VIOLATION_WRITE_c0000005__unknown+16bd6ec6__95b0adb2caf040f9.png,WRITE
faststone,fsviewer-ACCESS_VIOLATION_WRITE_c0000005__unknown+16be6ec6__dfba32f64f7643f9.png,/Users/ebukaobi/Desktop/Arts Demands/fsviewer/fsviewer-crashes/fsviewer-ACCESS_VIOLATION_WRITE_c0000005__unknown+16be6ec6__dfba32f64f7643f9.png,WRITE
faststone,fsviewer-ACCESS_VIOLATION_WRITE_c0000005__unknown+16bf6ec6__3fd9f451476e5e30.png,/Users/ebukaobi/Desktop/Arts Demands/fsviewer/fsviewer-crashes/fsviewer-ACCESS_VIOLATION_WRITE_c0000005__unknown+16bf6ec6__3fd9f451476e5e30.png,WRITE
faststone,fsviewer-ACCESS_VIOLATION_WRITE_c0000005__unknown+16c06ec6__15e4e2d39ed7b568.png,/Users/ebukaobi/Desktop/Arts Demands/fsviewer/fsviewer-crashes/fsviewer-ACCESS_VIOLATION_WRITE_c0000005__unknown+16c06ec6__15e4e2d39ed7b568.png,WRITE
faststone,fsviewer-ACCESS_VIOLATION_WRITE_c0000005__unknown+16c16ec6__d1b04a0dc881b044.png,/Users/ebukaobi/Desktop/Arts Demands/fsviewer/fsviewer-crashes/fsviewer-ACCESS_VIOLATION_WRITE_c0000005__unknown+16c16ec6__d1b04a0dc881b044.png,WRITE
faststone,fsviewer-ACCESS_VIOLATION_WRITE_c0000005__unknown+16c26ec6__44d939500b5799ee.png,/Users/ebukaobi/Desktop/Arts Demands/fsviewer/fsviewer-crashes/fsviewer-ACCESS_VIOLATION_WRITE_c0000005__unknown+16c26ec6__44d939500b5799ee.png,WRITE
faststone,fsviewer-ACCESS_VIOLATION_WRITE_c0000005__unknown+16c36ec6__85488f6e7ad2e9fb.png,/Users/ebukaobi/Desktop/Arts Demands/fsviewer/fsviewer-crashes/fsviewer-ACCESS_VIOLATION_WRITE_c0000005__unknown+16c36ec6__85488f6e7ad2e9fb.png,WRITE
faststone,fsviewer-ACCESS_VIOLATION_WRITE_c0000005__unknown+16c46ec6__d66c661f83b6a15c.png,/Users/ebukaobi/Desktop/Arts Demands/fsviewer/fsviewer-crashes/fsviewer-ACCESS_VIOLATION_WRITE_c0000005__unknown+16c46ec6__d66c661f83b6a15c.png,WRITE
faststone,fsviewer-ACCESS_VIOLATION_WRITE_c0000005__unknown+16c56ec6__32eba912de395f48.png,/Users/ebukaobi/Desktop/Arts Demands/fsviewer/fsviewer-crashes/fsviewer-ACCESS_VIOLATION_WRITE_c0000005__unknown+16c56ec6__32eba912de395f48.png,WRITE
faststone,fsviewer-ACCESS_VIOLATION_WRITE_c0000005__unknown+16c66ec6__2075d46a92085352.png,/Users/ebukaobi/Desktop/Arts Demands/fsviewer/fsviewer-crashes/fsviewer-ACCESS_VIOLATION_WRITE_c0000005__unknown+16c66ec6__2075d46a92085352.png,WRITE
faststone,fsviewer-ACCESS_VIOLATION_WRITE_c0000005__unknown+16cb6ec6__20086a3f3b9ed54d.png,/Users/ebukaobi/Desktop/Arts Demands/fsviewer/fsviewer-crashes/fsviewer-ACCESS_VIOLATION_WRITE_c0000005__unknown+16cb6ec6__20086a3f3b9ed54d.png,WRITE
faststone,fsviewer-ACCESS_VIOLATION_WRITE_c0000005__unknown+16cd6ec6__7ee6c8e3e263c91c.png,/Users/ebukaobi/Desktop/Arts Demands/fsviewer/fsviewer-crashes/fsviewer-ACCESS_VIOLATION_WRITE_c0000005__unknown+16cd6ec6__7ee6c8e3e263c91c.png,WRITE
faststone,fsviewer-ACCESS_VIOLATION_WRITE_c0000005__unknown+16ce6ec6__8c197e229c447fe4.png,/Users/ebukaobi/Desktop/Arts Demands/fsviewer/fsviewer-crashes/fsviewer-ACCESS_VIOLATION_WRITE_c0000005__unknown+16ce6ec6__8c197e229c447fe4.png,WRITE
faststone,fsviewer-ACCESS_VIOLATION_WRITE_c0000005__unknown+16cf6ec6__f7bafb0538e0b7b1.png,/Users/ebukaobi/Desktop/Arts Demands/fsviewer/fsviewer-crashes/fsviewer-ACCESS_VIOLATION_WRITE_c0000005__unknown+16cf6ec6__f7bafb0538e0b7b1.png,WRITE
faststone,fsviewer-ACCESS_VIOLATION_WRITE_c0000005__unknown+16d06ec6__e4c22bbf74583243.png,/Users/ebukaobi/Desktop/Arts Demands/fsviewer/fsviewer-crashes/fsviewer-ACCESS_VIOLATION_WRITE_c0000005__unknown+16d06ec6__e4c22bbf74583243.png,WRITE
faststone,fsviewer-ACCESS_VIOLATION_WRITE_c0000005__unknown+16d16ec6__952b67c6e8513f98.png,/Users/ebukaobi/Desktop/Arts Demands/fsviewer/fsviewer-crashes/fsviewer-ACCESS_VIOLATION_WRITE_c0000005__unknown+16d16ec6__952b67c6e8513f98.png,WRITE
faststone,fsviewer-ACCESS_VIOLATION_WRITE_c0000005__unknown+16d26ec6__8862a260c49596bb.png,/Users/ebukaobi/Desktop/Arts Demands/fsviewer/fsviewer-crashes/fsviewer-ACCESS_VIOLATION_WRITE_c0000005__unknown+16d26ec6__8862a260c49596bb.png,WRITE
faststone,fsviewer-ACCESS_VIOLATION_WRITE_c0000005__unknown+16d36ec6__eba837d68b3acadb.png,/Users/ebukaobi/Desktop/Arts Demands/fsviewer/fsviewer-crashes/fsviewer-ACCESS_VIOLATION_WRITE_c0000005__unknown+16d36ec6__eba837d68b3acadb.png,WRITE
faststone,fsviewer-ACCESS_VIOLATION_WRITE_c0000005__unknown+16d46ec6__7031bc9786d6c16a.png,/Users/ebukaobi/Desktop/Arts Demands/fsviewer/fsviewer-crashes/fsviewer-ACCESS_VIOLATION_WRITE_c0000005__unknown+16d46ec6__7031bc9786d6c16a.png,WRITE
faststone,fsviewer-ACCESS_VIOLATION_WRITE_c0000005__unknown+16d56ec6__b21a4e1c9a813c93.png,/Users/ebukaobi/Desktop/Arts Demands/fsviewer/fsviewer-crashes/fsviewer-ACCESS_VIOLATION_WRITE_c0000005__unknown+16d56ec6__b21a4e1c9a813c93.png,WRITE
faststone,fsviewer-ACCESS_VIOLATION_WRITE_c0000005__unknown+16d66ec6__ab536d96a302b6a7.png,/Users/ebukaobi/Desktop/Arts Demands/fsviewer/fsviewer-crashes/fsviewer-ACCESS_VIOLATION_WRITE_c0000005__unknown+16d66ec6__ab536d96a302b6a7.png,WRITE
faststone,fsviewer-ACCESS_VIOLATION_WRITE_c0000005__unknown+16d76ec6__f370295e50a650a4.png,/Users/ebukaobi/Desktop/Arts Demands/fsviewer/fsviewer-crashes/fsviewer-ACCESS_VIOLATION_WRITE_c0000005__unknown+16d76ec6__f370295e50a650a4.png,WRITE
faststone,fsviewer-ACCESS_VIOLATION_WRITE_c0000005__unknown+16d86ec6__7f0de5b090ab412e.png,/Users/ebukaobi/Desktop/Arts Demands/fsviewer/fsviewer-crashes/fsviewer-ACCESS_VIOLATION_WRITE_c0000005__unknown+16d86ec6__7f0de5b090ab412e.png,WRITE
faststone,fsviewer-ACCESS_VIOLATION_WRITE_c0000005__unknown+16d96ec6__b3028e9ab769e9fa.png,/Users/ebukaobi/Desktop/Arts Demands/fsviewer/fsviewer-crashes/fsviewer-ACCESS_VIOLATION_WRITE_c0000005__unknown+16d96ec6__b3028e9ab769e9fa.png,WRITE
faststone,fsviewer-ACCESS_VIOLATION_WRITE_c0000005__unknown+16da6ec6__48d45ee63ce23455.png,/Users/ebukaobi/Desktop/Arts Demands/fsviewer/fsviewer-crashes/fsviewer-ACCESS_VIOLATION_WRITE_c0000005__unknown+16da6ec6__48d45ee63ce23455.png,WRITE
faststone,fsviewer-ACCESS_VIOLATION_WRITE_c0000005__unknown+16db6ec6__793b98fdb7914a0b.png,/Users/ebukaobi/Desktop/Arts Demands/fsviewer/fsviewer-crashes/fsviewer-ACCESS_VIOLATION_WRITE_c0000005__unknown+16db6ec6__793b98fdb7914a0b.png,WRITE
faststone,fsviewer-ACCESS_VIOLATION_WRITE_c0000005__unknown+16e36ec6__2388efebbadefb84.png,/Users/ebukaobi/Desktop/Arts Demands/fsviewer/fsviewer-crashes/fsviewer-ACCESS_VIOLATION_WRITE_c0000005__unknown+16e36ec6__2388efebbadefb84.png,WRITE
faststone,fsviewer-ACCESS_VIOLATION_WRITE_c0000005__unknown+16ea6ec6__59d37549d580c048.png,/Users/ebukaobi/Desktop/Arts Demands/fsviewer/fsviewer-crashes/fsviewer-ACCESS_VIOLATION_WRITE_c0000005__unknown+16ea6ec6__59d37549d580c048.png,WRITE
faststone,fsviewer-ACCESS_VIOLATION_WRITE_c0000005__unknown+1714b84c__ce8c85afcd9749d1.png,/Users/ebukaobi/Desktop/Arts Demands/fsviewer/fsviewer-crashes/fsviewer-ACCESS_VIOLATION_WRITE_c0000005__unknown+1714b84c__ce8c85afcd9749d1.png,WRITE
faststone,fsviewer-ACCESS_VIOLATION_WRITE_c0000005__unknown+1716bb12__964bec0456dc24d5.png,/Users/ebukaobi/Desktop/Arts Demands/fsviewer/fsviewer-crashes/fsviewer-ACCESS_VIOLATION_WRITE_c0000005__unknown+1716bb12__964bec0456dc24d5.png,WRITE
faststone,fsviewer-ACCESS_VIOLATION_WRITE_c0000005__unknown+1718b851__054410e894529d71.png,/Users/ebukaobi/Desktop/Arts Demands/fsviewer/fsviewer-crashes/fsviewer-ACCESS_VIOLATION_WRITE_c0000005__unknown+1718b851__054410e894529d71.png,WRITE
faststone,fsviewer-ACCESS_VIOLATION_WRITE_c0000005__unknown+171c5fb4__4894f0a4cfe2a64a.png,/Users/ebukaobi/Desktop/Arts Demands/fsviewer/fsviewer-crashes/fsviewer-ACCESS_VIOLATION_WRITE_c0000005__unknown+171c5fb4__4894f0a4cfe2a64a.png,WRITE
faststone,fsviewer-ACCESS_VIOLATION_WRITE_c0000005__unknown+171cbe72__d139aa7b7b870c97.png,/Users/ebukaobi/Desktop/Arts Demands/fsviewer/fsviewer-crashes/fsviewer-ACCESS_VIOLATION_WRITE_c0000005__unknown+171cbe72__d139aa7b7b870c97.png,DoS
faststone,fsviewer-ACCESS_VIOLATION_WRITE_c0000005__unknown+171d9939__e2544e73dea7018c.png,/Users/ebukaobi/Desktop/Arts Demands/fsviewer/fsviewer-crashes/fsviewer-ACCESS_VIOLATION_WRITE_c0000005__unknown+171d9939__e2544e73dea7018c.png,WRITE
faststone,fsviewer-ACCESS_VIOLATION_WRITE_c0000005__unknown+17237d33__6df993dd793abb5e.png,/Users/ebukaobi/Desktop/Arts Demands/fsviewer/fsviewer-crashes/fsviewer-ACCESS_VIOLATION_WRITE_c0000005__unknown+17237d33__6df993dd793abb5e.png,WRITE
faststone,fsviewer-ACCESS_VIOLATION_WRITE_c0000005__unknown+17237e7b__66d1b57a8ccafbcc.png,/Users/ebukaobi/Desktop/Arts Demands/fsviewer/fsviewer-crashes/fsviewer-ACCESS_VIOLATION_WRITE_c0000005__unknown+17237e7b__66d1b57a8ccafbcc.png,DoS
faststone,fsviewer-ACCESS_VIOLATION_WRITE_c0000005__unknown+1723b7b2__2e3d222eb33b6a0a.png,/Users/ebukaobi/Desktop/Arts Demands/fsviewer/fsviewer-crashes/fsviewer-ACCESS_VIOLATION_WRITE_c0000005__unknown+1723b7b2__2e3d222eb33b6a0a.png,WRITE
faststone,fsviewer-ACCESS_VIOLATION_WRITE_c0000005__unknown+1725ab9e__41b90c90182afa78.png,/Users/ebukaobi/Desktop/Arts Demands/fsviewer/fsviewer-crashes/fsviewer-ACCESS_VIOLATION_WRITE_c0000005__unknown+1725ab9e__41b90c90182afa78.png,WRITE
faststone,fsviewer-ACCESS_VIOLATION_WRITE_c0000005__unknown+1725ae87__fc018c2c50a14cb5.png,/Users/ebukaobi/Desktop/Arts Demands/fsviewer/fsviewer-crashes/fsviewer-ACCESS_VIOLATION_WRITE_c0000005__unknown+1725ae87__fc018c2c50a14cb5.png,WRITE
faststone,fsviewer-ACCESS_VIOLATION_WRITE_c0000005__unknown+1725b21e__9b57521b4e5f904a.png,/Users/ebukaobi/Desktop/Arts Demands/fsviewer/fsviewer-crashes/fsviewer-ACCESS_VIOLATION_WRITE_c0000005__unknown+1725b21e__9b57521b4e5f904a.png,WRITE
faststone,fsviewer-ACCESS_VIOLATION_WRITE_c0000005__unknown+1725b853__99b29c1b4a36b28e.png,/Users/ebukaobi/Desktop/Arts Demands/fsviewer/fsviewer-crashes/fsviewer-ACCESS_VIOLATION_WRITE_c0000005__unknown+1725b853__99b29c1b4a36b28e.png,WRITE
faststone,fsviewer-ACCESS_VIOLATION_WRITE_c0000005__unknown+1725bdf9__23be7adbfc33ed83.png,/Users/ebukaobi/Desktop/Arts Demands/fsviewer/fsviewer-crashes/fsviewer-ACCESS_VIOLATION_WRITE_c0000005__unknown+1725bdf9__23be7adbfc33ed83.png,WRITE
faststone,fsviewer-ACCESS_VIOLATION_WRITE_c0000005__unknown+17266f77__446ee38930c1308c.png,/Users/ebukaobi/Desktop/Arts Demands/fsviewer/fsviewer-crashes/fsviewer-ACCESS_VIOLATION_WRITE_c0000005__unknown+17266f77__446ee38930c1308c.png,DoS
faststone,fsviewer-ACCESS_VIOLATION_WRITE_c0000005__unknown+1726f489__78183ae0277ce0d1.png,/Users/ebukaobi/Desktop/Arts Demands/fsviewer/fsviewer-crashes/fsviewer-ACCESS_VIOLATION_WRITE_c0000005__unknown+1726f489__78183ae0277ce0d1.png,WRITE
faststone,fsviewer-ACCESS_VIOLATION_WRITE_c0000005__unknown+1727ab3c__3d4e7190549397fd.png,/Users/ebukaobi/Desktop/Arts Demands/fsviewer/fsviewer-crashes/fsviewer-ACCESS_VIOLATION_WRITE_c0000005__unknown+1727ab3c__3d4e7190549397fd.png,WRITE
faststone,fsviewer-ACCESS_VIOLATION_WRITE_c0000005__unknown+1727ac08__80c330cebdd4ee55.png,/Users/ebukaobi/Desktop/Arts Demands/fsviewer/fsviewer-crashes/fsviewer-ACCESS_VIOLATION_WRITE_c0000005__unknown+1727ac08__80c330cebdd4ee55.png,WRITE
faststone,fsviewer-ACCESS_VIOLATION_WRITE_c0000005__unknown+1727ae27__54a55f74920dd4ba.png,/Users/ebukaobi/Desktop/Arts Demands/fsviewer/fsviewer-crashes/fsviewer-ACCESS_VIOLATION_WRITE_c0000005__unknown+1727ae27__54a55f74920dd4ba.png,WRITE
faststone,fsviewer-ACCESS_VIOLATION_WRITE_c0000005__unknown+1727aee9__02c5fbfec224782b.png,/Users/ebukaobi/Desktop/Arts Demands/fsviewer/fsviewer-crashes/fsviewer-ACCESS_VIOLATION_WRITE_c0000005__unknown+1727aee9__02c5fbfec224782b.png,WRITE
faststone,fsviewer-ACCESS_VIOLATION_WRITE_c0000005__unknown+1727b19b__b7d772b472bc1292.png,/Users/ebukaobi/Desktop/Arts Demands/fsviewer/fsviewer-crashes/fsviewer-ACCESS_VIOLATION_WRITE_c0000005__unknown+1727b19b__b7d772b472bc1292.png,WRITE
faststone,fsviewer-ACCESS_VIOLATION_WRITE_c0000005__unknown+1727e919__ffd328178fa8bed5.png,/Users/ebukaobi/Desktop/Arts Demands/fsviewer/fsviewer-crashes/fsviewer-ACCESS_VIOLATION_WRITE_c0000005__unknown+1727e919__ffd328178fa8bed5.png,WRITE
faststone,fsviewer-ACCESS_VIOLATION_WRITE_c0000005__unknown+1728ada4__ce3f121efd6b47f9.png,/Users/ebukaobi/Desktop/Arts Demands/fsviewer/fsviewer-crashes/fsviewer-ACCESS_VIOLATION_WRITE_c0000005__unknown+1728ada4__ce3f121efd6b47f9.png,WRITE
faststone,fsviewer-ACCESS_VIOLATION_WRITE_c0000005__unknown+1728af5c__85b28b79586bef12.png,/Users/ebukaobi/Desktop/Arts Demands/fsviewer/fsviewer-crashes/fsviewer-ACCESS_VIOLATION_WRITE_c0000005__unknown+1728af5c__85b28b79586bef12.png,WRITE
faststone,fsviewer-ACCESS_VIOLATION_WRITE_c0000005__unknown+1728b412__362737a07b73bbec.png,/Users/ebukaobi/Desktop/Arts Demands/fsviewer/fsviewer-crashes/fsviewer-ACCESS_VIOLATION_WRITE_c0000005__unknown+1728b412__362737a07b73bbec.png,WRITE
faststone,fsviewer-ACCESS_VIOLATION_WRITE_c0000005__unknown+1728b80f__78cd85f872ca2f2f.png,/Users/ebukaobi/Desktop/Arts Demands/fsviewer/fsviewer-crashes/fsviewer-ACCESS_VIOLATION_WRITE_c0000005__unknown+1728b80f__78cd85f872ca2f2f.png,WRITE
faststone,fsviewer-ACCESS_VIOLATION_WRITE_c0000005__unknown+1728bafb__273b0e2d916db581.png,/Users/ebukaobi/Desktop/Arts Demands/fsviewer/fsviewer-crashes/fsviewer-ACCESS_VIOLATION_WRITE_c0000005__unknown+1728bafb__273b0e2d916db581.png,WRITE
faststone,fsviewer-ACCESS_VIOLATION_WRITE_c0000005__unknown+1729abbb__1bda00213213c2d8.png,/Users/ebukaobi/Desktop/Arts Demands/fsviewer/fsviewer-crashes/fsviewer-ACCESS_VIOLATION_WRITE_c0000005__unknown+1729abbb__1bda00213213c2d8.png,WRITE
faststone,fsviewer-ACCESS_VIOLATION_WRITE_c0000005__unknown+1729b41c__e78813187b106b6d.png,/Users/ebukaobi/Desktop/Arts Demands/fsviewer/fsviewer-crashes/fsviewer-ACCESS_VIOLATION_WRITE_c0000005__unknown+1729b41c__e78813187b106b6d.png,WRITE
faststone,fsviewer-ACCESS_VIOLATION_WRITE_c0000005__unknown+1729b461__b5ef5aac1056ca96.png,/Users/ebukaobi/Desktop/Arts Demands/fsviewer/fsviewer-crashes/fsviewer-ACCESS_VIOLATION_WRITE_c0000005__unknown+1729b461__b5ef5aac1056ca96.png,WRITE
faststone,fsviewer-ACCESS_VIOLATION_WRITE_c0000005__unknown+1729f431__3326f4958346b822.png,/Users/ebukaobi/Desktop/Arts Demands/fsviewer/fsviewer-crashes/fsviewer-ACCESS_VIOLATION_WRITE_c0000005__unknown+1729f431__3326f4958346b822.png,DoS
faststone,fsviewer-ACCESS_VIOLATION_WRITE_c0000005__unknown+172aab9b__67cb84efb859c9fa.png,/Users/ebukaobi/Desktop/Arts Demands/fsviewer/fsviewer-crashes/fsviewer-ACCESS_VIOLATION_WRITE_c0000005__unknown+172aab9b__67cb84efb859c9fa.png,WRITE
faststone,fsviewer-ACCESS_VIOLATION_WRITE_c0000005__unknown+172aae8d__e15875502d8c986d.png,/Users/ebukaobi/Desktop/Arts Demands/fsviewer/fsviewer-crashes/fsviewer-ACCESS_VIOLATION_WRITE_c0000005__unknown+172aae8d__e15875502d8c986d.png,WRITE
faststone,fsviewer-ACCESS_VIOLATION_WRITE_c0000005__unknown+172aaea7__21e937cd79f94576.png,/Users/ebukaobi/Desktop/Arts Demands/fsviewer/fsviewer-crashes/fsviewer-ACCESS_VIOLATION_WRITE_c0000005__unknown+172aaea7__21e937cd79f94576.png,WRITE
faststone,fsviewer-ACCESS_VIOLATION_WRITE_c0000005__unknown+172abafb__18e0f765ec991bd7.png,/Users/ebukaobi/Desktop/Arts Demands/fsviewer/fsviewer-crashes/fsviewer-ACCESS_VIOLATION_WRITE_c0000005__unknown+172abafb__18e0f765ec991bd7.png,WRITE
faststone,fsviewer-ACCESS_VIOLATION_WRITE_c0000005__unknown+172b0279__1ec1d13c2d1d6b04.png,/Users/ebukaobi/Desktop/Arts Demands/fsviewer/fsviewer-crashes/fsviewer-ACCESS_VIOLATION_WRITE_c0000005__unknown+172b0279__1ec1d13c2d1d6b04.png,WRITE
faststone,fsviewer-ACCESS_VIOLATION_WRITE_c0000005__unknown+172bac99__64221f28144484c2.png,/Users/ebukaobi/Desktop/Arts Demands/fsviewer/fsviewer-crashes/fsviewer-ACCESS_VIOLATION_WRITE_c0000005__unknown+172bac99__64221f28144484c2.png,WRITE
faststone,fsviewer-ACCESS_VIOLATION_WRITE_c0000005__unknown+172bb3ff__1ea4bb0f6d935f85.png,/Users/ebukaobi/Desktop/Arts Demands/fsviewer/fsviewer-crashes/fsviewer-ACCESS_VIOLATION_WRITE_c0000005__unknown+172bb3ff__1ea4bb0f6d935f85.png,WRITE
faststone,fsviewer-ACCESS_VIOLATION_WRITE_c0000005__unknown+172bb56a__359d6483b6bb8c10.png,/Users/ebukaobi/Desktop/Arts Demands/fsviewer/fsviewer-crashes/fsviewer-ACCESS_VIOLATION_WRITE_c0000005__unknown+172bb56a__359d6483b6bb8c10.png,WRITE
faststone,fsviewer-ACCESS_VIOLATION_WRITE_c0000005__unknown+172bb7df__8740781ff445e0f8.png,/Users/ebukaobi/Desktop/Arts Demands/fsviewer/fsviewer-crashes/fsviewer-ACCESS_VIOLATION_WRITE_c0000005__unknown+172bb7df__8740781ff445e0f8.png,WRITE
faststone,fsviewer-ACCESS_VIOLATION_WRITE_c0000005__unknown+172bb7f6__d45988816c0f5ede.png,/Users/ebukaobi/Desktop/Arts Demands/fsviewer/fsviewer-crashes/fsviewer-ACCESS_VIOLATION_WRITE_c0000005__unknown+172bb7f6__d45988816c0f5ede.png,WRITE
faststone,fsviewer-ACCESS_VIOLATION_WRITE_c0000005__unknown+172bb851__e2135d90b2a1c9f5.png,/Users/ebukaobi/Desktop/Arts Demands/fsviewer/fsviewer-crashes/fsviewer-ACCESS_VIOLATION_WRITE_c0000005__unknown+172bb851__e2135d90b2a1c9f5.png,WRITE
faststone,fsviewer-ACCESS_VIOLATION_WRITE_c0000005__unknown+172bb880__a1ed1f42cbd8e091.png,/Users/ebukaobi/Desktop/Arts Demands/fsviewer/fsviewer-crashes/fsviewer-ACCESS_VIOLATION_WRITE_c0000005__unknown+172bb880__a1ed1f42cbd8e091.png,WRITE
faststone,fsviewer-ACCESS_VIOLATION_WRITE_c0000005__unknown+172bba02__4cd1037b70934bbe.png,/Users/ebukaobi/Desktop/Arts Demands/fsviewer/fsviewer-crashes/fsviewer-ACCESS_VIOLATION_WRITE_c0000005__unknown+172bba02__4cd1037b70934bbe.png,WRITE
faststone,fsviewer-ACCESS_VIOLATION_WRITE_c0000005__unknown+172bbc3e__55fc7759b308abe9.png,/Users/ebukaobi/Desktop/Arts Demands/fsviewer/fsviewer-crashes/fsviewer-ACCESS_VIOLATION_WRITE_c0000005__unknown+172bbc3e__55fc7759b308abe9.png,WRITE
faststone,fsviewer-ACCESS_VIOLATION_WRITE_c0000005__unknown+172bc673__baab5538e8eb5816.png,/Users/ebukaobi/Desktop/Arts Demands/fsviewer/fsviewer-crashes/fsviewer-ACCESS_VIOLATION_WRITE_c0000005__unknown+172bc673__baab5538e8eb5816.png,WRITE
faststone,fsviewer-ACCESS_VIOLATION_WRITE_c0000005__unknown+172cab40__9633c8241bd7560e.png,/Users/ebukaobi/Desktop/Arts Demands/fsviewer/fsviewer-crashes/fsviewer-ACCESS_VIOLATION_WRITE_c0000005__unknown+172cab40__9633c8241bd7560e.png,WRITE
faststone,fsviewer-ACCESS_VIOLATION_WRITE_c0000005__unknown+172cab56__693a173aaa40920a.png,/Users/ebukaobi/Desktop/Arts Demands/fsviewer/fsviewer-crashes/fsviewer-ACCESS_VIOLATION_WRITE_c0000005__unknown+172cab56__693a173aaa40920a.png,WRITE
faststone,fsviewer-ACCESS_VIOLATION_WRITE_c0000005__unknown+172cb057__f6048ccad1db546a.png,/Users/ebukaobi/Desktop/Arts Demands/fsviewer/fsviewer-crashes/fsviewer-ACCESS_VIOLATION_WRITE_c0000005__unknown+172cb057__f6048ccad1db546a.png,WRITE
faststone,fsviewer-ACCESS_VIOLATION_WRITE_c0000005__unknown+172cb894__3265d7eec93cd73c.png,/Users/ebukaobi/Desktop/Arts Demands/fsviewer/fsviewer-crashes/fsviewer-ACCESS_VIOLATION_WRITE_c0000005__unknown+172cb894__3265d7eec93cd73c.png,WRITE
faststone,fsviewer-ACCESS_VIOLATION_WRITE_c0000005__unknown+172cbafe__ebbef263465d9560.png,/Users/ebukaobi/Desktop/Arts Demands/fsviewer/fsviewer-crashes/fsviewer-ACCESS_VIOLATION_WRITE_c0000005__unknown+172cbafe__ebbef263465d9560.png,WRITE
faststone,fsviewer-ACCESS_VIOLATION_WRITE_c0000005__unknown+172cbca1__d72d37f469e40f58.png,/Users/ebukaobi/Desktop/Arts Demands/fsviewer/fsviewer-crashes/fsviewer-ACCESS_VIOLATION_WRITE_c0000005__unknown+172cbca1__d72d37f469e40f58.png,WRITE
faststone,fsviewer-ACCESS_VIOLATION_WRITE_c0000005__unknown+172cebc6__a26206f3d5735900.png,/Users/ebukaobi/Desktop/Arts Demands/fsviewer/fsviewer-crashes/fsviewer-ACCESS_VIOLATION_WRITE_c0000005__unknown+172cebc6__a26206f3d5735900.png,WRITE
faststone,fsviewer-ACCESS_VIOLATION_WRITE_c0000005__unknown+172daa8c__d6639ce7a3f083bb.png,/Users/ebukaobi/Desktop/Arts Demands/fsviewer/fsviewer-crashes/fsviewer-ACCESS_VIOLATION_WRITE_c0000005__unknown+172daa8c__d6639ce7a3f083bb.png,WRITE
faststone,fsviewer-ACCESS_VIOLATION_WRITE_c0000005__unknown+172dabb7__4dfd06bfbd369dc7.png,/Users/ebukaobi/Desktop/Arts Demands/fsviewer/fsviewer-crashes/fsviewer-ACCESS_VIOLATION_WRITE_c0000005__unknown+172dabb7__4dfd06bfbd369dc7.png,WRITE
faststone,fsviewer-ACCESS_VIOLATION_WRITE_c0000005__unknown+172db7de__b1e6bf2edb27888f.png,/Users/ebukaobi/Desktop/Arts Demands/fsviewer/fsviewer-crashes/fsviewer-ACCESS_VIOLATION_WRITE_c0000005__unknown+172db7de__b1e6bf2edb27888f.png,WRITE
faststone,fsviewer-ACCESS_VIOLATION_WRITE_c0000005__unknown+172db82f__37862f2f2b546d93.png,/Users/ebukaobi/Desktop/Arts Demands/fsviewer/fsviewer-crashes/fsviewer-ACCESS_VIOLATION_WRITE_c0000005__unknown+172db82f__37862f2f2b546d93.png,WRITE
faststone,fsviewer-ACCESS_VIOLATION_WRITE_c0000005__unknown+172dbd2d__f22d5379ebc39dde.png,/Users/ebukaobi/Desktop/Arts Demands/fsviewer/fsviewer-crashes/fsviewer-ACCESS_VIOLATION_WRITE_c0000005__unknown+172dbd2d__f22d5379ebc39dde.png,WRITE
faststone,fsviewer-ACCESS_VIOLATION_WRITE_c0000005__unknown+172dfb0c__799406a237d1df02.png,/Users/ebukaobi/Desktop/Arts Demands/fsviewer/fsviewer-crashes/fsviewer-ACCESS_VIOLATION_WRITE_c0000005__unknown+172dfb0c__799406a237d1df02.png,DoS
faststone,fsviewer-ACCESS_VIOLATION_WRITE_c0000005__unknown+172eabf1__04aaa0e70e569200.png,/Users/ebukaobi/Desktop/Arts Demands/fsviewer/fsviewer-crashes/fsviewer-ACCESS_VIOLATION_WRITE_c0000005__unknown+172eabf1__04aaa0e70e569200.png,WRITE
faststone,fsviewer-ACCESS_VIOLATION_WRITE_c0000005__unknown+172fab82__70bbc948a624d0b2.png,/Users/ebukaobi/Desktop/Arts Demands/fsviewer/fsviewer-crashes/fsviewer-ACCESS_VIOLATION_WRITE_c0000005__unknown+172fab82__70bbc948a624d0b2.png,WRITE
faststone,fsviewer-ACCESS_VIOLATION_WRITE_c0000005__unknown+172fbe45__5dc3e2c1b4b3f800.png,/Users/ebukaobi/Desktop/Arts Demands/fsviewer/fsviewer-crashes/fsviewer-ACCESS_VIOLATION_WRITE_c0000005__unknown+172fbe45__5dc3e2c1b4b3f800.png,WRITE
faststone,fsviewer-ACCESS_VIOLATION_WRITE_c0000005__unknown+172fcb3d__0ab3467abb34c388.png,/Users/ebukaobi/Desktop/Arts Demands/fsviewer/fsviewer-crashes/fsviewer-ACCESS_VIOLATION_WRITE_c0000005__unknown+172fcb3d__0ab3467abb34c388.png,WRITE
faststone,fsviewer-ACCESS_VIOLATION_WRITE_c0000005__unknown+17307765__f732e759f40e9629.png,/Users/ebukaobi/Desktop/Arts Demands/fsviewer/fsviewer-crashes/fsviewer-ACCESS_VIOLATION_WRITE_c0000005__unknown+17307765__f732e759f40e9629.png,DoS
faststone,fsviewer-ACCESS_VIOLATION_WRITE_c0000005__unknown+1730a2df__d21eadb7a63f786a.png,/Users/ebukaobi/Desktop/Arts Demands/fsviewer/fsviewer-crashes/fsviewer-ACCESS_VIOLATION_WRITE_c0000005__unknown+1730a2df__d21eadb7a63f786a.png,DoS
faststone,fsviewer-ACCESS_VIOLATION_WRITE_c0000005__unknown+1730acaa__2cb8f907fd1bdb74.png,/Users/ebukaobi/Desktop/Arts Demands/fsviewer/fsviewer-crashes/fsviewer-ACCESS_VIOLATION_WRITE_c0000005__unknown+1730acaa__2cb8f907fd1bdb74.png,WRITE
faststone,fsviewer-ACCESS_VIOLATION_WRITE_c0000005__unknown+1731afc9__4b2b5865191a81fc.png,/Users/ebukaobi/Desktop/Arts Demands/fsviewer/fsviewer-crashes/fsviewer-ACCESS_VIOLATION_WRITE_c0000005__unknown+1731afc9__4b2b5865191a81fc.png,WRITE
faststone,fsviewer-ACCESS_VIOLATION_WRITE_c0000005__unknown+1732b2ca__c8780ad40bc4dc70.png,/Users/ebukaobi/Desktop/Arts Demands/fsviewer/fsviewer-crashes/fsviewer-ACCESS_VIOLATION_WRITE_c0000005__unknown+1732b2ca__c8780ad40bc4dc70.png,WRITE
faststone,fsviewer-ACCESS_VIOLATION_WRITE_c0000005__unknown+1732c2bf__47086690fbbbe4da.png,/Users/ebukaobi/Desktop/Arts Demands/fsviewer/fsviewer-crashes/fsviewer-ACCESS_VIOLATION_WRITE_c0000005__unknown+1732c2bf__47086690fbbbe4da.png,WRITE
faststone,fsviewer-ACCESS_VIOLATION_WRITE_c0000005__unknown+173320a9__8f4c5d14100ee2aa.png,/Users/ebukaobi/Desktop/Arts Demands/fsviewer/fsviewer-crashes/fsviewer-ACCESS_VIOLATION_WRITE_c0000005__unknown+173320a9__8f4c5d14100ee2aa.png,DoS
faststone,fsviewer-ACCESS_VIOLATION_WRITE_c0000005__unknown+17338649__b46307c33dd53364.png,/Users/ebukaobi/Desktop/Arts Demands/fsviewer/fsviewer-crashes/fsviewer-ACCESS_VIOLATION_WRITE_c0000005__unknown+17338649__b46307c33dd53364.png,DoS
faststone,fsviewer-ACCESS_VIOLATION_WRITE_c0000005__unknown+1733ae57__22d5228ca787ba9a.png,/Users/ebukaobi/Desktop/Arts Demands/fsviewer/fsviewer-crashes/fsviewer-ACCESS_VIOLATION_WRITE_c0000005__unknown+1733ae57__22d5228ca787ba9a.png,WRITE
faststone,fsviewer-ACCESS_VIOLATION_WRITE_c0000005__unknown+1733c353__719f28954affd3a4.png,/Users/ebukaobi/Desktop/Arts Demands/fsviewer/fsviewer-crashes/fsviewer-ACCESS_VIOLATION_WRITE_c0000005__unknown+1733c353__719f28954affd3a4.png,WRITE
faststone,fsviewer-ACCESS_VIOLATION_WRITE_c0000005__unknown+17340c05__23f90a9ce4470947.png,/Users/ebukaobi/Desktop/Arts Demands/fsviewer/fsviewer-crashes/fsviewer-ACCESS_VIOLATION_WRITE_c0000005__unknown+17340c05__23f90a9ce4470947.png,DoS
faststone,fsviewer-ACCESS_VIOLATION_WRITE_c0000005__unknown+17344dad__f5b746c6da5b1e83.png,/Users/ebukaobi/Desktop/Arts Demands/fsviewer/fsviewer-crashes/fsviewer-ACCESS_VIOLATION_WRITE_c0000005__unknown+17344dad__f5b746c6da5b1e83.png,DoS
faststone,fsviewer-ACCESS_VIOLATION_WRITE_c0000005__unknown+1734b08b__6640fd01c4eb1815.png,/Users/ebukaobi/Desktop/Arts Demands/fsviewer/fsviewer-crashes/fsviewer-ACCESS_VIOLATION_WRITE_c0000005__unknown+1734b08b__6640fd01c4eb1815.png,WRITE
faststone,fsviewer-ACCESS_VIOLATION_WRITE_c0000005__unknown+1734d1ff__2f214e571cf21e05.png,/Users/ebukaobi/Desktop/Arts Demands/fsviewer/fsviewer-crashes/fsviewer-ACCESS_VIOLATION_WRITE_c0000005__unknown+1734d1ff__2f214e571cf21e05.png,WRITE
faststone,fsviewer-ACCESS_VIOLATION_WRITE_c0000005__unknown+17358024__e2a472e044ef2952.png,/Users/ebukaobi/Desktop/Arts Demands/fsviewer/fsviewer-crashes/fsviewer-ACCESS_VIOLATION_WRITE_c0000005__unknown+17358024__e2a472e044ef2952.png,DoS
faststone,fsviewer-ACCESS_VIOLATION_WRITE_c0000005__unknown+1735972d__04b7eebbe19875b8.png,/Users/ebukaobi/Desktop/Arts Demands/fsviewer/fsviewer-crashes/fsviewer-ACCESS_VIOLATION_WRITE_c0000005__unknown+1735972d__04b7eebbe19875b8.png,DoS
faststone,fsviewer-ACCESS_VIOLATION_WRITE_c0000005__unknown+173634f4__85a85ac6f9678809.png,/Users/ebukaobi/Desktop/Arts Demands/fsviewer/fsviewer-crashes/fsviewer-ACCESS_VIOLATION_WRITE_c0000005__unknown+173634f4__85a85ac6f9678809.png,WRITE
faststone,fsviewer-ACCESS_VIOLATION_WRITE_c0000005__unknown+17367095__87717a098a9f6c80.png,/Users/ebukaobi/Desktop/Arts Demands/fsviewer/fsviewer-crashes/fsviewer-ACCESS_VIOLATION_WRITE_c0000005__unknown+17367095__87717a098a9f6c80.png,DoS
faststone,fsviewer-ACCESS_VIOLATION_WRITE_c0000005__unknown+17367a49__5725854c0a07937b.png,/Users/ebukaobi/Desktop/Arts Demands/fsviewer/fsviewer-crashes/fsviewer-ACCESS_VIOLATION_WRITE_c0000005__unknown+17367a49__5725854c0a07937b.png,WRITE
faststone,fsviewer-ACCESS_VIOLATION_WRITE_c0000005__unknown+1736890b__0aaa9c39c592dfe3.png,/Users/ebukaobi/Desktop/Arts Demands/fsviewer/fsviewer-crashes/fsviewer-ACCESS_VIOLATION_WRITE_c0000005__unknown+1736890b__0aaa9c39c592dfe3.png,WRITE
faststone,fsviewer-ACCESS_VIOLATION_WRITE_c0000005__unknown+173689e8__c2183fa39d033e21.png,/Users/ebukaobi/Desktop/Arts Demands/fsviewer/fsviewer-crashes/fsviewer-ACCESS_VIOLATION_WRITE_c0000005__unknown+173689e8__c2183fa39d033e21.png,DoS
faststone,fsviewer-ACCESS_VIOLATION_WRITE_c0000005__unknown+17368ed1__df1dd0a329371a4b.png,/Users/ebukaobi/Desktop/Arts Demands/fsviewer/fsviewer-crashes/fsviewer-ACCESS_VIOLATION_WRITE_c0000005__unknown+17368ed1__df1dd0a329371a4b.png,WRITE
faststone,fsviewer-ACCESS_VIOLATION_WRITE_c0000005__unknown+1736cbe6__3590a363efa6b460.png,/Users/ebukaobi/Desktop/Arts Demands/fsviewer/fsviewer-crashes/fsviewer-ACCESS_VIOLATION_WRITE_c0000005__unknown+1736cbe6__3590a363efa6b460.png,WRITE
faststone,fsviewer-ACCESS_VIOLATION_WRITE_c0000005__unknown+1736dfac__72ccb845cd5364c4.png,/Users/ebukaobi/Desktop/Arts Demands/fsviewer/fsviewer-crashes/fsviewer-ACCESS_VIOLATION_WRITE_c0000005__unknown+1736dfac__72ccb845cd5364c4.png,WRITE
faststone,fsviewer-ACCESS_VIOLATION_WRITE_c0000005__unknown+1736ee51__95dbc5575321d477.png,/Users/ebukaobi/Desktop/Arts Demands/fsviewer/fsviewer-crashes/fsviewer-ACCESS_VIOLATION_WRITE_c0000005__unknown+1736ee51__95dbc5575321d477.png,WRITE
faststone,fsviewer-ACCESS_VIOLATION_WRITE_c0000005__unknown+17372c46__8dbdb5be008af65e.png,/Users/ebukaobi/Desktop/Arts Demands/fsviewer/fsviewer-crashes/fsviewer-ACCESS_VIOLATION_WRITE_c0000005__unknown+17372c46__8dbdb5be008af65e.png,WRITE
faststone,fsviewer-ACCESS_VIOLATION_WRITE_c0000005__unknown+17374d48__24eb610711c342b7.png,/Users/ebukaobi/Desktop/Arts Demands/fsviewer/fsviewer-crashes/fsviewer-ACCESS_VIOLATION_WRITE_c0000005__unknown+17374d48__24eb610711c342b7.png,WRITE
faststone,fsviewer-ACCESS_VIOLATION_WRITE_c0000005__unknown+17377615__ca510e7cc2e09e02.png,/Users/ebukaobi/Desktop/Arts Demands/fsviewer/fsviewer-crashes/fsviewer-ACCESS_VIOLATION_WRITE_c0000005__unknown+17377615__ca510e7cc2e09e02.png,DoS
faststone,fsviewer-ACCESS_VIOLATION_WRITE_c0000005__unknown+1737b8fa__f315ff49a1fce1b1.png,/Users/ebukaobi/Desktop/Arts Demands/fsviewer/fsviewer-crashes/fsviewer-ACCESS_VIOLATION_WRITE_c0000005__unknown+1737b8fa__f315ff49a1fce1b1.png,WRITE
faststone,fsviewer-ACCESS_VIOLATION_WRITE_c0000005__unknown+1737cc52__eadf8dd344358102.png,/Users/ebukaobi/Desktop/Arts Demands/fsviewer/fsviewer-crashes/fsviewer-ACCESS_VIOLATION_WRITE_c0000005__unknown+1737cc52__eadf8dd344358102.png,WRITE
faststone,fsviewer-ACCESS_VIOLATION_WRITE_c0000005__unknown+17386822__abe5875da0dacece.png,/Users/ebukaobi/Desktop/Arts Demands/fsviewer/fsviewer-crashes/fsviewer-ACCESS_VIOLATION_WRITE_c0000005__unknown+17386822__abe5875da0dacece.png,DoS
faststone,fsviewer-ACCESS_VIOLATION_WRITE_c0000005__unknown+1738a0ba__cd3e86e8a7bd331c.png,/Users/ebukaobi/Desktop/Arts Demands/fsviewer/fsviewer-crashes/fsviewer-ACCESS_VIOLATION_WRITE_c0000005__unknown+1738a0ba__cd3e86e8a7bd331c.png,DoS
faststone,fsviewer-ACCESS_VIOLATION_WRITE_c0000005__unknown+1738aea0__e624586c3b728b04.png,/Users/ebukaobi/Desktop/Arts Demands/fsviewer/fsviewer-crashes/fsviewer-ACCESS_VIOLATION_WRITE_c0000005__unknown+1738aea0__e624586c3b728b04.png,WRITE
faststone,fsviewer-ACCESS_VIOLATION_WRITE_c0000005__unknown+1738db96__dbb6642ec92a83b5.png,/Users/ebukaobi/Desktop/Arts Demands/fsviewer/fsviewer-crashes/fsviewer-ACCESS_VIOLATION_WRITE_c0000005__unknown+1738db96__dbb6642ec92a83b5.png,DoS
faststone,fsviewer-ACCESS_VIOLATION_WRITE_c0000005__unknown+173977ec__5db9cbb387a2eca8.png,/Users/ebukaobi/Desktop/Arts Demands/fsviewer/fsviewer-crashes/fsviewer-ACCESS_VIOLATION_WRITE_c0000005__unknown+173977ec__5db9cbb387a2eca8.png,DoS
faststone,fsviewer-ACCESS_VIOLATION_WRITE_c0000005__unknown+17397a45__16d5eea7d14bb2e3.png,/Users/ebukaobi/Desktop/Arts Demands/fsviewer/fsviewer-crashes/fsviewer-ACCESS_VIOLATION_WRITE_c0000005__unknown+17397a45__16d5eea7d14bb2e3.png,WRITE
faststone,fsviewer-ACCESS_VIOLATION_WRITE_c0000005__unknown+17397ef7__861ace3aaad9d3a2.png,/Users/ebukaobi/Desktop/Arts Demands/fsviewer/fsviewer-crashes/fsviewer-ACCESS_VIOLATION_WRITE_c0000005__unknown+17397ef7__861ace3aaad9d3a2.png,DoS
faststone,fsviewer-ACCESS_VIOLATION_WRITE_c0000005__unknown+17398cc0__44915bcb45b94339.png,/Users/ebukaobi/Desktop/Arts Demands/fsviewer/fsviewer-crashes/fsviewer-ACCESS_VIOLATION_WRITE_c0000005__unknown+17398cc0__44915bcb45b94339.png,WRITE
faststone,fsviewer-ACCESS_VIOLATION_WRITE_c0000005__unknown+1739df31__441ac4e3e0e72fc3.png,/Users/ebukaobi/Desktop/Arts Demands/fsviewer/fsviewer-crashes/fsviewer-ACCESS_VIOLATION_WRITE_c0000005__unknown+1739df31__441ac4e3e0e72fc3.png,DoS
faststone,fsviewer-ACCESS_VIOLATION_WRITE_c0000005__unknown+1739f83e__1f3cd9f3573238be.png,/Users/ebukaobi/Desktop/Arts Demands/fsviewer/fsviewer-crashes/fsviewer-ACCESS_VIOLATION_WRITE_c0000005__unknown+1739f83e__1f3cd9f3573238be.png,DoS
faststone,fsviewer-ACCESS_VIOLATION_WRITE_c0000005__unknown+173a1a36__2d9a3a728c02ce9b.png,/Users/ebukaobi/Desktop/Arts Demands/fsviewer/fsviewer-crashes/fsviewer-ACCESS_VIOLATION_WRITE_c0000005__unknown+173a1a36__2d9a3a728c02ce9b.png,DoS
faststone,fsviewer-ACCESS_VIOLATION_WRITE_c0000005__unknown+173a7acc__ad0c335e92729b8e.png,/Users/ebukaobi/Desktop/Arts Demands/fsviewer/fsviewer-crashes/fsviewer-ACCESS_VIOLATION_WRITE_c0000005__unknown+173a7acc__ad0c335e92729b8e.png,WRITE
faststone,fsviewer-ACCESS_VIOLATION_WRITE_c0000005__unknown+173ae832__75c0255181d0378b.png,/Users/ebukaobi/Desktop/Arts Demands/fsviewer/fsviewer-crashes/fsviewer-ACCESS_VIOLATION_WRITE_c0000005__unknown+173ae832__75c0255181d0378b.png,WRITE
faststone,fsviewer-ACCESS_VIOLATION_WRITE_c0000005__unknown+173b054d__5af1665d027a2db2.png,/Users/ebukaobi/Desktop/Arts Demands/fsviewer/fsviewer-crashes/fsviewer-ACCESS_VIOLATION_WRITE_c0000005__unknown+173b054d__5af1665d027a2db2.png,DoS
faststone,fsviewer-ACCESS_VIOLATION_WRITE_c0000005__unknown+173b53a9__532d44290ce7f2e9.png,/Users/ebukaobi/Desktop/Arts Demands/fsviewer/fsviewer-crashes/fsviewer-ACCESS_VIOLATION_WRITE_c0000005__unknown+173b53a9__532d44290ce7f2e9.png,DoS
faststone,fsviewer-ACCESS_VIOLATION_WRITE_c0000005__unknown+173b9831__c9beeff4f4f9f110.png,/Users/ebukaobi/Desktop/Arts Demands/fsviewer/fsviewer-crashes/fsviewer-ACCESS_VIOLATION_WRITE_c0000005__unknown+173b9831__c9beeff4f4f9f110.png,DoS
faststone,fsviewer-ACCESS_VIOLATION_WRITE_c0000005__unknown+173bac18__373d702dd7d13514.png,/Users/ebukaobi/Desktop/Arts Demands/fsviewer/fsviewer-crashes/fsviewer-ACCESS_VIOLATION_WRITE_c0000005__unknown+173bac18__373d702dd7d13514.png,WRITE
faststone,fsviewer-ACCESS_VIOLATION_WRITE_c0000005__unknown+173bb919__53b43f842cbcd4a9.png,/Users/ebukaobi/Desktop/Arts Demands/fsviewer/fsviewer-crashes/fsviewer-ACCESS_VIOLATION_WRITE_c0000005__unknown+173bb919__53b43f842cbcd4a9.png,WRITE
faststone,fsviewer-ACCESS_VIOLATION_WRITE_c0000005__unknown+173c5923__578e463cd316a17f.png,/Users/ebukaobi/Desktop/Arts Demands/fsviewer/fsviewer-crashes/fsviewer-ACCESS_VIOLATION_WRITE_c0000005__unknown+173c5923__578e463cd316a17f.png,DoS
faststone,fsviewer-ACCESS_VIOLATION_WRITE_c0000005__unknown+173c7e75__63a1ff62f875e3ef.png,/Users/ebukaobi/Desktop/Arts Demands/fsviewer/fsviewer-crashes/fsviewer-ACCESS_VIOLATION_WRITE_c0000005__unknown+173c7e75__63a1ff62f875e3ef.png,WRITE
faststone,fsviewer-ACCESS_VIOLATION_WRITE_c0000005__unknown+173c9eff__f39f0cb701f57bfd.png,/Users/ebukaobi/Desktop/Arts Demands/fsviewer/fsviewer-crashes/fsviewer-ACCESS_VIOLATION_WRITE_c0000005__unknown+173c9eff__f39f0cb701f57bfd.png,WRITE
faststone,fsviewer-ACCESS_VIOLATION_WRITE_c0000005__unknown+173ca5ac__c1a261b1ef6bc1ec.png,/Users/ebukaobi/Desktop/Arts Demands/fsviewer/fsviewer-crashes/fsviewer-ACCESS_VIOLATION_WRITE_c0000005__unknown+173ca5ac__c1a261b1ef6bc1ec.png,WRITE
faststone,fsviewer-ACCESS_VIOLATION_WRITE_c0000005__unknown+173cb83d__218c9ebbe20934a8.png,/Users/ebukaobi/Desktop/Arts Demands/fsviewer/fsviewer-crashes/fsviewer-ACCESS_VIOLATION_WRITE_c0000005__unknown+173cb83d__218c9ebbe20934a8.png,DoS
faststone,fsviewer-ACCESS_VIOLATION_WRITE_c0000005__unknown+173e7301__8166006d664ab77d.png,/Users/ebukaobi/Desktop/Arts Demands/fsviewer/fsviewer-crashes/fsviewer-ACCESS_VIOLATION_WRITE_c0000005__unknown+173e7301__8166006d664ab77d.png,DoS
faststone,fsviewer-ACCESS_VIOLATION_WRITE_c0000005__unknown+173f6c24__5e94a71c5f43f822.png,/Users/ebukaobi/Desktop/Arts Demands/fsviewer/fsviewer-crashes/fsviewer-ACCESS_VIOLATION_WRITE_c0000005__unknown+173f6c24__5e94a71c5f43f822.png,DoS
faststone,fsviewer-ACCESS_VIOLATION_WRITE_c0000005__unknown+17402425__f8411ae0e446a14d.png,/Users/ebukaobi/Desktop/Arts Demands/fsviewer/fsviewer-crashes/fsviewer-ACCESS_VIOLATION_WRITE_c0000005__unknown+17402425__f8411ae0e446a14d.png,WRITE
faststone,fsviewer-ACCESS_VIOLATION_WRITE_c0000005__unknown+1740ae72__e0b7386153e2c29b.png,/Users/ebukaobi/Desktop/Arts Demands/fsviewer/fsviewer-crashes/fsviewer-ACCESS_VIOLATION_WRITE_c0000005__unknown+1740ae72__e0b7386153e2c29b.png,WRITE
faststone,fsviewer-ACCESS_VIOLATION_WRITE_c0000005__unknown+17479928__0d2dc901d02e5991.png,/Users/ebukaobi/Desktop/Arts Demands/fsviewer/fsviewer-crashes/fsviewer-ACCESS_VIOLATION_WRITE_c0000005__unknown+17479928__0d2dc901d02e5991.png,WRITE
faststone,fsviewer-ACCESS_VIOLATION_WRITE_c0000005__unknown+174f9146__c5ef82aaf972a0be.png,/Users/ebukaobi/Desktop/Arts Demands/fsviewer/fsviewer-crashes/fsviewer-ACCESS_VIOLATION_WRITE_c0000005__unknown+174f9146__c5ef82aaf972a0be.png,WRITE
faststone,fsviewer-ACCESS_VIOLATION_WRITE_c0000005__unknown+175317ce__8ee0c7421f1adc3c.png,/Users/ebukaobi/Desktop/Arts Demands/fsviewer/fsviewer-crashes/fsviewer-ACCESS_VIOLATION_WRITE_c0000005__unknown+175317ce__8ee0c7421f1adc3c.png,DoS
faststone,fsviewer-ACCESS_VIOLATION_WRITE_c0000005__unknown+17548b49__aa740a188dd51c6c.png,/Users/ebukaobi/Desktop/Arts Demands/fsviewer/fsviewer-crashes/fsviewer-ACCESS_VIOLATION_WRITE_c0000005__unknown+17548b49__aa740a188dd51c6c.png,WRITE
faststone,fsviewer-ACCESS_VIOLATION_WRITE_c0000005__unknown+1755b390__01b90e3448316ae4.png,/Users/ebukaobi/Desktop/Arts Demands/fsviewer/fsviewer-crashes/fsviewer-ACCESS_VIOLATION_WRITE_c0000005__unknown+1755b390__01b90e3448316ae4.png,DoS
faststone,fsviewer-INVALID_POINTER_READ_c0000005__driver_x32+18b996__85e8d7fdab186496.png,/Users/ebukaobi/Desktop/Arts Demands/fsviewer/fsviewer-crashes/fsviewer-INVALID_POINTER_READ_c0000005__driver_x32+18b996__85e8d7fdab186496.png,DoS
faststone,fsviewer-INVALID_POINTER_READ_c0000005__fsviewer+1b97c0__b818bc2dcfdb6fe6.png,/Users/ebukaobi/Desktop/Arts Demands/fsviewer/fsviewer-crashes/fsviewer-INVALID_POINTER_READ_c0000005__fsviewer+1b97c0__b818bc2dcfdb6fe6.png,WRITE
faststone,fsviewer-INVALID_POINTER_READ_c0000005__fsviewer+2419c4__e4ff64234b800065.png,/Users/ebukaobi/Desktop/Arts Demands/fsviewer/fsviewer-crashes/fsviewer-INVALID_POINTER_READ_c0000005__fsviewer+2419c4__e4ff64234b800065.png,DoS
faststone,fsviewer-INVALID_POINTER_READ_c0000005__fsviewer+2419f2__d355b3e8bdc8b6f5.png,/Users/ebukaobi/Desktop/Arts Demands/fsviewer/fsviewer-crashes/fsviewer-INVALID_POINTER_READ_c0000005__fsviewer+2419f2__d355b3e8bdc8b6f5.png,DoS
faststone,fsviewer-INVALID_POINTER_READ_c0000005__fsviewer+24d845__2abc8dc420b0d620.png,/Users/ebukaobi/Desktop/Arts Demands/fsviewer/fsviewer-crashes/fsviewer-INVALID_POINTER_READ_c0000005__fsviewer+24d845__2abc8dc420b0d620.png,DoS
faststone,fsviewer-INVALID_POINTER_READ_c0000005__fsviewer+24d909__77d0e18d37a885d2.png,/Users/ebukaobi/Desktop/Arts Demands/fsviewer/fsviewer-crashes/fsviewer-INVALID_POINTER_READ_c0000005__fsviewer+24d909__77d0e18d37a885d2.png,DoS
faststone,fsviewer-INVALID_POINTER_READ_c0000005__fsviewer+2d6d__925450db98b31799.png,/Users/ebukaobi/Desktop/Arts Demands/fsviewer/fsviewer-crashes/fsviewer-INVALID_POINTER_READ_c0000005__fsviewer+2d6d__925450db98b31799.png,DoS
faststone,fsviewer-INVALID_POINTER_READ_c0000005__fsviewer+4394__066660f07e6adb74.png,/Users/ebukaobi/Desktop/Arts Demands/fsviewer/fsviewer-crashes/fsviewer-INVALID_POINTER_READ_c0000005__fsviewer+4394__066660f07e6adb74.png,DoS
faststone,fsviewer-INVALID_POINTER_READ_c0000005__fsviewer+5e10d3__317dab2538828666.png,/Users/ebukaobi/Desktop/Arts Demands/fsviewer/fsviewer-crashes/fsviewer-INVALID_POINTER_READ_c0000005__fsviewer+5e10d3__317dab2538828666.png,WRITE
faststone,fsviewer-INVALID_POINTER_READ_c0000005__fsviewer+9590__94ba8d4d9a6d028e.png,/Users/ebukaobi/Desktop/Arts Demands/fsviewer/fsviewer-crashes/fsviewer-INVALID_POINTER_READ_c0000005__fsviewer+9590__94ba8d4d9a6d028e.png,DoS
faststone,fsviewer-INVALID_POINTER_READ_c0000005__fsviewer+95a7__3b31798e1c6ce970.png,/Users/ebukaobi/Desktop/Arts Demands/fsviewer/fsviewer-crashes/fsviewer-INVALID_POINTER_READ_c0000005__fsviewer+95a7__3b31798e1c6ce970.png,WRITE
faststone,fsviewer-INVALID_POINTER_READ_c0000005__fsviewer+f60fd__eb0f881faa3df143.png,/Users/ebukaobi/Desktop/Arts Demands/fsviewer/fsviewer-crashes/fsviewer-INVALID_POINTER_READ_c0000005__fsviewer+f60fd__eb0f881faa3df143.png,DoS
faststone,fsviewer-INVALID_POINTER_READ_c0000005__ntdll+883aa__fe07969ce7ab5157.png,/Users/ebukaobi/Desktop/Arts Demands/fsviewer/fsviewer-crashes/fsviewer-INVALID_POINTER_READ_c0000005__ntdll+883aa__fe07969ce7ab5157.png,WRITE
faststone,fsviewer-INVALID_POINTER_READ_c0000005__unknown+1671ab75__7b05385a4e0dcb65.png,/Users/ebukaobi/Desktop/Arts Demands/fsviewer/fsviewer-crashes/fsviewer-INVALID_POINTER_READ_c0000005__unknown+1671ab75__7b05385a4e0dcb65.png,DoS
faststone,fsviewer-INVALID_POINTER_READ_c0000005__unknown+1672ab75__e90a429d97ba386c.png,/Users/ebukaobi/Desktop/Arts Demands/fsviewer/fsviewer-crashes/fsviewer-INVALID_POINTER_READ_c0000005__unknown+1672ab75__e90a429d97ba386c.png,WRITE
faststone,fsviewer-INVALID_POINTER_READ_c0000005__unknown+1673ab75__e63d6d56c5402de5.png,/Users/ebukaobi/Desktop/Arts Demands/fsviewer/fsviewer-crashes/fsviewer-INVALID_POINTER_READ_c0000005__unknown+1673ab75__e63d6d56c5402de5.png,WRITE
faststone,fsviewer-INVALID_POINTER_READ_c0000005__unknown+1674ab75__bcdb559a85f7134d.png,/Users/ebukaobi/Desktop/Arts Demands/fsviewer/fsviewer-crashes/fsviewer-INVALID_POINTER_READ_c0000005__unknown+1674ab75__bcdb559a85f7134d.png,WRITE
faststone,fsviewer-INVALID_POINTER_READ_c0000005__unknown+1675ab75__649ee2637aaa09d2.png,/Users/ebukaobi/Desktop/Arts Demands/fsviewer/fsviewer-crashes/fsviewer-INVALID_POINTER_READ_c0000005__unknown+1675ab75__649ee2637aaa09d2.png,WRITE
faststone,fsviewer-INVALID_POINTER_READ_c0000005__unknown+1677ab75__1478e996e28306e3.png,/Users/ebukaobi/Desktop/Arts Demands/fsviewer/fsviewer-crashes/fsviewer-INVALID_POINTER_READ_c0000005__unknown+1677ab75__1478e996e28306e3.png,WRITE
faststone,fsviewer-INVALID_POINTER_READ_c0000005__unknown+167fab75__e324572cd95782e3.png,/Users/ebukaobi/Desktop/Arts Demands/fsviewer/fsviewer-crashes/fsviewer-INVALID_POINTER_READ_c0000005__unknown+167fab75__e324572cd95782e3.png,WRITE
faststone,fsviewer-INVALID_POINTER_READ_c0000005__unknown+1680ab75__24e2d12608c3ad4b.png,/Users/ebukaobi/Desktop/Arts Demands/fsviewer/fsviewer-crashes/fsviewer-INVALID_POINTER_READ_c0000005__unknown+1680ab75__24e2d12608c3ad4b.png,WRITE
faststone,fsviewer-INVALID_POINTER_READ_c0000005__unknown+1682ab75__ebcc564d65be408b.png,/Users/ebukaobi/Desktop/Arts Demands/fsviewer/fsviewer-crashes/fsviewer-INVALID_POINTER_READ_c0000005__unknown+1682ab75__ebcc564d65be408b.png,WRITE
faststone,fsviewer-INVALID_POINTER_READ_c0000005__unknown+1683ab75__60d6a49b23c5cc23.png,/Users/ebukaobi/Desktop/Arts Demands/fsviewer/fsviewer-crashes/fsviewer-INVALID_POINTER_READ_c0000005__unknown+1683ab75__60d6a49b23c5cc23.png,DoS
faststone,fsviewer-INVALID_POINTER_READ_c0000005__unknown+1684ab75__987768291556d5db.png,/Users/ebukaobi/Desktop/Arts Demands/fsviewer/fsviewer-crashes/fsviewer-INVALID_POINTER_READ_c0000005__unknown+1684ab75__987768291556d5db.png,WRITE
faststone,fsviewer-INVALID_POINTER_READ_c0000005__unknown+1686ab75__c757f6090a4ffd07.png,/Users/ebukaobi/Desktop/Arts Demands/fsviewer/fsviewer-crashes/fsviewer-INVALID_POINTER_READ_c0000005__unknown+1686ab75__c757f6090a4ffd07.png,WRITE
faststone,fsviewer-INVALID_POINTER_READ_c0000005__unknown+1688ab75__d6cb472a860b21c5.png,/Users/ebukaobi/Desktop/Arts Demands/fsviewer/fsviewer-crashes/fsviewer-INVALID_POINTER_READ_c0000005__unknown+1688ab75__d6cb472a860b21c5.png,WRITE
faststone,fsviewer-INVALID_POINTER_READ_c0000005__unknown+1694ab75__e209cbe2d14cd8f2.png,/Users/ebukaobi/Desktop/Arts Demands/fsviewer/fsviewer-crashes/fsviewer-INVALID_POINTER_READ_c0000005__unknown+1694ab75__e209cbe2d14cd8f2.png,DoS
faststone,fsviewer-INVALID_POINTER_READ_c0000005__unknown+1696ab75__dc140d8c747e3950.png,/Users/ebukaobi/Desktop/Arts Demands/fsviewer/fsviewer-crashes/fsviewer-INVALID_POINTER_READ_c0000005__unknown+1696ab75__dc140d8c747e3950.png,WRITE
faststone,fsviewer-INVALID_POINTER_READ_c0000005__unknown+16aaab75__c7336d7b8c56d2d1.png,/Users/ebukaobi/Desktop/Arts Demands/fsviewer/fsviewer-crashes/fsviewer-INVALID_POINTER_READ_c0000005__unknown+16aaab75__c7336d7b8c56d2d1.png,WRITE
faststone,fsviewer-INVALID_POINTER_READ_c0000005__unknown+16acab75__cb537e4e15743cb3.png,/Users/ebukaobi/Desktop/Arts Demands/fsviewer/fsviewer-crashes/fsviewer-INVALID_POINTER_READ_c0000005__unknown+16acab75__cb537e4e15743cb3.png,WRITE
faststone,fsviewer-INVALID_POINTER_READ_c0000005__unknown+16adab75__fe716535a1a48738.png,/Users/ebukaobi/Desktop/Arts Demands/fsviewer/fsviewer-crashes/fsviewer-INVALID_POINTER_READ_c0000005__unknown+16adab75__fe716535a1a48738.png,WRITE
faststone,fsviewer-INVALID_POINTER_READ_c0000005__unknown+16afab75__b6888d27208af293.png,/Users/ebukaobi/Desktop/Arts Demands/fsviewer/fsviewer-crashes/fsviewer-INVALID_POINTER_READ_c0000005__unknown+16afab75__b6888d27208af293.png,WRITE
faststone,fsviewer-INVALID_POINTER_READ_c0000005__unknown+16b0ab75__54561656b5339514.png,/Users/ebukaobi/Desktop/Arts Demands/fsviewer/fsviewer-crashes/fsviewer-INVALID_POINTER_READ_c0000005__unknown+16b0ab75__54561656b5339514.png,DoS
faststone,fsviewer-INVALID_POINTER_READ_c0000005__unknown+16b3ab75__ca0ff96bb31674c0.png,/Users/ebukaobi/Desktop/Arts Demands/fsviewer/fsviewer-crashes/fsviewer-INVALID_POINTER_READ_c0000005__unknown+16b3ab75__ca0ff96bb31674c0.png,WRITE
faststone,fsviewer-INVALID_POINTER_READ_c0000005__unknown+16baab75__2a1195b2c26b30f6.png,/Users/ebukaobi/Desktop/Arts Demands/fsviewer/fsviewer-crashes/fsviewer-INVALID_POINTER_READ_c0000005__unknown+16baab75__2a1195b2c26b30f6.png,WRITE
faststone,fsviewer-INVALID_POINTER_READ_c0000005__unknown+16bdab75__966c21070c0f9ff4.png,/Users/ebukaobi/Desktop/Arts Demands/fsviewer/fsviewer-crashes/fsviewer-INVALID_POINTER_READ_c0000005__unknown+16bdab75__966c21070c0f9ff4.png,WRITE
faststone,fsviewer-INVALID_POINTER_READ_c0000005__unknown+16beab75__73d860efd6ef2a1e.png,/Users/ebukaobi/Desktop/Arts Demands/fsviewer/fsviewer-crashes/fsviewer-INVALID_POINTER_READ_c0000005__unknown+16beab75__73d860efd6ef2a1e.png,DoS
faststone,fsviewer-INVALID_POINTER_READ_c0000005__unknown+16c0ab75__2f61c4dca917f97c.png,/Users/ebukaobi/Desktop/Arts Demands/fsviewer/fsviewer-crashes/fsviewer-INVALID_POINTER_READ_c0000005__unknown+16c0ab75__2f61c4dca917f97c.png,WRITE
faststone,fsviewer-INVALID_POINTER_READ_c0000005__unknown+16c1ab75__acabcfc02395ffd1.png,/Users/ebukaobi/Desktop/Arts Demands/fsviewer/fsviewer-crashes/fsviewer-INVALID_POINTER_READ_c0000005__unknown+16c1ab75__acabcfc02395ffd1.png,DoS
faststone,fsviewer-INVALID_POINTER_READ_c0000005__unknown+16c2ab75__1ec7390abbf5963d.png,/Users/ebukaobi/Desktop/Arts Demands/fsviewer/fsviewer-crashes/fsviewer-INVALID_POINTER_READ_c0000005__unknown+16c2ab75__1ec7390abbf5963d.png,WRITE
faststone,fsviewer-INVALID_POINTER_READ_c0000005__unknown+16c3ab75__cd0cc2b4f38bf7f9.png,/Users/ebukaobi/Desktop/Arts Demands/fsviewer/fsviewer-crashes/fsviewer-INVALID_POINTER_READ_c0000005__unknown+16c3ab75__cd0cc2b4f38bf7f9.png,WRITE
faststone,fsviewer-INVALID_POINTER_READ_c0000005__unknown+16c6ab75__d8c9cc06a6dfd79f.png,/Users/ebukaobi/Desktop/Arts Demands/fsviewer/fsviewer-crashes/fsviewer-INVALID_POINTER_READ_c0000005__unknown+16c6ab75__d8c9cc06a6dfd79f.png,WRITE
faststone,fsviewer-INVALID_POINTER_READ_c0000005__unknown+16ccab75__9115b5435aaedcb9.png,/Users/ebukaobi/Desktop/Arts Demands/fsviewer/fsviewer-crashes/fsviewer-INVALID_POINTER_READ_c0000005__unknown+16ccab75__9115b5435aaedcb9.png,WRITE
faststone,fsviewer-INVALID_POINTER_READ_c0000005__unknown+16cdab75__8b4ef62ba734156a.png,/Users/ebukaobi/Desktop/Arts Demands/fsviewer/fsviewer-crashes/fsviewer-INVALID_POINTER_READ_c0000005__unknown+16cdab75__8b4ef62ba734156a.png,WRITE
faststone,fsviewer-INVALID_POINTER_READ_c0000005__unknown+16ceab75__00f4a19586cd83b6.png,/Users/ebukaobi/Desktop/Arts Demands/fsviewer/fsviewer-crashes/fsviewer-INVALID_POINTER_READ_c0000005__unknown+16ceab75__00f4a19586cd83b6.png,WRITE
faststone,fsviewer-INVALID_POINTER_READ_c0000005__unknown+16cfab75__b2e01273a08a63d6.png,/Users/ebukaobi/Desktop/Arts Demands/fsviewer/fsviewer-crashes/fsviewer-INVALID_POINTER_READ_c0000005__unknown+16cfab75__b2e01273a08a63d6.png,WRITE
faststone,fsviewer-INVALID_POINTER_READ_c0000005__unknown+16d0ab75__93b20880aa6366f9.png,/Users/ebukaobi/Desktop/Arts Demands/fsviewer/fsviewer-crashes/fsviewer-INVALID_POINTER_READ_c0000005__unknown+16d0ab75__93b20880aa6366f9.png,WRITE
faststone,fsviewer-INVALID_POINTER_READ_c0000005__unknown+16d1ab75__d99880fd09814a12.png,/Users/ebukaobi/Desktop/Arts Demands/fsviewer/fsviewer-crashes/fsviewer-INVALID_POINTER_READ_c0000005__unknown+16d1ab75__d99880fd09814a12.png,WRITE
faststone,fsviewer-INVALID_POINTER_READ_c0000005__unknown+16d26ec6__767bad95389d9cf1.png,/Users/ebukaobi/Desktop/Arts Demands/fsviewer/fsviewer-crashes/fsviewer-INVALID_POINTER_READ_c0000005__unknown+16d26ec6__767bad95389d9cf1.png,DoS
faststone,fsviewer-INVALID_POINTER_READ_c0000005__unknown+16d2ab75__b5fe2b675b77893a.png,/Users/ebukaobi/Desktop/Arts Demands/fsviewer/fsviewer-crashes/fsviewer-INVALID_POINTER_READ_c0000005__unknown+16d2ab75__b5fe2b675b77893a.png,DoS
faststone,fsviewer-INVALID_POINTER_READ_c0000005__unknown+16d3ab75__75f7083b6ebcf84d.png,/Users/ebukaobi/Desktop/Arts Demands/fsviewer/fsviewer-crashes/fsviewer-INVALID_POINTER_READ_c0000005__unknown+16d3ab75__75f7083b6ebcf84d.png,WRITE
faststone,fsviewer-INVALID_POINTER_READ_c0000005__unknown+16d4ab75__f8e34ee970b62d76.png,/Users/ebukaobi/Desktop/Arts Demands/fsviewer/fsviewer-crashes/fsviewer-INVALID_POINTER_READ_c0000005__unknown+16d4ab75__f8e34ee970b62d76.png,WRITE
faststone,fsviewer-INVALID_POINTER_READ_c0000005__unknown+16d5ab75__f82df1e9d662ca5e.png,/Users/ebukaobi/Desktop/Arts Demands/fsviewer/fsviewer-crashes/fsviewer-INVALID_POINTER_READ_c0000005__unknown+16d5ab75__f82df1e9d662ca5e.png,DoS
faststone,fsviewer-INVALID_POINTER_READ_c0000005__unknown+16d6ab75__98dff67369403666.png,/Users/ebukaobi/Desktop/Arts Demands/fsviewer/fsviewer-crashes/fsviewer-INVALID_POINTER_READ_c0000005__unknown+16d6ab75__98dff67369403666.png,WRITE
faststone,fsviewer-INVALID_POINTER_READ_c0000005__unknown+16d7ab75__96fe8c7d4c088b76.png,/Users/ebukaobi/Desktop/Arts Demands/fsviewer/fsviewer-crashes/fsviewer-INVALID_POINTER_READ_c0000005__unknown+16d7ab75__96fe8c7d4c088b76.png,DoS
faststone,fsviewer-INVALID_POINTER_READ_c0000005__unknown+16d8ab75__b7197fb45a489ea0.png,/Users/ebukaobi/Desktop/Arts Demands/fsviewer/fsviewer-crashes/fsviewer-INVALID_POINTER_READ_c0000005__unknown+16d8ab75__b7197fb45a489ea0.png,WRITE
faststone,fsviewer-INVALID_POINTER_READ_c0000005__unknown+16d9ab75__3c007c685974b4c5.png,/Users/ebukaobi/Desktop/Arts Demands/fsviewer/fsviewer-crashes/fsviewer-INVALID_POINTER_READ_c0000005__unknown+16d9ab75__3c007c685974b4c5.png,WRITE
faststone,fsviewer-INVALID_POINTER_READ_c0000005__unknown+16daab75__95273535f645c2ee.png,/Users/ebukaobi/Desktop/Arts Demands/fsviewer/fsviewer-crashes/fsviewer-INVALID_POINTER_READ_c0000005__unknown+16daab75__95273535f645c2ee.png,WRITE
faststone,fsviewer-INVALID_POINTER_READ_c0000005__unknown+16e7ab75__8d90d07836ec2b91.png,/Users/ebukaobi/Desktop/Arts Demands/fsviewer/fsviewer-crashes/fsviewer-INVALID_POINTER_READ_c0000005__unknown+16e7ab75__8d90d07836ec2b91.png,WRITE
faststone,fsviewer-INVALID_POINTER_READ_c0000005__unknown+17164b5b__1dd747e756c4020f.png,/Users/ebukaobi/Desktop/Arts Demands/fsviewer/fsviewer-crashes/fsviewer-INVALID_POINTER_READ_c0000005__unknown+17164b5b__1dd747e756c4020f.png,DoS
faststone,fsviewer-INVALID_POINTER_READ_c0000005__unknown+17175b9e__1ce0e8458ac44468.png,/Users/ebukaobi/Desktop/Arts Demands/fsviewer/fsviewer-crashes/fsviewer-INVALID_POINTER_READ_c0000005__unknown+17175b9e__1ce0e8458ac44468.png,DoS
faststone,fsviewer-INVALID_POINTER_READ_c0000005__unknown+17184821__5def64feede6c084.png,/Users/ebukaobi/Desktop/Arts Demands/fsviewer/fsviewer-crashes/fsviewer-INVALID_POINTER_READ_c0000005__unknown+17184821__5def64feede6c084.png,WRITE
faststone,fsviewer-INVALID_POINTER_READ_c0000005__unknown+1719502f__d131d2140601be99.png,/Users/ebukaobi/Desktop/Arts Demands/fsviewer/fsviewer-crashes/fsviewer-INVALID_POINTER_READ_c0000005__unknown+1719502f__d131d2140601be99.png,WRITE
faststone,fsviewer-INVALID_POINTER_READ_c0000005__unknown+171a5803__0f7906e268977d98.png,/Users/ebukaobi/Desktop/Arts Demands/fsviewer/fsviewer-crashes/fsviewer-INVALID_POINTER_READ_c0000005__unknown+171a5803__0f7906e268977d98.png,DoS
faststone,fsviewer-INVALID_POINTER_READ_c0000005__unknown+171a5cef__0ebf381beee063fd.png,/Users/ebukaobi/Desktop/Arts Demands/fsviewer/fsviewer-crashes/fsviewer-INVALID_POINTER_READ_c0000005__unknown+171a5cef__0ebf381beee063fd.png,DoS
faststone,fsviewer-INVALID_POINTER_READ_c0000005__unknown+171b619e__5b446df6471fd9af.png,/Users/ebukaobi/Desktop/Arts Demands/fsviewer/fsviewer-crashes/fsviewer-INVALID_POINTER_READ_c0000005__unknown+171b619e__5b446df6471fd9af.png,DoS
faststone,fsviewer-INVALID_POINTER_READ_c0000005__unknown+171c3d43__09698485495e3033.png,/Users/ebukaobi/Desktop/Arts Demands/fsviewer/fsviewer-crashes/fsviewer-INVALID_POINTER_READ_c0000005__unknown+171c3d43__09698485495e3033.png,WRITE
faststone,fsviewer-INVALID_POINTER_READ_c0000005__unknown+171d4b88__5dea7e8a4cafdc07.png,/Users/ebukaobi/Desktop/Arts Demands/fsviewer/fsviewer-crashes/fsviewer-INVALID_POINTER_READ_c0000005__unknown+171d4b88__5dea7e8a4cafdc07.png,DoS
faststone,fsviewer-INVALID_POINTER_READ_c0000005__unknown+171d4e6c__2a589a62567f166f.png,/Users/ebukaobi/Desktop/Arts Demands/fsviewer/fsviewer-crashes/fsviewer-INVALID_POINTER_READ_c0000005__unknown+171d4e6c__2a589a62567f166f.png,DoS
faststone,fsviewer-INVALID_POINTER_READ_c0000005__unknown+171d4e8c__2f48fcef4c7fdc8a.png,/Users/ebukaobi/Desktop/Arts Demands/fsviewer/fsviewer-crashes/fsviewer-INVALID_POINTER_READ_c0000005__unknown+171d4e8c__2f48fcef4c7fdc8a.png,DoS
faststone,fsviewer-INVALID_POINTER_READ_c0000005__unknown+171f4196__5e702df9f3cc3259.png,/Users/ebukaobi/Desktop/Arts Demands/fsviewer/fsviewer-crashes/fsviewer-INVALID_POINTER_READ_c0000005__unknown+171f4196__5e702df9f3cc3259.png,DoS
faststone,fsviewer-INVALID_POINTER_READ_c0000005__unknown+17215cb4__93166ae331d9e8d9.png,/Users/ebukaobi/Desktop/Arts Demands/fsviewer/fsviewer-crashes/fsviewer-INVALID_POINTER_READ_c0000005__unknown+17215cb4__93166ae331d9e8d9.png,DoS
faststone,fsviewer-INVALID_POINTER_READ_c0000005__unknown+172243ce__0f1cd3a45c6e2150.png,/Users/ebukaobi/Desktop/Arts Demands/fsviewer/fsviewer-crashes/fsviewer-INVALID_POINTER_READ_c0000005__unknown+172243ce__0f1cd3a45c6e2150.png,WRITE
faststone,fsviewer-INVALID_POINTER_READ_c0000005__unknown+1729ae5a__54cc40460c93b1a0.png,/Users/ebukaobi/Desktop/Arts Demands/fsviewer/fsviewer-crashes/fsviewer-INVALID_POINTER_READ_c0000005__unknown+1729ae5a__54cc40460c93b1a0.png,WRITE
faststone,fsviewer-INVALID_POINTER_READ_c0000005__unknown+172a3ac5__f278e2569242349b.png,/Users/ebukaobi/Desktop/Arts Demands/fsviewer/fsviewer-crashes/fsviewer-INVALID_POINTER_READ_c0000005__unknown+172a3ac5__f278e2569242349b.png,WRITE
faststone,fsviewer-INVALID_POINTER_READ_c0000005__unknown+172a3d99__bca2cbe7e87636a0.png,/Users/ebukaobi/Desktop/Arts Demands/fsviewer/fsviewer-crashes/fsviewer-INVALID_POINTER_READ_c0000005__unknown+172a3d99__bca2cbe7e87636a0.png,DoS
faststone,fsviewer-INVALID_POINTER_READ_c0000005__unknown+172a4e17__cceb98798749535d.png,/Users/ebukaobi/Desktop/Arts Demands/fsviewer/fsviewer-crashes/fsviewer-INVALID_POINTER_READ_c0000005__unknown+172a4e17__cceb98798749535d.png,DoS
faststone,fsviewer-INVALID_POINTER_READ_c0000005__unknown+172a5152__9c061120e0b451e2.png,/Users/ebukaobi/Desktop/Arts Demands/fsviewer/fsviewer-crashes/fsviewer-INVALID_POINTER_READ_c0000005__unknown+172a5152__9c061120e0b451e2.png,WRITE
faststone,fsviewer-INVALID_POINTER_READ_c0000005__unknown+172a99e4__a463de5fa15b0e01.png,/Users/ebukaobi/Desktop/Arts Demands/fsviewer/fsviewer-crashes/fsviewer-INVALID_POINTER_READ_c0000005__unknown+172a99e4__a463de5fa15b0e01.png,DoS
faststone,fsviewer-INVALID_POINTER_READ_c0000005__unknown+172b3d76__d45f3d1b2cbbdedc.png,/Users/ebukaobi/Desktop/Arts Demands/fsviewer/fsviewer-crashes/fsviewer-INVALID_POINTER_READ_c0000005__unknown+172b3d76__d45f3d1b2cbbdedc.png,DoS
faststone,fsviewer-INVALID_POINTER_READ_c0000005__unknown+172b4fdf__8b694a4e219f83b3.png,/Users/ebukaobi/Desktop/Arts Demands/fsviewer/fsviewer-crashes/fsviewer-INVALID_POINTER_READ_c0000005__unknown+172b4fdf__8b694a4e219f83b3.png,WRITE
faststone,fsviewer-INVALID_POINTER_READ_c0000005__unknown+172b5e8d__e0b3a25941d857b8.png,/Users/ebukaobi/Desktop/Arts Demands/fsviewer/fsviewer-crashes/fsviewer-INVALID_POINTER_READ_c0000005__unknown+172b5e8d__e0b3a25941d857b8.png,DoS
faststone,fsviewer-INVALID_POINTER_READ_c0000005__unknown+172b6399__3da3f49f424b24a2.png,/Users/ebukaobi/Desktop/Arts Demands/fsviewer/fsviewer-crashes/fsviewer-INVALID_POINTER_READ_c0000005__unknown+172b6399__3da3f49f424b24a2.png,WRITE
faststone,fsviewer-INVALID_POINTER_READ_c0000005__unknown+172ba2b1__7f09a501c1dd5e81.png,/Users/ebukaobi/Desktop/Arts Demands/fsviewer/fsviewer-crashes/fsviewer-INVALID_POINTER_READ_c0000005__unknown+172ba2b1__7f09a501c1dd5e81.png,WRITE
faststone,fsviewer-INVALID_POINTER_READ_c0000005__unknown+172c4640__62689dd7c6c66de1.png,/Users/ebukaobi/Desktop/Arts Demands/fsviewer/fsviewer-crashes/fsviewer-INVALID_POINTER_READ_c0000005__unknown+172c4640__62689dd7c6c66de1.png,DoS
faststone,fsviewer-INVALID_POINTER_READ_c0000005__unknown+172c4aa1__68c887a6c1cb19c5.png,/Users/ebukaobi/Desktop/Arts Demands/fsviewer/fsviewer-crashes/fsviewer-INVALID_POINTER_READ_c0000005__unknown+172c4aa1__68c887a6c1cb19c5.png,DoS
faststone,fsviewer-INVALID_POINTER_READ_c0000005__unknown+172d3db3__dea4e708ce6dc4cd.png,/Users/ebukaobi/Desktop/Arts Demands/fsviewer/fsviewer-crashes/fsviewer-INVALID_POINTER_READ_c0000005__unknown+172d3db3__dea4e708ce6dc4cd.png,WRITE
faststone,fsviewer-INVALID_POINTER_READ_c0000005__unknown+172d3e8a__3d4a58fc2aa1d7bd.png,/Users/ebukaobi/Desktop/Arts Demands/fsviewer/fsviewer-crashes/fsviewer-INVALID_POINTER_READ_c0000005__unknown+172d3e8a__3d4a58fc2aa1d7bd.png,WRITE
faststone,fsviewer-INVALID_POINTER_READ_c0000005__unknown+172d510c__71a24b31e40ad1fe.png,/Users/ebukaobi/Desktop/Arts Demands/fsviewer/fsviewer-crashes/fsviewer-INVALID_POINTER_READ_c0000005__unknown+172d510c__71a24b31e40ad1fe.png,DoS
faststone,fsviewer-INVALID_POINTER_READ_c0000005__unknown+172d5c75__5f79b9c23040934a.png,/Users/ebukaobi/Desktop/Arts Demands/fsviewer/fsviewer-crashes/fsviewer-INVALID_POINTER_READ_c0000005__unknown+172d5c75__5f79b9c23040934a.png,WRITE
faststone,fsviewer-INVALID_POINTER_READ_c0000005__unknown+172d69aa__630b57e66bf251af.png,/Users/ebukaobi/Desktop/Arts Demands/fsviewer/fsviewer-crashes/fsviewer-INVALID_POINTER_READ_c0000005__unknown+172d69aa__630b57e66bf251af.png,WRITE
faststone,fsviewer-INVALID_POINTER_READ_c0000005__unknown+172e3f85__7639019185d806ee.png,/Users/ebukaobi/Desktop/Arts Demands/fsviewer/fsviewer-crashes/fsviewer-INVALID_POINTER_READ_c0000005__unknown+172e3f85__7639019185d806ee.png,DoS
faststone,fsviewer-INVALID_POINTER_READ_c0000005__unknown+172e43d7__c8e8bc86336d6fe4.png,/Users/ebukaobi/Desktop/Arts Demands/fsviewer/fsviewer-crashes/fsviewer-INVALID_POINTER_READ_c0000005__unknown+172e43d7__c8e8bc86336d6fe4.png,WRITE
faststone,fsviewer-INVALID_POINTER_READ_c0000005__unknown+172e48e1__b92ac16310c4f936.png,/Users/ebukaobi/Desktop/Arts Demands/fsviewer/fsviewer-crashes/fsviewer-INVALID_POINTER_READ_c0000005__unknown+172e48e1__b92ac16310c4f936.png,WRITE
faststone,fsviewer-INVALID_POINTER_READ_c0000005__unknown+172e50db__297b765a865a651f.png,/Users/ebukaobi/Desktop/Arts Demands/fsviewer/fsviewer-crashes/fsviewer-INVALID_POINTER_READ_c0000005__unknown+172e50db__297b765a865a651f.png,DoS
faststone,fsviewer-INVALID_POINTER_READ_c0000005__unknown+172e5180__1172c4f69dafa1e5.png,/Users/ebukaobi/Desktop/Arts Demands/fsviewer/fsviewer-crashes/fsviewer-INVALID_POINTER_READ_c0000005__unknown+172e5180__1172c4f69dafa1e5.png,DoS
faststone,fsviewer-INVALID_POINTER_READ_c0000005__unknown+172e58cf__777a4c33811fee69.png,/Users/ebukaobi/Desktop/Arts Demands/fsviewer/fsviewer-crashes/fsviewer-INVALID_POINTER_READ_c0000005__unknown+172e58cf__777a4c33811fee69.png,DoS
faststone,fsviewer-INVALID_POINTER_READ_c0000005__unknown+172f3ed8__6594577c96165681.png,/Users/ebukaobi/Desktop/Arts Demands/fsviewer/fsviewer-crashes/fsviewer-INVALID_POINTER_READ_c0000005__unknown+172f3ed8__6594577c96165681.png,DoS
faststone,fsviewer-INVALID_POINTER_READ_c0000005__unknown+172f3f84__3187a38af95e3922.png,/Users/ebukaobi/Desktop/Arts Demands/fsviewer/fsviewer-crashes/fsviewer-INVALID_POINTER_READ_c0000005__unknown+172f3f84__3187a38af95e3922.png,WRITE
faststone,fsviewer-INVALID_POINTER_READ_c0000005__unknown+172f4953__d49f79bcb0499eca.png,/Users/ebukaobi/Desktop/Arts Demands/fsviewer/fsviewer-crashes/fsviewer-INVALID_POINTER_READ_c0000005__unknown+172f4953__d49f79bcb0499eca.png,WRITE
faststone,fsviewer-INVALID_POINTER_READ_c0000005__unknown+172f4e8a__2ee571a3c4c2b6d1.png,/Users/ebukaobi/Desktop/Arts Demands/fsviewer/fsviewer-crashes/fsviewer-INVALID_POINTER_READ_c0000005__unknown+172f4e8a__2ee571a3c4c2b6d1.png,WRITE
faststone,fsviewer-INVALID_POINTER_READ_c0000005__unknown+172f503f__70df9dfb2c2a3a76.png,/Users/ebukaobi/Desktop/Arts Demands/fsviewer/fsviewer-crashes/fsviewer-INVALID_POINTER_READ_c0000005__unknown+172f503f__70df9dfb2c2a3a76.png,WRITE
faststone,fsviewer-INVALID_POINTER_READ_c0000005__unknown+172f51a5__959d41787c7d4719.png,/Users/ebukaobi/Desktop/Arts Demands/fsviewer/fsviewer-crashes/fsviewer-INVALID_POINTER_READ_c0000005__unknown+172f51a5__959d41787c7d4719.png,WRITE
faststone,fsviewer-INVALID_POINTER_READ_c0000005__unknown+172f5540__33567945e3d4cce1.png,/Users/ebukaobi/Desktop/Arts Demands/fsviewer/fsviewer-crashes/fsviewer-INVALID_POINTER_READ_c0000005__unknown+172f5540__33567945e3d4cce1.png,WRITE
faststone,fsviewer-INVALID_POINTER_READ_c0000005__unknown+172f5cf3__bcaef0cbafab8544.png,/Users/ebukaobi/Desktop/Arts Demands/fsviewer/fsviewer-crashes/fsviewer-INVALID_POINTER_READ_c0000005__unknown+172f5cf3__bcaef0cbafab8544.png,DoS
faststone,fsviewer-INVALID_POINTER_READ_c0000005__unknown+172fbcae__97b009c5b5c8ecb2.png,/Users/ebukaobi/Desktop/Arts Demands/fsviewer/fsviewer-crashes/fsviewer-INVALID_POINTER_READ_c0000005__unknown+172fbcae__97b009c5b5c8ecb2.png,DoS
faststone,fsviewer-INVALID_POINTER_READ_c0000005__unknown+17303dcb__662678ecd11bfd55.png,/Users/ebukaobi/Desktop/Arts Demands/fsviewer/fsviewer-crashes/fsviewer-INVALID_POINTER_READ_c0000005__unknown+17303dcb__662678ecd11bfd55.png,WRITE
faststone,fsviewer-INVALID_POINTER_READ_c0000005__unknown+17303dfd__bcea3cea6165277f.png,/Users/ebukaobi/Desktop/Arts Demands/fsviewer/fsviewer-crashes/fsviewer-INVALID_POINTER_READ_c0000005__unknown+17303dfd__bcea3cea6165277f.png,DoS
faststone,fsviewer-INVALID_POINTER_READ_c0000005__unknown+173045b6__d6d047aabd8f9612.png,/Users/ebukaobi/Desktop/Arts Demands/fsviewer/fsviewer-crashes/fsviewer-INVALID_POINTER_READ_c0000005__unknown+173045b6__d6d047aabd8f9612.png,DoS
faststone,fsviewer-INVALID_POINTER_READ_c0000005__unknown+17304b94__b92287791dcb6336.png,/Users/ebukaobi/Desktop/Arts Demands/fsviewer/fsviewer-crashes/fsviewer-INVALID_POINTER_READ_c0000005__unknown+17304b94__b92287791dcb6336.png,WRITE
faststone,fsviewer-INVALID_POINTER_READ_c0000005__unknown+17304bb8__0eb91e72e40ee23e.png,/Users/ebukaobi/Desktop/Arts Demands/fsviewer/fsviewer-crashes/fsviewer-INVALID_POINTER_READ_c0000005__unknown+17304bb8__0eb91e72e40ee23e.png,DoS
faststone,fsviewer-INVALID_POINTER_READ_c0000005__unknown+17304c03__1c6dcd6eab08e595.png,/Users/ebukaobi/Desktop/Arts Demands/fsviewer/fsviewer-crashes/fsviewer-INVALID_POINTER_READ_c0000005__unknown+17304c03__1c6dcd6eab08e595.png,DoS
faststone,fsviewer-INVALID_POINTER_READ_c0000005__unknown+17304ed8__6886068e3601ed93.png,/Users/ebukaobi/Desktop/Arts Demands/fsviewer/fsviewer-crashes/fsviewer-INVALID_POINTER_READ_c0000005__unknown+17304ed8__6886068e3601ed93.png,WRITE
faststone,fsviewer-INVALID_POINTER_READ_c0000005__unknown+17304f04__1bcd4a77d3c9e8f6.png,/Users/ebukaobi/Desktop/Arts Demands/fsviewer/fsviewer-crashes/fsviewer-INVALID_POINTER_READ_c0000005__unknown+17304f04__1bcd4a77d3c9e8f6.png,WRITE
faststone,fsviewer-INVALID_POINTER_READ_c0000005__unknown+1730531b__a514dd94eedba60b.png,/Users/ebukaobi/Desktop/Arts Demands/fsviewer/fsviewer-crashes/fsviewer-INVALID_POINTER_READ_c0000005__unknown+1730531b__a514dd94eedba60b.png,DoS
faststone,fsviewer-INVALID_POINTER_READ_c0000005__unknown+17305540__b59291472c51b762.png,/Users/ebukaobi/Desktop/Arts Demands/fsviewer/fsviewer-crashes/fsviewer-INVALID_POINTER_READ_c0000005__unknown+17305540__b59291472c51b762.png,WRITE
faststone,fsviewer-INVALID_POINTER_READ_c0000005__unknown+17305563__af267b412508924e.png,/Users/ebukaobi/Desktop/Arts Demands/fsviewer/fsviewer-crashes/fsviewer-INVALID_POINTER_READ_c0000005__unknown+17305563__af267b412508924e.png,DoS
faststone,fsviewer-INVALID_POINTER_READ_c0000005__unknown+173059fd__249d97c86fc79c11.png,/Users/ebukaobi/Desktop/Arts Demands/fsviewer/fsviewer-crashes/fsviewer-INVALID_POINTER_READ_c0000005__unknown+173059fd__249d97c86fc79c11.png,WRITE
faststone,fsviewer-INVALID_POINTER_READ_c0000005__unknown+17306014__0861544f8ab9a3f4.png,/Users/ebukaobi/Desktop/Arts Demands/fsviewer/fsviewer-crashes/fsviewer-INVALID_POINTER_READ_c0000005__unknown+17306014__0861544f8ab9a3f4.png,DoS
faststone,fsviewer-INVALID_POINTER_READ_c0000005__unknown+1730b001__c754d136716e4de5.png,/Users/ebukaobi/Desktop/Arts Demands/fsviewer/fsviewer-crashes/fsviewer-INVALID_POINTER_READ_c0000005__unknown+1730b001__c754d136716e4de5.png,DoS
faststone,fsviewer-INVALID_POINTER_READ_c0000005__unknown+17313ff7__324bfd3b8ad3d604.png,/Users/ebukaobi/Desktop/Arts Demands/fsviewer/fsviewer-crashes/fsviewer-INVALID_POINTER_READ_c0000005__unknown+17313ff7__324bfd3b8ad3d604.png,DoS
faststone,fsviewer-INVALID_POINTER_READ_c0000005__unknown+17314258__6758b79123e95ac8.png,/Users/ebukaobi/Desktop/Arts Demands/fsviewer/fsviewer-crashes/fsviewer-INVALID_POINTER_READ_c0000005__unknown+17314258__6758b79123e95ac8.png,WRITE
faststone,fsviewer-INVALID_POINTER_READ_c0000005__unknown+173143e8__d2921d035d44efb8.png,/Users/ebukaobi/Desktop/Arts Demands/fsviewer/fsviewer-crashes/fsviewer-INVALID_POINTER_READ_c0000005__unknown+173143e8__d2921d035d44efb8.png,WRITE
faststone,fsviewer-INVALID_POINTER_READ_c0000005__unknown+173145c8__45a570c8afb6d407.png,/Users/ebukaobi/Desktop/Arts Demands/fsviewer/fsviewer-crashes/fsviewer-INVALID_POINTER_READ_c0000005__unknown+173145c8__45a570c8afb6d407.png,WRITE
faststone,fsviewer-INVALID_POINTER_READ_c0000005__unknown+17314767__ac72a56d18cbdf6d.png,/Users/ebukaobi/Desktop/Arts Demands/fsviewer/fsviewer-crashes/fsviewer-INVALID_POINTER_READ_c0000005__unknown+17314767__ac72a56d18cbdf6d.png,WRITE
faststone,fsviewer-INVALID_POINTER_READ_c0000005__unknown+17314ecb__0f5338a16970c965.png,/Users/ebukaobi/Desktop/Arts Demands/fsviewer/fsviewer-crashes/fsviewer-INVALID_POINTER_READ_c0000005__unknown+17314ecb__0f5338a16970c965.png,DoS
faststone,fsviewer-INVALID_POINTER_READ_c0000005__unknown+1731525d__7ff1d6835f2d56f6.png,/Users/ebukaobi/Desktop/Arts Demands/fsviewer/fsviewer-crashes/fsviewer-INVALID_POINTER_READ_c0000005__unknown+1731525d__7ff1d6835f2d56f6.png,DoS
faststone,fsviewer-INVALID_POINTER_READ_c0000005__unknown+173155a4__8a59ac9814663447.png,/Users/ebukaobi/Desktop/Arts Demands/fsviewer/fsviewer-crashes/fsviewer-INVALID_POINTER_READ_c0000005__unknown+173155a4__8a59ac9814663447.png,DoS
faststone,fsviewer-INVALID_POINTER_READ_c0000005__unknown+173155f0__c7f7184a090a08ae.png,/Users/ebukaobi/Desktop/Arts Demands/fsviewer/fsviewer-crashes/fsviewer-INVALID_POINTER_READ_c0000005__unknown+173155f0__c7f7184a090a08ae.png,DoS
faststone,fsviewer-INVALID_POINTER_READ_c0000005__unknown+17315c56__6d606db68162f9db.png,/Users/ebukaobi/Desktop/Arts Demands/fsviewer/fsviewer-crashes/fsviewer-INVALID_POINTER_READ_c0000005__unknown+17315c56__6d606db68162f9db.png,WRITE
faststone,fsviewer-INVALID_POINTER_READ_c0000005__unknown+17323d73__d8e9801cb3f394b8.png,/Users/ebukaobi/Desktop/Arts Demands/fsviewer/fsviewer-crashes/fsviewer-INVALID_POINTER_READ_c0000005__unknown+17323d73__d8e9801cb3f394b8.png,WRITE
faststone,fsviewer-INVALID_POINTER_READ_c0000005__unknown+17324266__0a011c813549d985.png,/Users/ebukaobi/Desktop/Arts Demands/fsviewer/fsviewer-crashes/fsviewer-INVALID_POINTER_READ_c0000005__unknown+17324266__0a011c813549d985.png,WRITE
faststone,fsviewer-INVALID_POINTER_READ_c0000005__unknown+173242e3__a8aae5350dab7c09.png,/Users/ebukaobi/Desktop/Arts Demands/fsviewer/fsviewer-crashes/fsviewer-INVALID_POINTER_READ_c0000005__unknown+173242e3__a8aae5350dab7c09.png,DoS
faststone,fsviewer-INVALID_POINTER_READ_c0000005__unknown+1732487a__9a8aed4744d1e1ba.png,/Users/ebukaobi/Desktop/Arts Demands/fsviewer/fsviewer-crashes/fsviewer-INVALID_POINTER_READ_c0000005__unknown+1732487a__9a8aed4744d1e1ba.png,DoS
faststone,fsviewer-INVALID_POINTER_READ_c0000005__unknown+17324c16__55d39d85b5b0fc67.png,/Users/ebukaobi/Desktop/Arts Demands/fsviewer/fsviewer-crashes/fsviewer-INVALID_POINTER_READ_c0000005__unknown+17324c16__55d39d85b5b0fc67.png,DoS
faststone,fsviewer-INVALID_POINTER_READ_c0000005__unknown+17324fd6__ee8e07204beb3e90.png,/Users/ebukaobi/Desktop/Arts Demands/fsviewer/fsviewer-crashes/fsviewer-INVALID_POINTER_READ_c0000005__unknown+17324fd6__ee8e07204beb3e90.png,DoS
faststone,fsviewer-INVALID_POINTER_READ_c0000005__unknown+1732529b__ab808505774bd578.png,/Users/ebukaobi/Desktop/Arts Demands/fsviewer/fsviewer-crashes/fsviewer-INVALID_POINTER_READ_c0000005__unknown+1732529b__ab808505774bd578.png,WRITE
faststone,fsviewer-INVALID_POINTER_READ_c0000005__unknown+17333d8a__295e38caf3b8cb30.png,/Users/ebukaobi/Desktop/Arts Demands/fsviewer/fsviewer-crashes/fsviewer-INVALID_POINTER_READ_c0000005__unknown+17333d8a__295e38caf3b8cb30.png,WRITE
faststone,fsviewer-INVALID_POINTER_READ_c0000005__unknown+17333e55__eb113ac0dff2a4f3.png,/Users/ebukaobi/Desktop/Arts Demands/fsviewer/fsviewer-crashes/fsviewer-INVALID_POINTER_READ_c0000005__unknown+17333e55__eb113ac0dff2a4f3.png,WRITE
faststone,fsviewer-INVALID_POINTER_READ_c0000005__unknown+17334040__47a4f7f5d3731278.png,/Users/ebukaobi/Desktop/Arts Demands/fsviewer/fsviewer-crashes/fsviewer-INVALID_POINTER_READ_c0000005__unknown+17334040__47a4f7f5d3731278.png,WRITE
faststone,fsviewer-INVALID_POINTER_READ_c0000005__unknown+17335203__ed5fa67f88981ad3.png,/Users/ebukaobi/Desktop/Arts Demands/fsviewer/fsviewer-crashes/fsviewer-INVALID_POINTER_READ_c0000005__unknown+17335203__ed5fa67f88981ad3.png,DoS
faststone,fsviewer-INVALID_POINTER_READ_c0000005__unknown+1733564f__a1b7e793ccdd3ee4.png,/Users/ebukaobi/Desktop/Arts Demands/fsviewer/fsviewer-crashes/fsviewer-INVALID_POINTER_READ_c0000005__unknown+1733564f__a1b7e793ccdd3ee4.png,DoS
faststone,fsviewer-INVALID_POINTER_READ_c0000005__unknown+173359d5__d88a722e09deebe3.png,/Users/ebukaobi/Desktop/Arts Demands/fsviewer/fsviewer-crashes/fsviewer-INVALID_POINTER_READ_c0000005__unknown+173359d5__d88a722e09deebe3.png,DoS
faststone,fsviewer-INVALID_POINTER_READ_c0000005__unknown+17335c60__155931f8814c4dd3.png,/Users/ebukaobi/Desktop/Arts Demands/fsviewer/fsviewer-crashes/fsviewer-INVALID_POINTER_READ_c0000005__unknown+17335c60__155931f8814c4dd3.png,DoS
faststone,fsviewer-INVALID_POINTER_READ_c0000005__unknown+17343d46__c31525bc41730008.png,/Users/ebukaobi/Desktop/Arts Demands/fsviewer/fsviewer-crashes/fsviewer-INVALID_POINTER_READ_c0000005__unknown+17343d46__c31525bc41730008.png,WRITE
faststone,fsviewer-INVALID_POINTER_READ_c0000005__unknown+17343e27__8a838f69a2536cf2.png,/Users/ebukaobi/Desktop/Arts Demands/fsviewer/fsviewer-crashes/fsviewer-INVALID_POINTER_READ_c0000005__unknown+17343e27__8a838f69a2536cf2.png,DoS
faststone,fsviewer-INVALID_POINTER_READ_c0000005__unknown+173451a5__7827aa8adaf89be9.png,/Users/ebukaobi/Desktop/Arts Demands/fsviewer/fsviewer-crashes/fsviewer-INVALID_POINTER_READ_c0000005__unknown+173451a5__7827aa8adaf89be9.png,DoS
faststone,fsviewer-INVALID_POINTER_READ_c0000005__unknown+17345702__07c02ece85ada24d.png,/Users/ebukaobi/Desktop/Arts Demands/fsviewer/fsviewer-crashes/fsviewer-INVALID_POINTER_READ_c0000005__unknown+17345702__07c02ece85ada24d.png,DoS
faststone,fsviewer-INVALID_POINTER_READ_c0000005__unknown+17345d06__203ab0ffd9840807.png,/Users/ebukaobi/Desktop/Arts Demands/fsviewer/fsviewer-crashes/fsviewer-INVALID_POINTER_READ_c0000005__unknown+17345d06__203ab0ffd9840807.png,DoS
faststone,fsviewer-INVALID_POINTER_READ_c0000005__unknown+173480f1__f9e61036d180447f.png,/Users/ebukaobi/Desktop/Arts Demands/fsviewer/fsviewer-crashes/fsviewer-INVALID_POINTER_READ_c0000005__unknown+173480f1__f9e61036d180447f.png,WRITE
faststone,fsviewer-INVALID_POINTER_READ_c0000005__unknown+17353da0__72432983c0456f0d.png,/Users/ebukaobi/Desktop/Arts Demands/fsviewer/fsviewer-crashes/fsviewer-INVALID_POINTER_READ_c0000005__unknown+17353da0__72432983c0456f0d.png,WRITE
faststone,fsviewer-INVALID_POINTER_READ_c0000005__unknown+17353dc2__89d3fc9b98f316d2.png,/Users/ebukaobi/Desktop/Arts Demands/fsviewer/fsviewer-crashes/fsviewer-INVALID_POINTER_READ_c0000005__unknown+17353dc2__89d3fc9b98f316d2.png,DoS
faststone,fsviewer-INVALID_POINTER_READ_c0000005__unknown+1735451a__671fb246fad37d94.png,/Users/ebukaobi/Desktop/Arts Demands/fsviewer/fsviewer-crashes/fsviewer-INVALID_POINTER_READ_c0000005__unknown+1735451a__671fb246fad37d94.png,DoS
faststone,fsviewer-INVALID_POINTER_READ_c0000005__unknown+173546ec__1b79d1cca0a62cfa.png,/Users/ebukaobi/Desktop/Arts Demands/fsviewer/fsviewer-crashes/fsviewer-INVALID_POINTER_READ_c0000005__unknown+173546ec__1b79d1cca0a62cfa.png,WRITE
faststone,fsviewer-INVALID_POINTER_READ_c0000005__unknown+17355fb0__c905fadba7ae33c7.png,/Users/ebukaobi/Desktop/Arts Demands/fsviewer/fsviewer-crashes/fsviewer-INVALID_POINTER_READ_c0000005__unknown+17355fb0__c905fadba7ae33c7.png,DoS
faststone,fsviewer-INVALID_POINTER_READ_c0000005__unknown+17356066__c61dc1719d4af9f5.png,/Users/ebukaobi/Desktop/Arts Demands/fsviewer/fsviewer-crashes/fsviewer-INVALID_POINTER_READ_c0000005__unknown+17356066__c61dc1719d4af9f5.png,WRITE
faststone,fsviewer-INVALID_POINTER_READ_c0000005__unknown+173565a8__6afcd61d372870b8.png,/Users/ebukaobi/Desktop/Arts Demands/fsviewer/fsviewer-crashes/fsviewer-INVALID_POINTER_READ_c0000005__unknown+173565a8__6afcd61d372870b8.png,DoS
faststone,fsviewer-INVALID_POINTER_READ_c0000005__unknown+17364bc1__43869000a2873003.png,/Users/ebukaobi/Desktop/Arts Demands/fsviewer/fsviewer-crashes/fsviewer-INVALID_POINTER_READ_c0000005__unknown+17364bc1__43869000a2873003.png,DoS
faststone,fsviewer-INVALID_POINTER_READ_c0000005__unknown+17365175__983de68d9bb1c223.png,/Users/ebukaobi/Desktop/Arts Demands/fsviewer/fsviewer-crashes/fsviewer-INVALID_POINTER_READ_c0000005__unknown+17365175__983de68d9bb1c223.png,DoS
faststone,fsviewer-INVALID_POINTER_READ_c0000005__unknown+173745f9__001f28bd06286d97.png,/Users/ebukaobi/Desktop/Arts Demands/fsviewer/fsviewer-crashes/fsviewer-INVALID_POINTER_READ_c0000005__unknown+173745f9__001f28bd06286d97.png,DoS
faststone,fsviewer-INVALID_POINTER_READ_c0000005__unknown+173851a5__310667f57a9e4167.png,/Users/ebukaobi/Desktop/Arts Demands/fsviewer/fsviewer-crashes/fsviewer-INVALID_POINTER_READ_c0000005__unknown+173851a5__310667f57a9e4167.png,WRITE
faststone,fsviewer-INVALID_POINTER_READ_c0000005__unknown+1738534f__8333ca64c1bb4299.png,/Users/ebukaobi/Desktop/Arts Demands/fsviewer/fsviewer-crashes/fsviewer-INVALID_POINTER_READ_c0000005__unknown+1738534f__8333ca64c1bb4299.png,DoS
faststone,fsviewer-INVALID_POINTER_READ_c0000005__unknown+17385bc0__ec22e2fa6df503d8.png,/Users/ebukaobi/Desktop/Arts Demands/fsviewer/fsviewer-crashes/fsviewer-INVALID_POINTER_READ_c0000005__unknown+17385bc0__ec22e2fa6df503d8.png,DoS
faststone,fsviewer-INVALID_POINTER_READ_c0000005__unknown+1738fd59__b3657e4a05e6bf87.png,/Users/ebukaobi/Desktop/Arts Demands/fsviewer/fsviewer-crashes/fsviewer-INVALID_POINTER_READ_c0000005__unknown+1738fd59__b3657e4a05e6bf87.png,WRITE
faststone,fsviewer-INVALID_POINTER_READ_c0000005__unknown+17394323__4d92ba8806a2e6d4.png,/Users/ebukaobi/Desktop/Arts Demands/fsviewer/fsviewer-crashes/fsviewer-INVALID_POINTER_READ_c0000005__unknown+17394323__4d92ba8806a2e6d4.png,DoS
faststone,fsviewer-INVALID_POINTER_READ_c0000005__unknown+173bc0d5__2cf96eb537e73387.png,/Users/ebukaobi/Desktop/Arts Demands/fsviewer/fsviewer-crashes/fsviewer-INVALID_POINTER_READ_c0000005__unknown+173bc0d5__2cf96eb537e73387.png,DoS
faststone,fsviewer-INVALID_POINTER_READ_c0000005__unknown+173e4d51__59863c9819fee866.png,/Users/ebukaobi/Desktop/Arts Demands/fsviewer/fsviewer-crashes/fsviewer-INVALID_POINTER_READ_c0000005__unknown+173e4d51__59863c9819fee866.png,DoS
faststone,fsviewer-INVALID_POINTER_READ_c0000005__unknown+173e5348__2e1b5e5ff491590e.png,/Users/ebukaobi/Desktop/Arts Demands/fsviewer/fsviewer-crashes/fsviewer-INVALID_POINTER_READ_c0000005__unknown+173e5348__2e1b5e5ff491590e.png,WRITE
faststone,fsviewer-INVALID_POINTER_READ_c0000005__unknown+173f43bd__1dbe8a9535dd6533.png,/Users/ebukaobi/Desktop/Arts Demands/fsviewer/fsviewer-crashes/fsviewer-INVALID_POINTER_READ_c0000005__unknown+173f43bd__1dbe8a9535dd6533.png,WRITE
faststone,fsviewer-INVALID_POINTER_READ_c0000005__unknown+17414ef1__6e5f6644ffca5116.png,/Users/ebukaobi/Desktop/Arts Demands/fsviewer/fsviewer-crashes/fsviewer-INVALID_POINTER_READ_c0000005__unknown+17414ef1__6e5f6644ffca5116.png,DoS
faststone,fsviewer-INVALID_POINTER_READ_c0000005__unknown+1743556d__aec08a411f8bda7f.png,/Users/ebukaobi/Desktop/Arts Demands/fsviewer/fsviewer-crashes/fsviewer-INVALID_POINTER_READ_c0000005__unknown+1743556d__aec08a411f8bda7f.png,DoS
faststone,fsviewer-INVALID_POINTER_READ_c0000005__unknown+17435f35__e58a9910e8b5f907.png,/Users/ebukaobi/Desktop/Arts Demands/fsviewer/fsviewer-crashes/fsviewer-INVALID_POINTER_READ_c0000005__unknown+17435f35__e58a9910e8b5f907.png,DoS
faststone,fsviewer-INVALID_POINTER_READ_c0000005__unknown+17445048__020ffbfd26061b90.png,/Users/ebukaobi/Desktop/Arts Demands/fsviewer/fsviewer-crashes/fsviewer-INVALID_POINTER_READ_c0000005__unknown+17445048__020ffbfd26061b90.png,WRITE
faststone,fsviewer-INVALID_POINTER_READ_c0000005__unknown+174508f7__20bab70f2cb9fad4.png,/Users/ebukaobi/Desktop/Arts Demands/fsviewer/fsviewer-crashes/fsviewer-INVALID_POINTER_READ_c0000005__unknown+174508f7__20bab70f2cb9fad4.png,DoS
faststone,fsviewer-INVALID_POINTER_READ_c0000005__unknown+17464ffa__a4158621ff2aee69.png,/Users/ebukaobi/Desktop/Arts Demands/fsviewer/fsviewer-crashes/fsviewer-INVALID_POINTER_READ_c0000005__unknown+17464ffa__a4158621ff2aee69.png,DoS
faststone,fsviewer-INVALID_POINTER_READ_c0000005__unknown+17485084__b49385c5e641a0c6.png,/Users/ebukaobi/Desktop/Arts Demands/fsviewer/fsviewer-crashes/fsviewer-INVALID_POINTER_READ_c0000005__unknown+17485084__b49385c5e641a0c6.png,DoS
faststone,fsviewer-INVALID_POINTER_READ_c0000005__unknown+174a525e__5ea68f3cba212c84.png,/Users/ebukaobi/Desktop/Arts Demands/fsviewer/fsviewer-crashes/fsviewer-INVALID_POINTER_READ_c0000005__unknown+174a525e__5ea68f3cba212c84.png,WRITE
faststone,fsviewer-INVALID_POINTER_WRITE_c0000005__fsviewer+1b987b__82d4b82c6397749d.png,/Users/ebukaobi/Desktop/Arts Demands/fsviewer/fsviewer-crashes/fsviewer-INVALID_POINTER_WRITE_c0000005__fsviewer+1b987b__82d4b82c6397749d.png,DoS
faststone,fsviewer-INVALID_POINTER_WRITE_c0000005__fsviewer+2d53__b3ef480578883faa.png,/Users/ebukaobi/Desktop/Arts Demands/fsviewer/fsviewer-crashes/fsviewer-INVALID_POINTER_WRITE_c0000005__fsviewer+2d53__b3ef480578883faa.png,DoS
faststone,fsviewer-INVALID_POINTER_WRITE_c0000005__fsviewer+938f__2a30e868c758c642.png,/Users/ebukaobi/Desktop/Arts Demands/fsviewer/fsviewer-crashes/fsviewer-INVALID_POINTER_WRITE_c0000005__fsviewer+938f__2a30e868c758c642.png,DoS
faststone,fsviewer-INVALID_POINTER_WRITE_c0000005__fsviewer+9522__613d8832c7c13947.png,/Users/ebukaobi/Desktop/Arts Demands/fsviewer/fsviewer-crashes/fsviewer-INVALID_POINTER_WRITE_c0000005__fsviewer+9522__613d8832c7c13947.png,DoS
faststone,fsviewer-INVALID_POINTER_WRITE_c0000005__fsviewer+9611__be777ca4cd270528.png,/Users/ebukaobi/Desktop/Arts Demands/fsviewer/fsviewer-crashes/fsviewer-INVALID_POINTER_WRITE_c0000005__fsviewer+9611__be777ca4cd270528.png,DoS
faststone,fsviewer-INVALID_POINTER_WRITE_c0000005__unknown+16cfabe2__43958a268562d40c.png,/Users/ebukaobi/Desktop/Arts Demands/fsviewer/fsviewer-crashes/fsviewer-INVALID_POINTER_WRITE_c0000005__unknown+16cfabe2__43958a268562d40c.png,DoS
faststone,fsviewer-INVALID_POINTER_WRITE_c0000005__unknown+1711eca0__5748356a3512a168.png,/Users/ebukaobi/Desktop/Arts Demands/fsviewer/fsviewer-crashes/fsviewer-INVALID_POINTER_WRITE_c0000005__unknown+1711eca0__5748356a3512a168.png,DoS
faststone,fsviewer-INVALID_POINTER_WRITE_c0000005__unknown+1712f66d__76c678dbe3b974e5.png,/Users/ebukaobi/Desktop/Arts Demands/fsviewer/fsviewer-crashes/fsviewer-INVALID_POINTER_WRITE_c0000005__unknown+1712f66d__76c678dbe3b974e5.png,DoS
faststone,fsviewer-INVALID_POINTER_WRITE_c0000005__unknown+1712f8cc__2d820a628e0082fe.png,/Users/ebukaobi/Desktop/Arts Demands/fsviewer/fsviewer-crashes/fsviewer-INVALID_POINTER_WRITE_c0000005__unknown+1712f8cc__2d820a628e0082fe.png,WRITE
faststone,fsviewer-INVALID_POINTER_WRITE_c0000005__unknown+1713f5c4__843830c1f1faf24c.png,/Users/ebukaobi/Desktop/Arts Demands/fsviewer/fsviewer-crashes/fsviewer-INVALID_POINTER_WRITE_c0000005__unknown+1713f5c4__843830c1f1faf24c.png,DoS
faststone,fsviewer-INVALID_POINTER_WRITE_c0000005__unknown+1713f898__2aa5c2d6fad02306.png,/Users/ebukaobi/Desktop/Arts Demands/fsviewer/fsviewer-crashes/fsviewer-INVALID_POINTER_WRITE_c0000005__unknown+1713f898__2aa5c2d6fad02306.png,DoS
faststone,fsviewer-INVALID_POINTER_WRITE_c0000005__unknown+1713f8b5__53b6c189671c78aa.png,/Users/ebukaobi/Desktop/Arts Demands/fsviewer/fsviewer-crashes/fsviewer-INVALID_POINTER_WRITE_c0000005__unknown+1713f8b5__53b6c189671c78aa.png,DoS
faststone,fsviewer-INVALID_POINTER_WRITE_c0000005__unknown+1713f8f9__86cec6588b7b6b42.png,/Users/ebukaobi/Desktop/Arts Demands/fsviewer/fsviewer-crashes/fsviewer-INVALID_POINTER_WRITE_c0000005__unknown+1713f8f9__86cec6588b7b6b42.png,DoS
faststone,fsviewer-INVALID_POINTER_WRITE_c0000005__unknown+1714f88b__96946b565b783fbc.png,/Users/ebukaobi/Desktop/Arts Demands/fsviewer/fsviewer-crashes/fsviewer-INVALID_POINTER_WRITE_c0000005__unknown+1714f88b__96946b565b783fbc.png,WRITE
faststone,fsviewer-INVALID_POINTER_WRITE_c0000005__unknown+1714f8ce__20a7459049faa67a.png,/Users/ebukaobi/Desktop/Arts Demands/fsviewer/fsviewer-crashes/fsviewer-INVALID_POINTER_WRITE_c0000005__unknown+1714f8ce__20a7459049faa67a.png,DoS
faststone,fsviewer-INVALID_POINTER_WRITE_c0000005__unknown+1715ef44__23682b9792ce92a7.png,/Users/ebukaobi/Desktop/Arts Demands/fsviewer/fsviewer-crashes/fsviewer-INVALID_POINTER_WRITE_c0000005__unknown+1715ef44__23682b9792ce92a7.png,DoS
faststone,fsviewer-INVALID_POINTER_WRITE_c0000005__unknown+1715f8e3__dd108a8315ab9826.png,/Users/ebukaobi/Desktop/Arts Demands/fsviewer/fsviewer-crashes/fsviewer-INVALID_POINTER_WRITE_c0000005__unknown+1715f8e3__dd108a8315ab9826.png,DoS
faststone,fsviewer-INVALID_POINTER_WRITE_c0000005__unknown+1715f93a__ce61fc3836410cbc.png,/Users/ebukaobi/Desktop/Arts Demands/fsviewer/fsviewer-crashes/fsviewer-INVALID_POINTER_WRITE_c0000005__unknown+1715f93a__ce61fc3836410cbc.png,DoS
faststone,fsviewer-INVALID_POINTER_WRITE_c0000005__unknown+1715fe46__f9628e729549552f.png,/Users/ebukaobi/Desktop/Arts Demands/fsviewer/fsviewer-crashes/fsviewer-INVALID_POINTER_WRITE_c0000005__unknown+1715fe46__f9628e729549552f.png,WRITE
faststone,fsviewer-INVALID_POINTER_WRITE_c0000005__unknown+1716f3a1__9eeea661363284ec.png,/Users/ebukaobi/Desktop/Arts Demands/fsviewer/fsviewer-crashes/fsviewer-INVALID_POINTER_WRITE_c0000005__unknown+1716f3a1__9eeea661363284ec.png,DoS
faststone,fsviewer-INVALID_POINTER_WRITE_c0000005__unknown+17180279__72b2177f624ec4a2.png,/Users/ebukaobi/Desktop/Arts Demands/fsviewer/fsviewer-crashes/fsviewer-INVALID_POINTER_WRITE_c0000005__unknown+17180279__72b2177f624ec4a2.png,WRITE
faststone,fsviewer-INVALID_POINTER_WRITE_c0000005__unknown+1719f6f4__db762e13e5a76da0.png,/Users/ebukaobi/Desktop/Arts Demands/fsviewer/fsviewer-crashes/fsviewer-INVALID_POINTER_WRITE_c0000005__unknown+1719f6f4__db762e13e5a76da0.png,DoS
faststone,fsviewer-INVALID_POINTER_WRITE_c0000005__unknown+1719f922__cb33b8fe124d4604.png,/Users/ebukaobi/Desktop/Arts Demands/fsviewer/fsviewer-crashes/fsviewer-INVALID_POINTER_WRITE_c0000005__unknown+1719f922__cb33b8fe124d4604.png,DoS
faststone,fsviewer-INVALID_POINTER_WRITE_c0000005__unknown+171bebbf__c8fd58c85d20183a.png,/Users/ebukaobi/Desktop/Arts Demands/fsviewer/fsviewer-crashes/fsviewer-INVALID_POINTER_WRITE_c0000005__unknown+171bebbf__c8fd58c85d20183a.png,DoS
faststone,fsviewer-INVALID_POINTER_WRITE_c0000005__unknown+1721eea6__4df76747a88a1a43.png,/Users/ebukaobi/Desktop/Arts Demands/fsviewer/fsviewer-crashes/fsviewer-INVALID_POINTER_WRITE_c0000005__unknown+1721eea6__4df76747a88a1a43.png,DoS
faststone,fsviewer-INVALID_POINTER_WRITE_c0000005__unknown+1722064d__57a3d34969d8dbe9.png,/Users/ebukaobi/Desktop/Arts Demands/fsviewer/fsviewer-crashes/fsviewer-INVALID_POINTER_WRITE_c0000005__unknown+1722064d__57a3d34969d8dbe9.png,WRITE
faststone,fsviewer-INVALID_POINTER_WRITE_c0000005__unknown+1722f4bf__c83b15e9d74d7f92.png,/Users/ebukaobi/Desktop/Arts Demands/fsviewer/fsviewer-crashes/fsviewer-INVALID_POINTER_WRITE_c0000005__unknown+1722f4bf__c83b15e9d74d7f92.png,WRITE
faststone,fsviewer-INVALID_POINTER_WRITE_c0000005__unknown+1723ec55__cd8739eb744fa87c.png,/Users/ebukaobi/Desktop/Arts Demands/fsviewer/fsviewer-crashes/fsviewer-INVALID_POINTER_WRITE_c0000005__unknown+1723ec55__cd8739eb744fa87c.png,WRITE
faststone,fsviewer-INVALID_POINTER_WRITE_c0000005__unknown+1723eeb2__a8ee472a323dfd4f.png,/Users/ebukaobi/Desktop/Arts Demands/fsviewer/fsviewer-crashes/fsviewer-INVALID_POINTER_WRITE_c0000005__unknown+1723eeb2__a8ee472a323dfd4f.png,WRITE
faststone,fsviewer-INVALID_POINTER_WRITE_c0000005__unknown+1723ef1e__06dde4906fe9b44c.png,/Users/ebukaobi/Desktop/Arts Demands/fsviewer/fsviewer-crashes/fsviewer-INVALID_POINTER_WRITE_c0000005__unknown+1723ef1e__06dde4906fe9b44c.png,DoS
faststone,fsviewer-INVALID_POINTER_WRITE_c0000005__unknown+1723ef5e__9da1651124cea845.png,/Users/ebukaobi/Desktop/Arts Demands/fsviewer/fsviewer-crashes/fsviewer-INVALID_POINTER_WRITE_c0000005__unknown+1723ef5e__9da1651124cea845.png,WRITE
faststone,fsviewer-INVALID_POINTER_WRITE_c0000005__unknown+1723f0ef__46d495fcd3dfb711.png,/Users/ebukaobi/Desktop/Arts Demands/fsviewer/fsviewer-crashes/fsviewer-INVALID_POINTER_WRITE_c0000005__unknown+1723f0ef__46d495fcd3dfb711.png,WRITE
faststone,fsviewer-INVALID_POINTER_WRITE_c0000005__unknown+1724eba5__480a4392c1d8a78f.png,/Users/ebukaobi/Desktop/Arts Demands/fsviewer/fsviewer-crashes/fsviewer-INVALID_POINTER_WRITE_c0000005__unknown+1724eba5__480a4392c1d8a78f.png,WRITE
faststone,fsviewer-INVALID_POINTER_WRITE_c0000005__unknown+1724ef3c__18a6e4da91444cf8.png,/Users/ebukaobi/Desktop/Arts Demands/fsviewer/fsviewer-crashes/fsviewer-INVALID_POINTER_WRITE_c0000005__unknown+1724ef3c__18a6e4da91444cf8.png,WRITE
faststone,fsviewer-INVALID_POINTER_WRITE_c0000005__unknown+1724f282__5865c18c30525e4c.png,/Users/ebukaobi/Desktop/Arts Demands/fsviewer/fsviewer-crashes/fsviewer-INVALID_POINTER_WRITE_c0000005__unknown+1724f282__5865c18c30525e4c.png,WRITE
faststone,fsviewer-INVALID_POINTER_WRITE_c0000005__unknown+1724f8fd__8be1d2d2f4bcebd8.png,/Users/ebukaobi/Desktop/Arts Demands/fsviewer/fsviewer-crashes/fsviewer-INVALID_POINTER_WRITE_c0000005__unknown+1724f8fd__8be1d2d2f4bcebd8.png,DoS
faststone,fsviewer-INVALID_POINTER_WRITE_c0000005__unknown+1724f906__1b818402f731a030.png,/Users/ebukaobi/Desktop/Arts Demands/fsviewer/fsviewer-crashes/fsviewer-INVALID_POINTER_WRITE_c0000005__unknown+1724f906__1b818402f731a030.png,WRITE
faststone,fsviewer-INVALID_POINTER_WRITE_c0000005__unknown+1724f962__e195f7b361fe0b31.png,/Users/ebukaobi/Desktop/Arts Demands/fsviewer/fsviewer-crashes/fsviewer-INVALID_POINTER_WRITE_c0000005__unknown+1724f962__e195f7b361fe0b31.png,WRITE
faststone,fsviewer-INVALID_POINTER_WRITE_c0000005__unknown+1724f9a2__b8f7d72b11df4300.png,/Users/ebukaobi/Desktop/Arts Demands/fsviewer/fsviewer-crashes/fsviewer-INVALID_POINTER_WRITE_c0000005__unknown+1724f9a2__b8f7d72b11df4300.png,WRITE
faststone,fsviewer-INVALID_POINTER_WRITE_c0000005__unknown+1724fb34__c91fe64e15707f8a.png,/Users/ebukaobi/Desktop/Arts Demands/fsviewer/fsviewer-crashes/fsviewer-INVALID_POINTER_WRITE_c0000005__unknown+1724fb34__c91fe64e15707f8a.png,WRITE
faststone,fsviewer-INVALID_POINTER_WRITE_c0000005__unknown+1724fb97__12271254b907152f.png,/Users/ebukaobi/Desktop/Arts Demands/fsviewer/fsviewer-crashes/fsviewer-INVALID_POINTER_WRITE_c0000005__unknown+1724fb97__12271254b907152f.png,WRITE
faststone,fsviewer-INVALID_POINTER_WRITE_c0000005__unknown+17250279__bc76bc73da8ca1ff.png,/Users/ebukaobi/Desktop/Arts Demands/fsviewer/fsviewer-crashes/fsviewer-INVALID_POINTER_WRITE_c0000005__unknown+17250279__bc76bc73da8ca1ff.png,WRITE
faststone,fsviewer-INVALID_POINTER_WRITE_c0000005__unknown+17250b1c__93fd2c2103dfcbbd.png,/Users/ebukaobi/Desktop/Arts Demands/fsviewer/fsviewer-crashes/fsviewer-INVALID_POINTER_WRITE_c0000005__unknown+17250b1c__93fd2c2103dfcbbd.png,DoS
faststone,fsviewer-INVALID_POINTER_WRITE_c0000005__unknown+1725e5df__e0241f9507678737.png,/Users/ebukaobi/Desktop/Arts Demands/fsviewer/fsviewer-crashes/fsviewer-INVALID_POINTER_WRITE_c0000005__unknown+1725e5df__e0241f9507678737.png,WRITE
faststone,fsviewer-INVALID_POINTER_WRITE_c0000005__unknown+1725e7db__70b0111bad4937de.png,/Users/ebukaobi/Desktop/Arts Demands/fsviewer/fsviewer-crashes/fsviewer-INVALID_POINTER_WRITE_c0000005__unknown+1725e7db__70b0111bad4937de.png,WRITE
faststone,fsviewer-INVALID_POINTER_WRITE_c0000005__unknown+1725eadb__103974a208106edd.png,/Users/ebukaobi/Desktop/Arts Demands/fsviewer/fsviewer-crashes/fsviewer-INVALID_POINTER_WRITE_c0000005__unknown+1725eadb__103974a208106edd.png,WRITE
faststone,fsviewer-INVALID_POINTER_WRITE_c0000005__unknown+1725eba4__0e8107de90117e36.png,/Users/ebukaobi/Desktop/Arts Demands/fsviewer/fsviewer-crashes/fsviewer-INVALID_POINTER_WRITE_c0000005__unknown+1725eba4__0e8107de90117e36.png,WRITE
faststone,fsviewer-INVALID_POINTER_WRITE_c0000005__unknown+1725ec2d__e86c2949f63a99c7.png,/Users/ebukaobi/Desktop/Arts Demands/fsviewer/fsviewer-crashes/fsviewer-INVALID_POINTER_WRITE_c0000005__unknown+1725ec2d__e86c2949f63a99c7.png,WRITE
faststone,fsviewer-INVALID_POINTER_WRITE_c0000005__unknown+1725ecbd__4e87aeeccd258ec1.png,/Users/ebukaobi/Desktop/Arts Demands/fsviewer/fsviewer-crashes/fsviewer-INVALID_POINTER_WRITE_c0000005__unknown+1725ecbd__4e87aeeccd258ec1.png,WRITE
faststone,fsviewer-INVALID_POINTER_WRITE_c0000005__unknown+1725ecd4__18da6fb9543aeb9b.png,/Users/ebukaobi/Desktop/Arts Demands/fsviewer/fsviewer-crashes/fsviewer-INVALID_POINTER_WRITE_c0000005__unknown+1725ecd4__18da6fb9543aeb9b.png,WRITE
faststone,fsviewer-INVALID_POINTER_WRITE_c0000005__unknown+1725ecdf__ea68b98ec685b7f8.png,/Users/ebukaobi/Desktop/Arts Demands/fsviewer/fsviewer-crashes/fsviewer-INVALID_POINTER_WRITE_c0000005__unknown+1725ecdf__ea68b98ec685b7f8.png,DoS
faststone,fsviewer-INVALID_POINTER_WRITE_c0000005__unknown+1725ed9a__58c56ca13778a9e7.png,/Users/ebukaobi/Desktop/Arts Demands/fsviewer/fsviewer-crashes/fsviewer-INVALID_POINTER_WRITE_c0000005__unknown+1725ed9a__58c56ca13778a9e7.png,WRITE
faststone,fsviewer-INVALID_POINTER_WRITE_c0000005__unknown+1725eeb2__475b2724b4ef03ad.png,/Users/ebukaobi/Desktop/Arts Demands/fsviewer/fsviewer-crashes/fsviewer-INVALID_POINTER_WRITE_c0000005__unknown+1725eeb2__475b2724b4ef03ad.png,WRITE
faststone,fsviewer-INVALID_POINTER_WRITE_c0000005__unknown+1725eedb__4d1f7664bdac2c27.png,/Users/ebukaobi/Desktop/Arts Demands/fsviewer/fsviewer-crashes/fsviewer-INVALID_POINTER_WRITE_c0000005__unknown+1725eedb__4d1f7664bdac2c27.png,WRITE
faststone,fsviewer-INVALID_POINTER_WRITE_c0000005__unknown+1725ef0f__5cfae12f2c1d4a30.png,/Users/ebukaobi/Desktop/Arts Demands/fsviewer/fsviewer-crashes/fsviewer-INVALID_POINTER_WRITE_c0000005__unknown+1725ef0f__5cfae12f2c1d4a30.png,WRITE
faststone,fsviewer-INVALID_POINTER_WRITE_c0000005__unknown+1725ef5d__85b8e64fec5cf42c.png,/Users/ebukaobi/Desktop/Arts Demands/fsviewer/fsviewer-crashes/fsviewer-INVALID_POINTER_WRITE_c0000005__unknown+1725ef5d__85b8e64fec5cf42c.png,WRITE
faststone,fsviewer-INVALID_POINTER_WRITE_c0000005__unknown+1725ef66__2a63409fc985a07a.png,/Users/ebukaobi/Desktop/Arts Demands/fsviewer/fsviewer-crashes/fsviewer-INVALID_POINTER_WRITE_c0000005__unknown+1725ef66__2a63409fc985a07a.png,DoS
faststone,fsviewer-INVALID_POINTER_WRITE_c0000005__unknown+1725ef97__fdd52ab2862606f6.png,/Users/ebukaobi/Desktop/Arts Demands/fsviewer/fsviewer-crashes/fsviewer-INVALID_POINTER_WRITE_c0000005__unknown+1725ef97__fdd52ab2862606f6.png,WRITE
faststone,fsviewer-INVALID_POINTER_WRITE_c0000005__unknown+1725f033__62dce3b841bcda64.png,/Users/ebukaobi/Desktop/Arts Demands/fsviewer/fsviewer-crashes/fsviewer-INVALID_POINTER_WRITE_c0000005__unknown+1725f033__62dce3b841bcda64.png,DoS
faststone,fsviewer-INVALID_POINTER_WRITE_c0000005__unknown+1725f15e__8eadbdaaaa42bd57.png,/Users/ebukaobi/Desktop/Arts Demands/fsviewer/fsviewer-crashes/fsviewer-INVALID_POINTER_WRITE_c0000005__unknown+1725f15e__8eadbdaaaa42bd57.png,WRITE
faststone,fsviewer-INVALID_POINTER_WRITE_c0000005__unknown+1725f1f1__913cfd05000768a3.png,/Users/ebukaobi/Desktop/Arts Demands/fsviewer/fsviewer-crashes/fsviewer-INVALID_POINTER_WRITE_c0000005__unknown+1725f1f1__913cfd05000768a3.png,WRITE
faststone,fsviewer-INVALID_POINTER_WRITE_c0000005__unknown+1725f32e__14cb7304293158c8.png,/Users/ebukaobi/Desktop/Arts Demands/fsviewer/fsviewer-crashes/fsviewer-INVALID_POINTER_WRITE_c0000005__unknown+1725f32e__14cb7304293158c8.png,WRITE
faststone,fsviewer-INVALID_POINTER_WRITE_c0000005__unknown+1725f398__18ebe1a875b00317.png,/Users/ebukaobi/Desktop/Arts Demands/fsviewer/fsviewer-crashes/fsviewer-INVALID_POINTER_WRITE_c0000005__unknown+1725f398__18ebe1a875b00317.png,DoS
faststone,fsviewer-INVALID_POINTER_WRITE_c0000005__unknown+1725f3bf__4a62abf9df7df59e.png,/Users/ebukaobi/Desktop/Arts Demands/fsviewer/fsviewer-crashes/fsviewer-INVALID_POINTER_WRITE_c0000005__unknown+1725f3bf__4a62abf9df7df59e.png,WRITE
faststone,fsviewer-INVALID_POINTER_WRITE_c0000005__unknown+1725f6d1__95314fef02482e24.png,/Users/ebukaobi/Desktop/Arts Demands/fsviewer/fsviewer-crashes/fsviewer-INVALID_POINTER_WRITE_c0000005__unknown+1725f6d1__95314fef02482e24.png,WRITE
faststone,fsviewer-INVALID_POINTER_WRITE_c0000005__unknown+1725f801__7b41afbc01e81d8b.png,/Users/ebukaobi/Desktop/Arts Demands/fsviewer/fsviewer-crashes/fsviewer-INVALID_POINTER_WRITE_c0000005__unknown+1725f801__7b41afbc01e81d8b.png,WRITE
faststone,fsviewer-INVALID_POINTER_WRITE_c0000005__unknown+1725f81a__401faba4cd680455.png,/Users/ebukaobi/Desktop/Arts Demands/fsviewer/fsviewer-crashes/fsviewer-INVALID_POINTER_WRITE_c0000005__unknown+1725f81a__401faba4cd680455.png,WRITE
faststone,fsviewer-INVALID_POINTER_WRITE_c0000005__unknown+1725f8cc__ba9458162674dd4f.png,/Users/ebukaobi/Desktop/Arts Demands/fsviewer/fsviewer-crashes/fsviewer-INVALID_POINTER_WRITE_c0000005__unknown+1725f8cc__ba9458162674dd4f.png,WRITE
faststone,fsviewer-INVALID_POINTER_WRITE_c0000005__unknown+1725f986__c80f8ef7f1ff3e68.png,/Users/ebukaobi/Desktop/Arts Demands/fsviewer/fsviewer-crashes/fsviewer-INVALID_POINTER_WRITE_c0000005__unknown+1725f986__c80f8ef7f1ff3e68.png,DoS
faststone,fsviewer-INVALID_POINTER_WRITE_c0000005__unknown+1725fd43__9d15c5f718b410c8.png,/Users/ebukaobi/Desktop/Arts Demands/fsviewer/fsviewer-crashes/fsviewer-INVALID_POINTER_WRITE_c0000005__unknown+1725fd43__9d15c5f718b410c8.png,WRITE
faststone,fsviewer-INVALID_POINTER_WRITE_c0000005__unknown+1725febc__b65b405ca881f00a.png,/Users/ebukaobi/Desktop/Arts Demands/fsviewer/fsviewer-crashes/fsviewer-INVALID_POINTER_WRITE_c0000005__unknown+1725febc__b65b405ca881f00a.png,DoS
faststone,fsviewer-INVALID_POINTER_WRITE_c0000005__unknown+1726043f__7fb0604dba357558.png,/Users/ebukaobi/Desktop/Arts Demands/fsviewer/fsviewer-crashes/fsviewer-INVALID_POINTER_WRITE_c0000005__unknown+1726043f__7fb0604dba357558.png,WRITE
faststone,fsviewer-INVALID_POINTER_WRITE_c0000005__unknown+1726eb76__9e630a756c63f247.png,/Users/ebukaobi/Desktop/Arts Demands/fsviewer/fsviewer-crashes/fsviewer-INVALID_POINTER_WRITE_c0000005__unknown+1726eb76__9e630a756c63f247.png,DoS
faststone,fsviewer-INVALID_POINTER_WRITE_c0000005__unknown+1726ebd4__de8884d7b62c18b8.png,/Users/ebukaobi/Desktop/Arts Demands/fsviewer/fsviewer-crashes/fsviewer-INVALID_POINTER_WRITE_c0000005__unknown+1726ebd4__de8884d7b62c18b8.png,WRITE
faststone,fsviewer-INVALID_POINTER_WRITE_c0000005__unknown+1726ebec__944ee5df1a995a32.png,/Users/ebukaobi/Desktop/Arts Demands/fsviewer/fsviewer-crashes/fsviewer-INVALID_POINTER_WRITE_c0000005__unknown+1726ebec__944ee5df1a995a32.png,WRITE
faststone,fsviewer-INVALID_POINTER_WRITE_c0000005__unknown+1726ec73__e0a084c0dcb15ba3.png,/Users/ebukaobi/Desktop/Arts Demands/fsviewer/fsviewer-crashes/fsviewer-INVALID_POINTER_WRITE_c0000005__unknown+1726ec73__e0a084c0dcb15ba3.png,WRITE
faststone,fsviewer-INVALID_POINTER_WRITE_c0000005__unknown+1726ec96__022c8f3d52db370b.png,/Users/ebukaobi/Desktop/Arts Demands/fsviewer/fsviewer-crashes/fsviewer-INVALID_POINTER_WRITE_c0000005__unknown+1726ec96__022c8f3d52db370b.png,WRITE
faststone,fsviewer-INVALID_POINTER_WRITE_c0000005__unknown+1726ecaf__9fc2124377663c00.png,/Users/ebukaobi/Desktop/Arts Demands/fsviewer/fsviewer-crashes/fsviewer-INVALID_POINTER_WRITE_c0000005__unknown+1726ecaf__9fc2124377663c00.png,WRITE
faststone,fsviewer-INVALID_POINTER_WRITE_c0000005__unknown+1726ecb7__9a4cfce6fc37e4bd.png,/Users/ebukaobi/Desktop/Arts Demands/fsviewer/fsviewer-crashes/fsviewer-INVALID_POINTER_WRITE_c0000005__unknown+1726ecb7__9a4cfce6fc37e4bd.png,DoS
faststone,fsviewer-INVALID_POINTER_WRITE_c0000005__unknown+1726eccf__b4213cd985fd2234.png,/Users/ebukaobi/Desktop/Arts Demands/fsviewer/fsviewer-crashes/fsviewer-INVALID_POINTER_WRITE_c0000005__unknown+1726eccf__b4213cd985fd2234.png,WRITE
faststone,fsviewer-INVALID_POINTER_WRITE_c0000005__unknown+1726ed53__180869fef5153b2e.png,/Users/ebukaobi/Desktop/Arts Demands/fsviewer/fsviewer-crashes/fsviewer-INVALID_POINTER_WRITE_c0000005__unknown+1726ed53__180869fef5153b2e.png,DoS
faststone,fsviewer-INVALID_POINTER_WRITE_c0000005__unknown+1726ee81__810f48ed4acd9946.png,/Users/ebukaobi/Desktop/Arts Demands/fsviewer/fsviewer-crashes/fsviewer-INVALID_POINTER_WRITE_c0000005__unknown+1726ee81__810f48ed4acd9946.png,WRITE
faststone,fsviewer-INVALID_POINTER_WRITE_c0000005__unknown+1726eeba__825c46c617bd3891.png,/Users/ebukaobi/Desktop/Arts Demands/fsviewer/fsviewer-crashes/fsviewer-INVALID_POINTER_WRITE_c0000005__unknown+1726eeba__825c46c617bd3891.png,WRITE
faststone,fsviewer-INVALID_POINTER_WRITE_c0000005__unknown+1726ef68__d457ff7e9590fb9d.png,/Users/ebukaobi/Desktop/Arts Demands/fsviewer/fsviewer-crashes/fsviewer-INVALID_POINTER_WRITE_c0000005__unknown+1726ef68__d457ff7e9590fb9d.png,WRITE
faststone,fsviewer-INVALID_POINTER_WRITE_c0000005__unknown+1726efbb__2460ed6c78f9988f.png,/Users/ebukaobi/Desktop/Arts Demands/fsviewer/fsviewer-crashes/fsviewer-INVALID_POINTER_WRITE_c0000005__unknown+1726efbb__2460ed6c78f9988f.png,DoS
faststone,fsviewer-INVALID_POINTER_WRITE_c0000005__unknown+1726f105__1ae3c98645f0c7c4.png,/Users/ebukaobi/Desktop/Arts Demands/fsviewer/fsviewer-crashes/fsviewer-INVALID_POINTER_WRITE_c0000005__unknown+1726f105__1ae3c98645f0c7c4.png,WRITE
faststone,fsviewer-INVALID_POINTER_WRITE_c0000005__unknown+1726f146__0ec4ec3869d66417.png,/Users/ebukaobi/Desktop/Arts Demands/fsviewer/fsviewer-crashes/fsviewer-INVALID_POINTER_WRITE_c0000005__unknown+1726f146__0ec4ec3869d66417.png,WRITE
faststone,fsviewer-INVALID_POINTER_WRITE_c0000005__unknown+1726f1b7__404c69482209b1d3.png,/Users/ebukaobi/Desktop/Arts Demands/fsviewer/fsviewer-crashes/fsviewer-INVALID_POINTER_WRITE_c0000005__unknown+1726f1b7__404c69482209b1d3.png,WRITE
faststone,fsviewer-INVALID_POINTER_WRITE_c0000005__unknown+1726f1f6__c39cb7ba046d82f4.png,/Users/ebukaobi/Desktop/Arts Demands/fsviewer/fsviewer-crashes/fsviewer-INVALID_POINTER_WRITE_c0000005__unknown+1726f1f6__c39cb7ba046d82f4.png,WRITE
faststone,fsviewer-INVALID_POINTER_WRITE_c0000005__unknown+1726f2e8__7c53b859cbd94edd.png,/Users/ebukaobi/Desktop/Arts Demands/fsviewer/fsviewer-crashes/fsviewer-INVALID_POINTER_WRITE_c0000005__unknown+1726f2e8__7c53b859cbd94edd.png,WRITE
faststone,fsviewer-INVALID_POINTER_WRITE_c0000005__unknown+1726f3e1__fb0d8bf61d74b09f.png,/Users/ebukaobi/Desktop/Arts Demands/fsviewer/fsviewer-crashes/fsviewer-INVALID_POINTER_WRITE_c0000005__unknown+1726f3e1__fb0d8bf61d74b09f.png,WRITE
faststone,fsviewer-INVALID_POINTER_WRITE_c0000005__unknown+1726f448__df3c7a282b87047b.png,/Users/ebukaobi/Desktop/Arts Demands/fsviewer/fsviewer-crashes/fsviewer-INVALID_POINTER_WRITE_c0000005__unknown+1726f448__df3c7a282b87047b.png,DoS
faststone,fsviewer-INVALID_POINTER_WRITE_c0000005__unknown+1726f4cc__a0562fec09be04fd.png,/Users/ebukaobi/Desktop/Arts Demands/fsviewer/fsviewer-crashes/fsviewer-INVALID_POINTER_WRITE_c0000005__unknown+1726f4cc__a0562fec09be04fd.png,DoS
faststone,fsviewer-INVALID_POINTER_WRITE_c0000005__unknown+1726f543__f8b05929d401011f.png,/Users/ebukaobi/Desktop/Arts Demands/fsviewer/fsviewer-crashes/fsviewer-INVALID_POINTER_WRITE_c0000005__unknown+1726f543__f8b05929d401011f.png,WRITE
faststone,fsviewer-INVALID_POINTER_WRITE_c0000005__unknown+1726f556__249a8873ea7cd9a2.png,/Users/ebukaobi/Desktop/Arts Demands/fsviewer/fsviewer-crashes/fsviewer-INVALID_POINTER_WRITE_c0000005__unknown+1726f556__249a8873ea7cd9a2.png,WRITE
faststone,fsviewer-INVALID_POINTER_WRITE_c0000005__unknown+1726f683__93b3b403923bb28d.png,/Users/ebukaobi/Desktop/Arts Demands/fsviewer/fsviewer-crashes/fsviewer-INVALID_POINTER_WRITE_c0000005__unknown+1726f683__93b3b403923bb28d.png,WRITE
faststone,fsviewer-INVALID_POINTER_WRITE_c0000005__unknown+1726f6d7__41d884f16e53b900.png,/Users/ebukaobi/Desktop/Arts Demands/fsviewer/fsviewer-crashes/fsviewer-INVALID_POINTER_WRITE_c0000005__unknown+1726f6d7__41d884f16e53b900.png,DoS
faststone,fsviewer-INVALID_POINTER_WRITE_c0000005__unknown+1726f715__c9856bc5dc5dd90c.png,/Users/ebukaobi/Desktop/Arts Demands/fsviewer/fsviewer-crashes/fsviewer-INVALID_POINTER_WRITE_c0000005__unknown+1726f715__c9856bc5dc5dd90c.png,DoS
faststone,fsviewer-INVALID_POINTER_WRITE_c0000005__unknown+1726f7a5__a9cefd262f8e2149.png,/Users/ebukaobi/Desktop/Arts Demands/fsviewer/fsviewer-crashes/fsviewer-INVALID_POINTER_WRITE_c0000005__unknown+1726f7a5__a9cefd262f8e2149.png,DoS
faststone,fsviewer-INVALID_POINTER_WRITE_c0000005__unknown+1726f825__39c045242fbe9c96.png,/Users/ebukaobi/Desktop/Arts Demands/fsviewer/fsviewer-crashes/fsviewer-INVALID_POINTER_WRITE_c0000005__unknown+1726f825__39c045242fbe9c96.png,WRITE
faststone,fsviewer-INVALID_POINTER_WRITE_c0000005__unknown+1726f82e__b914eccebfba663f.png,/Users/ebukaobi/Desktop/Arts Demands/fsviewer/fsviewer-crashes/fsviewer-INVALID_POINTER_WRITE_c0000005__unknown+1726f82e__b914eccebfba663f.png,DoS
faststone,fsviewer-INVALID_POINTER_WRITE_c0000005__unknown+1726f88b__1a52d5b6717205d2.png,/Users/ebukaobi/Desktop/Arts Demands/fsviewer/fsviewer-crashes/fsviewer-INVALID_POINTER_WRITE_c0000005__unknown+1726f88b__1a52d5b6717205d2.png,DoS
faststone,fsviewer-INVALID_POINTER_WRITE_c0000005__unknown+1726f8b5__f3955d667f77360b.png,/Users/ebukaobi/Desktop/Arts Demands/fsviewer/fsviewer-crashes/fsviewer-INVALID_POINTER_WRITE_c0000005__unknown+1726f8b5__f3955d667f77360b.png,WRITE
faststone,fsviewer-INVALID_POINTER_WRITE_c0000005__unknown+1726f8b8__e2d20ddcc42d4787.png,/Users/ebukaobi/Desktop/Arts Demands/fsviewer/fsviewer-crashes/fsviewer-INVALID_POINTER_WRITE_c0000005__unknown+1726f8b8__e2d20ddcc42d4787.png,WRITE
faststone,fsviewer-INVALID_POINTER_WRITE_c0000005__unknown+1726f8cc__563e782967b755e6.png,/Users/ebukaobi/Desktop/Arts Demands/fsviewer/fsviewer-crashes/fsviewer-INVALID_POINTER_WRITE_c0000005__unknown+1726f8cc__563e782967b755e6.png,WRITE
faststone,fsviewer-INVALID_POINTER_WRITE_c0000005__unknown+1726f8f9__c738be15fe3a33b5.png,/Users/ebukaobi/Desktop/Arts Demands/fsviewer/fsviewer-crashes/fsviewer-INVALID_POINTER_WRITE_c0000005__unknown+1726f8f9__c738be15fe3a33b5.png,DoS
faststone,fsviewer-INVALID_POINTER_WRITE_c0000005__unknown+1726f906__96966416c431b818.png,/Users/ebukaobi/Desktop/Arts Demands/fsviewer/fsviewer-crashes/fsviewer-INVALID_POINTER_WRITE_c0000005__unknown+1726f906__96966416c431b818.png,WRITE
faststone,fsviewer-INVALID_POINTER_WRITE_c0000005__unknown+1726f9d6__c166c82870d1b617.png,/Users/ebukaobi/Desktop/Arts Demands/fsviewer/fsviewer-crashes/fsviewer-INVALID_POINTER_WRITE_c0000005__unknown+1726f9d6__c166c82870d1b617.png,WRITE
faststone,fsviewer-INVALID_POINTER_WRITE_c0000005__unknown+1726fecf__a227291678a85063.png,/Users/ebukaobi/Desktop/Arts Demands/fsviewer/fsviewer-crashes/fsviewer-INVALID_POINTER_WRITE_c0000005__unknown+1726fecf__a227291678a85063.png,WRITE
faststone,fsviewer-INVALID_POINTER_WRITE_c0000005__unknown+1726ff54__8a86a05a08fc36d6.png,/Users/ebukaobi/Desktop/Arts Demands/fsviewer/fsviewer-crashes/fsviewer-INVALID_POINTER_WRITE_c0000005__unknown+1726ff54__8a86a05a08fc36d6.png,WRITE
faststone,fsviewer-INVALID_POINTER_WRITE_c0000005__unknown+17270261__c1d8d12b2b71151e.png,/Users/ebukaobi/Desktop/Arts Demands/fsviewer/fsviewer-crashes/fsviewer-INVALID_POINTER_WRITE_c0000005__unknown+17270261__c1d8d12b2b71151e.png,WRITE
faststone,fsviewer-INVALID_POINTER_WRITE_c0000005__unknown+17270378__f5f345398b68290d.png,/Users/ebukaobi/Desktop/Arts Demands/fsviewer/fsviewer-crashes/fsviewer-INVALID_POINTER_WRITE_c0000005__unknown+17270378__f5f345398b68290d.png,WRITE
faststone,fsviewer-INVALID_POINTER_WRITE_c0000005__unknown+17270c65__4d4b58d5679efef2.png,/Users/ebukaobi/Desktop/Arts Demands/fsviewer/fsviewer-crashes/fsviewer-INVALID_POINTER_WRITE_c0000005__unknown+17270c65__4d4b58d5679efef2.png,WRITE
faststone,fsviewer-INVALID_POINTER_WRITE_c0000005__unknown+1727eb9e__3a4161e102f0e2c8.png,/Users/ebukaobi/Desktop/Arts Demands/fsviewer/fsviewer-crashes/fsviewer-INVALID_POINTER_WRITE_c0000005__unknown+1727eb9e__3a4161e102f0e2c8.png,WRITE
faststone,fsviewer-INVALID_POINTER_WRITE_c0000005__unknown+1727ec16__00f41b69120f0b68.png,/Users/ebukaobi/Desktop/Arts Demands/fsviewer/fsviewer-crashes/fsviewer-INVALID_POINTER_WRITE_c0000005__unknown+1727ec16__00f41b69120f0b68.png,WRITE
faststone,fsviewer-INVALID_POINTER_WRITE_c0000005__unknown+1727ec52__63f4e688371e18cb.png,/Users/ebukaobi/Desktop/Arts Demands/fsviewer/fsviewer-crashes/fsviewer-INVALID_POINTER_WRITE_c0000005__unknown+1727ec52__63f4e688371e18cb.png,WRITE
faststone,fsviewer-INVALID_POINTER_WRITE_c0000005__unknown+1727eccd__090c2ab82ddebcbe.png,/Users/ebukaobi/Desktop/Arts Demands/fsviewer/fsviewer-crashes/fsviewer-INVALID_POINTER_WRITE_c0000005__unknown+1727eccd__090c2ab82ddebcbe.png,WRITE
faststone,fsviewer-INVALID_POINTER_WRITE_c0000005__unknown+1727ed06__37b0323344de8176.png,/Users/ebukaobi/Desktop/Arts Demands/fsviewer/fsviewer-crashes/fsviewer-INVALID_POINTER_WRITE_c0000005__unknown+1727ed06__37b0323344de8176.png,WRITE
faststone,fsviewer-INVALID_POINTER_WRITE_c0000005__unknown+1727ed36__476620d04670e5b3.png,/Users/ebukaobi/Desktop/Arts Demands/fsviewer/fsviewer-crashes/fsviewer-INVALID_POINTER_WRITE_c0000005__unknown+1727ed36__476620d04670e5b3.png,DoS
faststone,fsviewer-INVALID_POINTER_WRITE_c0000005__unknown+1727ee79__6778b8d3c9808a0c.png,/Users/ebukaobi/Desktop/Arts Demands/fsviewer/fsviewer-crashes/fsviewer-INVALID_POINTER_WRITE_c0000005__unknown+1727ee79__6778b8d3c9808a0c.png,DoS
faststone,fsviewer-INVALID_POINTER_WRITE_c0000005__unknown+1727ee92__1a3ff00072a8ffcf.png,/Users/ebukaobi/Desktop/Arts Demands/fsviewer/fsviewer-crashes/fsviewer-INVALID_POINTER_WRITE_c0000005__unknown+1727ee92__1a3ff00072a8ffcf.png,WRITE
faststone,fsviewer-INVALID_POINTER_WRITE_c0000005__unknown+1727ef0f__0c4ab6e963cfff9d.png,/Users/ebukaobi/Desktop/Arts Demands/fsviewer/fsviewer-crashes/fsviewer-INVALID_POINTER_WRITE_c0000005__unknown+1727ef0f__0c4ab6e963cfff9d.png,WRITE
faststone,fsviewer-INVALID_POINTER_WRITE_c0000005__unknown+1727ef2c__a92a13ede9eb1203.png,/Users/ebukaobi/Desktop/Arts Demands/fsviewer/fsviewer-crashes/fsviewer-INVALID_POINTER_WRITE_c0000005__unknown+1727ef2c__a92a13ede9eb1203.png,WRITE
faststone,fsviewer-INVALID_POINTER_WRITE_c0000005__unknown+1727ef32__0f1c8026166530fa.png,/Users/ebukaobi/Desktop/Arts Demands/fsviewer/fsviewer-crashes/fsviewer-INVALID_POINTER_WRITE_c0000005__unknown+1727ef32__0f1c8026166530fa.png,DoS
faststone,fsviewer-INVALID_POINTER_WRITE_c0000005__unknown+1727ef46__63a00c328625e4fd.png,/Users/ebukaobi/Desktop/Arts Demands/fsviewer/fsviewer-crashes/fsviewer-INVALID_POINTER_WRITE_c0000005__unknown+1727ef46__63a00c328625e4fd.png,WRITE
faststone,fsviewer-INVALID_POINTER_WRITE_c0000005__unknown+1727ef64__b7001886d1975881.png,/Users/ebukaobi/Desktop/Arts Demands/fsviewer/fsviewer-crashes/fsviewer-INVALID_POINTER_WRITE_c0000005__unknown+1727ef64__b7001886d1975881.png,WRITE
faststone,fsviewer-INVALID_POINTER_WRITE_c0000005__unknown+1727ef66__f843dbda0b18335a.png,/Users/ebukaobi/Desktop/Arts Demands/fsviewer/fsviewer-crashes/fsviewer-INVALID_POINTER_WRITE_c0000005__unknown+1727ef66__f843dbda0b18335a.png,WRITE
faststone,fsviewer-INVALID_POINTER_WRITE_c0000005__unknown+1727efde__98d678ffeb35618a.png,/Users/ebukaobi/Desktop/Arts Demands/fsviewer/fsviewer-crashes/fsviewer-INVALID_POINTER_WRITE_c0000005__unknown+1727efde__98d678ffeb35618a.png,WRITE
faststone,fsviewer-INVALID_POINTER_WRITE_c0000005__unknown+1727f125__aab5ec6b352b2acf.png,/Users/ebukaobi/Desktop/Arts Demands/fsviewer/fsviewer-crashes/fsviewer-INVALID_POINTER_WRITE_c0000005__unknown+1727f125__aab5ec6b352b2acf.png,WRITE
faststone,fsviewer-INVALID_POINTER_WRITE_c0000005__unknown+1727f207__0ad517cac145cabb.png,/Users/ebukaobi/Desktop/Arts Demands/fsviewer/fsviewer-crashes/fsviewer-INVALID_POINTER_WRITE_c0000005__unknown+1727f207__0ad517cac145cabb.png,WRITE
faststone,fsviewer-INVALID_POINTER_WRITE_c0000005__unknown+1727f375__8df8c473241f80b6.png,/Users/ebukaobi/Desktop/Arts Demands/fsviewer/fsviewer-crashes/fsviewer-INVALID_POINTER_WRITE_c0000005__unknown+1727f375__8df8c473241f80b6.png,WRITE
faststone,fsviewer-INVALID_POINTER_WRITE_c0000005__unknown+1727f434__dff31a6b40fc2ad4.png,/Users/ebukaobi/Desktop/Arts Demands/fsviewer/fsviewer-crashes/fsviewer-INVALID_POINTER_WRITE_c0000005__unknown+1727f434__dff31a6b40fc2ad4.png,WRITE
faststone,fsviewer-INVALID_POINTER_WRITE_c0000005__unknown+1727f474__abd1c60b16ea8686.png,/Users/ebukaobi/Desktop/Arts Demands/fsviewer/fsviewer-crashes/fsviewer-INVALID_POINTER_WRITE_c0000005__unknown+1727f474__abd1c60b16ea8686.png,WRITE
faststone,fsviewer-INVALID_POINTER_WRITE_c0000005__unknown+1727f51c__2fa3a42559594b94.png,/Users/ebukaobi/Desktop/Arts Demands/fsviewer/fsviewer-crashes/fsviewer-INVALID_POINTER_WRITE_c0000005__unknown+1727f51c__2fa3a42559594b94.png,WRITE
faststone,fsviewer-INVALID_POINTER_WRITE_c0000005__unknown+1727f6fd__7fb55b39169fefbd.png,/Users/ebukaobi/Desktop/Arts Demands/fsviewer/fsviewer-crashes/fsviewer-INVALID_POINTER_WRITE_c0000005__unknown+1727f6fd__7fb55b39169fefbd.png,DoS
faststone,fsviewer-INVALID_POINTER_WRITE_c0000005__unknown+1727f888__ff1577291d9b2bd5.png,/Users/ebukaobi/Desktop/Arts Demands/fsviewer/fsviewer-crashes/fsviewer-INVALID_POINTER_WRITE_c0000005__unknown+1727f888__ff1577291d9b2bd5.png,DoS
faststone,fsviewer-INVALID_POINTER_WRITE_c0000005__unknown+1727f889__0e8212c3113ce413.png,/Users/ebukaobi/Desktop/Arts Demands/fsviewer/fsviewer-crashes/fsviewer-INVALID_POINTER_WRITE_c0000005__unknown+1727f889__0e8212c3113ce413.png,WRITE
faststone,fsviewer-INVALID_POINTER_WRITE_c0000005__unknown+1727f905__cc282bcc59a98c99.png,/Users/ebukaobi/Desktop/Arts Demands/fsviewer/fsviewer-crashes/fsviewer-INVALID_POINTER_WRITE_c0000005__unknown+1727f905__cc282bcc59a98c99.png,DoS
faststone,fsviewer-INVALID_POINTER_WRITE_c0000005__unknown+1727fdb1__f5d82e3a377f3117.png,/Users/ebukaobi/Desktop/Arts Demands/fsviewer/fsviewer-crashes/fsviewer-INVALID_POINTER_WRITE_c0000005__unknown+1727fdb1__f5d82e3a377f3117.png,WRITE
faststone,fsviewer-INVALID_POINTER_WRITE_c0000005__unknown+1727fee6__dc61572dd93fdd28.png,/Users/ebukaobi/Desktop/Arts Demands/fsviewer/fsviewer-crashes/fsviewer-INVALID_POINTER_WRITE_c0000005__unknown+1727fee6__dc61572dd93fdd28.png,WRITE
faststone,fsviewer-INVALID_POINTER_WRITE_c0000005__unknown+17280204__05a0cf408d4253fd.png,/Users/ebukaobi/Desktop/Arts Demands/fsviewer/fsviewer-crashes/fsviewer-INVALID_POINTER_WRITE_c0000005__unknown+17280204__05a0cf408d4253fd.png,WRITE
faststone,fsviewer-INVALID_POINTER_WRITE_c0000005__unknown+1728b0e8__fef7c16442c7bd7d.png,/Users/ebukaobi/Desktop/Arts Demands/fsviewer/fsviewer-crashes/fsviewer-INVALID_POINTER_WRITE_c0000005__unknown+1728b0e8__fef7c16442c7bd7d.png,DoS
faststone,fsviewer-INVALID_POINTER_WRITE_c0000005__unknown+1728ec1c__6779951ebcbdbf52.png,/Users/ebukaobi/Desktop/Arts Demands/fsviewer/fsviewer-crashes/fsviewer-INVALID_POINTER_WRITE_c0000005__unknown+1728ec1c__6779951ebcbdbf52.png,WRITE
faststone,fsviewer-INVALID_POINTER_WRITE_c0000005__unknown+1728ec27__fdd324594c473bf8.png,/Users/ebukaobi/Desktop/Arts Demands/fsviewer/fsviewer-crashes/fsviewer-INVALID_POINTER_WRITE_c0000005__unknown+1728ec27__fdd324594c473bf8.png,WRITE
faststone,fsviewer-INVALID_POINTER_WRITE_c0000005__unknown+1728ec2e__407806acbe382a6d.png,/Users/ebukaobi/Desktop/Arts Demands/fsviewer/fsviewer-crashes/fsviewer-INVALID_POINTER_WRITE_c0000005__unknown+1728ec2e__407806acbe382a6d.png,DoS
faststone,fsviewer-INVALID_POINTER_WRITE_c0000005__unknown+1728ec30__ec238bf0c72b675e.png,/Users/ebukaobi/Desktop/Arts Demands/fsviewer/fsviewer-crashes/fsviewer-INVALID_POINTER_WRITE_c0000005__unknown+1728ec30__ec238bf0c72b675e.png,WRITE
faststone,fsviewer-INVALID_POINTER_WRITE_c0000005__unknown+1728ec5a__ea502828e99e366e.png,/Users/ebukaobi/Desktop/Arts Demands/fsviewer/fsviewer-crashes/fsviewer-INVALID_POINTER_WRITE_c0000005__unknown+1728ec5a__ea502828e99e366e.png,WRITE
faststone,fsviewer-INVALID_POINTER_WRITE_c0000005__unknown+1728ec69__cd2e80cca43e6e1a.png,/Users/ebukaobi/Desktop/Arts Demands/fsviewer/fsviewer-crashes/fsviewer-INVALID_POINTER_WRITE_c0000005__unknown+1728ec69__cd2e80cca43e6e1a.png,WRITE
faststone,fsviewer-INVALID_POINTER_WRITE_c0000005__unknown+1728ec9f__0f0316f546341521.png,/Users/ebukaobi/Desktop/Arts Demands/fsviewer/fsviewer-crashes/fsviewer-INVALID_POINTER_WRITE_c0000005__unknown+1728ec9f__0f0316f546341521.png,WRITE
faststone,fsviewer-INVALID_POINTER_WRITE_c0000005__unknown+1728ed05__7cf17c3893743265.png,/Users/ebukaobi/Desktop/Arts Demands/fsviewer/fsviewer-crashes/fsviewer-INVALID_POINTER_WRITE_c0000005__unknown+1728ed05__7cf17c3893743265.png,DoS
faststone,fsviewer-INVALID_POINTER_WRITE_c0000005__unknown+1728ed1e__0fa3dab2bffdd18d.png,/Users/ebukaobi/Desktop/Arts Demands/fsviewer/fsviewer-crashes/fsviewer-INVALID_POINTER_WRITE_c0000005__unknown+1728ed1e__0fa3dab2bffdd18d.png,WRITE
faststone,fsviewer-INVALID_POINTER_WRITE_c0000005__unknown+1728ed4f__01b2d256a81e447b.png,/Users/ebukaobi/Desktop/Arts Demands/fsviewer/fsviewer-crashes/fsviewer-INVALID_POINTER_WRITE_c0000005__unknown+1728ed4f__01b2d256a81e447b.png,DoS
faststone,fsviewer-INVALID_POINTER_WRITE_c0000005__unknown+1728eeb2__60eb7e7b45be1db9.png,/Users/ebukaobi/Desktop/Arts Demands/fsviewer/fsviewer-crashes/fsviewer-INVALID_POINTER_WRITE_c0000005__unknown+1728eeb2__60eb7e7b45be1db9.png,WRITE
faststone,fsviewer-INVALID_POINTER_WRITE_c0000005__unknown+1728eeda__fe0a877932ee971c.png,/Users/ebukaobi/Desktop/Arts Demands/fsviewer/fsviewer-crashes/fsviewer-INVALID_POINTER_WRITE_c0000005__unknown+1728eeda__fe0a877932ee971c.png,WRITE
faststone,fsviewer-INVALID_POINTER_WRITE_c0000005__unknown+1728eef8__8606ea7614c7a5d2.png,/Users/ebukaobi/Desktop/Arts Demands/fsviewer/fsviewer-crashes/fsviewer-INVALID_POINTER_WRITE_c0000005__unknown+1728eef8__8606ea7614c7a5d2.png,WRITE
faststone,fsviewer-INVALID_POINTER_WRITE_c0000005__unknown+1728ef2d__24fdb2ae71e49ac8.png,/Users/ebukaobi/Desktop/Arts Demands/fsviewer/fsviewer-crashes/fsviewer-INVALID_POINTER_WRITE_c0000005__unknown+1728ef2d__24fdb2ae71e49ac8.png,WRITE
faststone,fsviewer-INVALID_POINTER_WRITE_c0000005__unknown+1728ef5e__7281af3921105fd7.png,/Users/ebukaobi/Desktop/Arts Demands/fsviewer/fsviewer-crashes/fsviewer-INVALID_POINTER_WRITE_c0000005__unknown+1728ef5e__7281af3921105fd7.png,WRITE
faststone,fsviewer-INVALID_POINTER_WRITE_c0000005__unknown+1728ef8e__4ca25944e230f61c.png,/Users/ebukaobi/Desktop/Arts Demands/fsviewer/fsviewer-crashes/fsviewer-INVALID_POINTER_WRITE_c0000005__unknown+1728ef8e__4ca25944e230f61c.png,WRITE
faststone,fsviewer-INVALID_POINTER_WRITE_c0000005__unknown+1728f03e__32225dc6159e57ec.png,/Users/ebukaobi/Desktop/Arts Demands/fsviewer/fsviewer-crashes/fsviewer-INVALID_POINTER_WRITE_c0000005__unknown+1728f03e__32225dc6159e57ec.png,WRITE
faststone,fsviewer-INVALID_POINTER_WRITE_c0000005__unknown+1728f1c9__fcfd6d3d0c1430a3.png,/Users/ebukaobi/Desktop/Arts Demands/fsviewer/fsviewer-crashes/fsviewer-INVALID_POINTER_WRITE_c0000005__unknown+1728f1c9__fcfd6d3d0c1430a3.png,WRITE
faststone,fsviewer-INVALID_POINTER_WRITE_c0000005__unknown+1728f2d3__e4fc4d9f1dbd6aa8.png,/Users/ebukaobi/Desktop/Arts Demands/fsviewer/fsviewer-crashes/fsviewer-INVALID_POINTER_WRITE_c0000005__unknown+1728f2d3__e4fc4d9f1dbd6aa8.png,WRITE
faststone,fsviewer-INVALID_POINTER_WRITE_c0000005__unknown+1728f408__61542b52787f662d.png,/Users/ebukaobi/Desktop/Arts Demands/fsviewer/fsviewer-crashes/fsviewer-INVALID_POINTER_WRITE_c0000005__unknown+1728f408__61542b52787f662d.png,WRITE
faststone,fsviewer-INVALID_POINTER_WRITE_c0000005__unknown+1728f420__eed6154be113141a.png,/Users/ebukaobi/Desktop/Arts Demands/fsviewer/fsviewer-crashes/fsviewer-INVALID_POINTER_WRITE_c0000005__unknown+1728f420__eed6154be113141a.png,WRITE
faststone,fsviewer-INVALID_POINTER_WRITE_c0000005__unknown+1728f4f2__a7b5612a80a1ddd1.png,/Users/ebukaobi/Desktop/Arts Demands/fsviewer/fsviewer-crashes/fsviewer-INVALID_POINTER_WRITE_c0000005__unknown+1728f4f2__a7b5612a80a1ddd1.png,WRITE
faststone,fsviewer-INVALID_POINTER_WRITE_c0000005__unknown+1728f50b__e3da2679a27884cd.png,/Users/ebukaobi/Desktop/Arts Demands/fsviewer/fsviewer-crashes/fsviewer-INVALID_POINTER_WRITE_c0000005__unknown+1728f50b__e3da2679a27884cd.png,DoS
faststone,fsviewer-INVALID_POINTER_WRITE_c0000005__unknown+1728f596__9f67ffccb6fd6f99.png,/Users/ebukaobi/Desktop/Arts Demands/fsviewer/fsviewer-crashes/fsviewer-INVALID_POINTER_WRITE_c0000005__unknown+1728f596__9f67ffccb6fd6f99.png,WRITE
faststone,fsviewer-INVALID_POINTER_WRITE_c0000005__unknown+1728f75c__8f723de1a3186974.png,/Users/ebukaobi/Desktop/Arts Demands/fsviewer/fsviewer-crashes/fsviewer-INVALID_POINTER_WRITE_c0000005__unknown+1728f75c__8f723de1a3186974.png,DoS
faststone,fsviewer-INVALID_POINTER_WRITE_c0000005__unknown+1728f766__f6afafa6e140f576.png,/Users/ebukaobi/Desktop/Arts Demands/fsviewer/fsviewer-crashes/fsviewer-INVALID_POINTER_WRITE_c0000005__unknown+1728f766__f6afafa6e140f576.png,DoS
faststone,fsviewer-INVALID_POINTER_WRITE_c0000005__unknown+1728f801__7fa21bbd4b8c6da5.png,/Users/ebukaobi/Desktop/Arts Demands/fsviewer/fsviewer-crashes/fsviewer-INVALID_POINTER_WRITE_c0000005__unknown+1728f801__7fa21bbd4b8c6da5.png,DoS
faststone,fsviewer-INVALID_POINTER_WRITE_c0000005__unknown+1728f845__f7154f25c995007b.png,/Users/ebukaobi/Desktop/Arts Demands/fsviewer/fsviewer-crashes/fsviewer-INVALID_POINTER_WRITE_c0000005__unknown+1728f845__f7154f25c995007b.png,WRITE
faststone,fsviewer-INVALID_POINTER_WRITE_c0000005__unknown+1728f8ce__45543c6ed0a3a883.png,/Users/ebukaobi/Desktop/Arts Demands/fsviewer/fsviewer-crashes/fsviewer-INVALID_POINTER_WRITE_c0000005__unknown+1728f8ce__45543c6ed0a3a883.png,WRITE
faststone,fsviewer-INVALID_POINTER_WRITE_c0000005__unknown+1728f9c7__38d5039d05841134.png,/Users/ebukaobi/Desktop/Arts Demands/fsviewer/fsviewer-crashes/fsviewer-INVALID_POINTER_WRITE_c0000005__unknown+1728f9c7__38d5039d05841134.png,WRITE
faststone,fsviewer-INVALID_POINTER_WRITE_c0000005__unknown+1728fa2a__57e66068fc560df4.png,/Users/ebukaobi/Desktop/Arts Demands/fsviewer/fsviewer-crashes/fsviewer-INVALID_POINTER_WRITE_c0000005__unknown+1728fa2a__57e66068fc560df4.png,DoS
faststone,fsviewer-INVALID_POINTER_WRITE_c0000005__unknown+1728fa99__d1fb55288cc66538.png,/Users/ebukaobi/Desktop/Arts Demands/fsviewer/fsviewer-crashes/fsviewer-INVALID_POINTER_WRITE_c0000005__unknown+1728fa99__d1fb55288cc66538.png,WRITE
faststone,fsviewer-INVALID_POINTER_WRITE_c0000005__unknown+1728fa9c__4f7d1a84b7400213.png,/Users/ebukaobi/Desktop/Arts Demands/fsviewer/fsviewer-crashes/fsviewer-INVALID_POINTER_WRITE_c0000005__unknown+1728fa9c__4f7d1a84b7400213.png,WRITE
faststone,fsviewer-INVALID_POINTER_WRITE_c0000005__unknown+1728fb0f__23f56b8458a45991.png,/Users/ebukaobi/Desktop/Arts Demands/fsviewer/fsviewer-crashes/fsviewer-INVALID_POINTER_WRITE_c0000005__unknown+1728fb0f__23f56b8458a45991.png,WRITE
faststone,fsviewer-INVALID_POINTER_WRITE_c0000005__unknown+1728fbfe__9797deb0a6ce171d.png,/Users/ebukaobi/Desktop/Arts Demands/fsviewer/fsviewer-crashes/fsviewer-INVALID_POINTER_WRITE_c0000005__unknown+1728fbfe__9797deb0a6ce171d.png,WRITE
faststone,fsviewer-INVALID_POINTER_WRITE_c0000005__unknown+1728fc05__38bdcf812964fa76.png,/Users/ebukaobi/Desktop/Arts Demands/fsviewer/fsviewer-crashes/fsviewer-INVALID_POINTER_WRITE_c0000005__unknown+1728fc05__38bdcf812964fa76.png,DoS
faststone,fsviewer-INVALID_POINTER_WRITE_c0000005__unknown+1728fd85__8a5777a9ec6ced84.png,/Users/ebukaobi/Desktop/Arts Demands/fsviewer/fsviewer-crashes/fsviewer-INVALID_POINTER_WRITE_c0000005__unknown+1728fd85__8a5777a9ec6ced84.png,WRITE
faststone,fsviewer-INVALID_POINTER_WRITE_c0000005__unknown+1728febc__90e2464a22920d21.png,/Users/ebukaobi/Desktop/Arts Demands/fsviewer/fsviewer-crashes/fsviewer-INVALID_POINTER_WRITE_c0000005__unknown+1728febc__90e2464a22920d21.png,WRITE
faststone,fsviewer-INVALID_POINTER_WRITE_c0000005__unknown+1728ff0e__a7f4887cbe08cc3e.png,/Users/ebukaobi/Desktop/Arts Demands/fsviewer/fsviewer-crashes/fsviewer-INVALID_POINTER_WRITE_c0000005__unknown+1728ff0e__a7f4887cbe08cc3e.png,WRITE
faststone,fsviewer-INVALID_POINTER_WRITE_c0000005__unknown+1728ff2a__500fe992f0f0b3e4.png,/Users/ebukaobi/Desktop/Arts Demands/fsviewer/fsviewer-crashes/fsviewer-INVALID_POINTER_WRITE_c0000005__unknown+1728ff2a__500fe992f0f0b3e4.png,WRITE
faststone,fsviewer-INVALID_POINTER_WRITE_c0000005__unknown+172901f8__b511590aa9730df3.png,/Users/ebukaobi/Desktop/Arts Demands/fsviewer/fsviewer-crashes/fsviewer-INVALID_POINTER_WRITE_c0000005__unknown+172901f8__b511590aa9730df3.png,WRITE
faststone,fsviewer-INVALID_POINTER_WRITE_c0000005__unknown+1729024f__91fb5301869e13e9.png,/Users/ebukaobi/Desktop/Arts Demands/fsviewer/fsviewer-crashes/fsviewer-INVALID_POINTER_WRITE_c0000005__unknown+1729024f__91fb5301869e13e9.png,WRITE
faststone,fsviewer-INVALID_POINTER_WRITE_c0000005__unknown+172902b3__7c6552dbb64f4d81.png,/Users/ebukaobi/Desktop/Arts Demands/fsviewer/fsviewer-crashes/fsviewer-INVALID_POINTER_WRITE_c0000005__unknown+172902b3__7c6552dbb64f4d81.png,WRITE
faststone,fsviewer-INVALID_POINTER_WRITE_c0000005__unknown+1729b66e__57ff42a5583f05a7.png,/Users/ebukaobi/Desktop/Arts Demands/fsviewer/fsviewer-crashes/fsviewer-INVALID_POINTER_WRITE_c0000005__unknown+1729b66e__57ff42a5583f05a7.png,WRITE
faststone,fsviewer-INVALID_POINTER_WRITE_c0000005__unknown+1729b94a__e7d7bb530edc644d.png,/Users/ebukaobi/Desktop/Arts Demands/fsviewer/fsviewer-crashes/fsviewer-INVALID_POINTER_WRITE_c0000005__unknown+1729b94a__e7d7bb530edc644d.png,WRITE
faststone,fsviewer-INVALID_POINTER_WRITE_c0000005__unknown+1729c156__fa5e4c7074fb0a74.png,/Users/ebukaobi/Desktop/Arts Demands/fsviewer/fsviewer-crashes/fsviewer-INVALID_POINTER_WRITE_c0000005__unknown+1729c156__fa5e4c7074fb0a74.png,WRITE
faststone,fsviewer-INVALID_POINTER_WRITE_c0000005__unknown+1729eb62__27554d0f33dd77a5.png,/Users/ebukaobi/Desktop/Arts Demands/fsviewer/fsviewer-crashes/fsviewer-INVALID_POINTER_WRITE_c0000005__unknown+1729eb62__27554d0f33dd77a5.png,WRITE
faststone,fsviewer-INVALID_POINTER_WRITE_c0000005__unknown+1729ebe9__ed428baaae4fb8f8.png,/Users/ebukaobi/Desktop/Arts Demands/fsviewer/fsviewer-crashes/fsviewer-INVALID_POINTER_WRITE_c0000005__unknown+1729ebe9__ed428baaae4fb8f8.png,DoS
faststone,fsviewer-INVALID_POINTER_WRITE_c0000005__unknown+1729ebeb__d4b5e9978994fc7b.png,/Users/ebukaobi/Desktop/Arts Demands/fsviewer/fsviewer-crashes/fsviewer-INVALID_POINTER_WRITE_c0000005__unknown+1729ebeb__d4b5e9978994fc7b.png,DoS
faststone,fsviewer-INVALID_POINTER_WRITE_c0000005__unknown+1729ebef__0628bcf1e051e5d1.png,/Users/ebukaobi/Desktop/Arts Demands/fsviewer/fsviewer-crashes/fsviewer-INVALID_POINTER_WRITE_c0000005__unknown+1729ebef__0628bcf1e051e5d1.png,WRITE
faststone,fsviewer-INVALID_POINTER_WRITE_c0000005__unknown+1729ec03__151ae1c942f2d8cf.png,/Users/ebukaobi/Desktop/Arts Demands/fsviewer/fsviewer-crashes/fsviewer-INVALID_POINTER_WRITE_c0000005__unknown+1729ec03__151ae1c942f2d8cf.png,DoS
faststone,fsviewer-INVALID_POINTER_WRITE_c0000005__unknown+1729ec2e__453cea09c31a5893.png,/Users/ebukaobi/Desktop/Arts Demands/fsviewer/fsviewer-crashes/fsviewer-INVALID_POINTER_WRITE_c0000005__unknown+1729ec2e__453cea09c31a5893.png,WRITE
faststone,fsviewer-INVALID_POINTER_WRITE_c0000005__unknown+1729ec42__98ae5deab92e844a.png,/Users/ebukaobi/Desktop/Arts Demands/fsviewer/fsviewer-crashes/fsviewer-INVALID_POINTER_WRITE_c0000005__unknown+1729ec42__98ae5deab92e844a.png,WRITE
faststone,fsviewer-INVALID_POINTER_WRITE_c0000005__unknown+1729ec49__09dea210fd5114c3.png,/Users/ebukaobi/Desktop/Arts Demands/fsviewer/fsviewer-crashes/fsviewer-INVALID_POINTER_WRITE_c0000005__unknown+1729ec49__09dea210fd5114c3.png,WRITE
faststone,fsviewer-INVALID_POINTER_WRITE_c0000005__unknown+1729ec58__1e0758da955e8ade.png,/Users/ebukaobi/Desktop/Arts Demands/fsviewer/fsviewer-crashes/fsviewer-INVALID_POINTER_WRITE_c0000005__unknown+1729ec58__1e0758da955e8ade.png,WRITE
faststone,fsviewer-INVALID_POINTER_WRITE_c0000005__unknown+1729ec5b__6a4975269f304c01.png,/Users/ebukaobi/Desktop/Arts Demands/fsviewer/fsviewer-crashes/fsviewer-INVALID_POINTER_WRITE_c0000005__unknown+1729ec5b__6a4975269f304c01.png,WRITE
faststone,fsviewer-INVALID_POINTER_WRITE_c0000005__unknown+1729ec6e__1413fb0658dfda52.png,/Users/ebukaobi/Desktop/Arts Demands/fsviewer/fsviewer-crashes/fsviewer-INVALID_POINTER_WRITE_c0000005__unknown+1729ec6e__1413fb0658dfda52.png,WRITE
faststone,fsviewer-INVALID_POINTER_WRITE_c0000005__unknown+1729eca3__a593c072a9c773c1.png,/Users/ebukaobi/Desktop/Arts Demands/fsviewer/fsviewer-crashes/fsviewer-INVALID_POINTER_WRITE_c0000005__unknown+1729eca3__a593c072a9c773c1.png,DoS
faststone,fsviewer-INVALID_POINTER_WRITE_c0000005__unknown+1729ecbc__17433937f8ed3356.png,/Users/ebukaobi/Desktop/Arts Demands/fsviewer/fsviewer-crashes/fsviewer-INVALID_POINTER_WRITE_c0000005__unknown+1729ecbc__17433937f8ed3356.png,WRITE
faststone,fsviewer-INVALID_POINTER_WRITE_c0000005__unknown+1729ecbd__2f6ca70c62cd2d8e.png,/Users/ebukaobi/Desktop/Arts Demands/fsviewer/fsviewer-crashes/fsviewer-INVALID_POINTER_WRITE_c0000005__unknown+1729ecbd__2f6ca70c62cd2d8e.png,WRITE
faststone,fsviewer-INVALID_POINTER_WRITE_c0000005__unknown+1729edab__d2d882bf99bcd401.png,/Users/ebukaobi/Desktop/Arts Demands/fsviewer/fsviewer-crashes/fsviewer-INVALID_POINTER_WRITE_c0000005__unknown+1729edab__d2d882bf99bcd401.png,DoS
faststone,fsviewer-INVALID_POINTER_WRITE_c0000005__unknown+1729ee84__8a336e9605bb62fe.png,/Users/ebukaobi/Desktop/Arts Demands/fsviewer/fsviewer-crashes/fsviewer-INVALID_POINTER_WRITE_c0000005__unknown+1729ee84__8a336e9605bb62fe.png,WRITE
faststone,fsviewer-INVALID_POINTER_WRITE_c0000005__unknown+1729eea1__118f1e340839182e.png,/Users/ebukaobi/Desktop/Arts Demands/fsviewer/fsviewer-crashes/fsviewer-INVALID_POINTER_WRITE_c0000005__unknown+1729eea1__118f1e340839182e.png,WRITE
faststone,fsviewer-INVALID_POINTER_WRITE_c0000005__unknown+1729eeb2__2a1a7ac668a7a314.png,/Users/ebukaobi/Desktop/Arts Demands/fsviewer/fsviewer-crashes/fsviewer-INVALID_POINTER_WRITE_c0000005__unknown+1729eeb2__2a1a7ac668a7a314.png,WRITE
faststone,fsviewer-INVALID_POINTER_WRITE_c0000005__unknown+1729eedb__8117f94c8cf1f9f8.png,/Users/ebukaobi/Desktop/Arts Demands/fsviewer/fsviewer-crashes/fsviewer-INVALID_POINTER_WRITE_c0000005__unknown+1729eedb__8117f94c8cf1f9f8.png,WRITE
faststone,fsviewer-INVALID_POINTER_WRITE_c0000005__unknown+1729eee6__235b76ce3a76bb96.png,/Users/ebukaobi/Desktop/Arts Demands/fsviewer/fsviewer-crashes/fsviewer-INVALID_POINTER_WRITE_c0000005__unknown+1729eee6__235b76ce3a76bb96.png,WRITE
faststone,fsviewer-INVALID_POINTER_WRITE_c0000005__unknown+1729ef70__5c7657f3b0f238b4.png,/Users/ebukaobi/Desktop/Arts Demands/fsviewer/fsviewer-crashes/fsviewer-INVALID_POINTER_WRITE_c0000005__unknown+1729ef70__5c7657f3b0f238b4.png,WRITE
faststone,fsviewer-INVALID_POINTER_WRITE_c0000005__unknown+1729efaf__f075cb1096913acf.png,/Users/ebukaobi/Desktop/Arts Demands/fsviewer/fsviewer-crashes/fsviewer-INVALID_POINTER_WRITE_c0000005__unknown+1729efaf__f075cb1096913acf.png,WRITE
faststone,fsviewer-INVALID_POINTER_WRITE_c0000005__unknown+1729efb7__8e5dc45307a1a61c.png,/Users/ebukaobi/Desktop/Arts Demands/fsviewer/fsviewer-crashes/fsviewer-INVALID_POINTER_WRITE_c0000005__unknown+1729efb7__8e5dc45307a1a61c.png,WRITE
faststone,fsviewer-INVALID_POINTER_WRITE_c0000005__unknown+1729efdd__c53a9d3ca273eeb1.png,/Users/ebukaobi/Desktop/Arts Demands/fsviewer/fsviewer-crashes/fsviewer-INVALID_POINTER_WRITE_c0000005__unknown+1729efdd__c53a9d3ca273eeb1.png,WRITE
faststone,fsviewer-INVALID_POINTER_WRITE_c0000005__unknown+1729f0ab__8947f1a799945e26.png,/Users/ebukaobi/Desktop/Arts Demands/fsviewer/fsviewer-crashes/fsviewer-INVALID_POINTER_WRITE_c0000005__unknown+1729f0ab__8947f1a799945e26.png,WRITE
faststone,fsviewer-INVALID_POINTER_WRITE_c0000005__unknown+1729f180__6605dcbb6b7c3604.png,/Users/ebukaobi/Desktop/Arts Demands/fsviewer/fsviewer-crashes/fsviewer-INVALID_POINTER_WRITE_c0000005__unknown+1729f180__6605dcbb6b7c3604.png,WRITE
faststone,fsviewer-INVALID_POINTER_WRITE_c0000005__unknown+1729f21f__6bb303bc91835c98.png,/Users/ebukaobi/Desktop/Arts Demands/fsviewer/fsviewer-crashes/fsviewer-INVALID_POINTER_WRITE_c0000005__unknown+1729f21f__6bb303bc91835c98.png,WRITE
faststone,fsviewer-INVALID_POINTER_WRITE_c0000005__unknown+1729f282__9c42c54fe617a206.png,/Users/ebukaobi/Desktop/Arts Demands/fsviewer/fsviewer-crashes/fsviewer-INVALID_POINTER_WRITE_c0000005__unknown+1729f282__9c42c54fe617a206.png,WRITE
faststone,fsviewer-INVALID_POINTER_WRITE_c0000005__unknown+1729f51f__79ee30447ddef54a.png,/Users/ebukaobi/Desktop/Arts Demands/fsviewer/fsviewer-crashes/fsviewer-INVALID_POINTER_WRITE_c0000005__unknown+1729f51f__79ee30447ddef54a.png,WRITE
faststone,fsviewer-INVALID_POINTER_WRITE_c0000005__unknown+1729f6d8__70774687ffcb217f.png,/Users/ebukaobi/Desktop/Arts Demands/fsviewer/fsviewer-crashes/fsviewer-INVALID_POINTER_WRITE_c0000005__unknown+1729f6d8__70774687ffcb217f.png,DoS
faststone,fsviewer-INVALID_POINTER_WRITE_c0000005__unknown+1729f6ef__6f27cc441cee2715.png,/Users/ebukaobi/Desktop/Arts Demands/fsviewer/fsviewer-crashes/fsviewer-INVALID_POINTER_WRITE_c0000005__unknown+1729f6ef__6f27cc441cee2715.png,WRITE
faststone,fsviewer-INVALID_POINTER_WRITE_c0000005__unknown+1729f801__880b0eaed1a87ba8.png,/Users/ebukaobi/Desktop/Arts Demands/fsviewer/fsviewer-crashes/fsviewer-INVALID_POINTER_WRITE_c0000005__unknown+1729f801__880b0eaed1a87ba8.png,WRITE
faststone,fsviewer-INVALID_POINTER_WRITE_c0000005__unknown+1729f827__71e054ce31a5b448.png,/Users/ebukaobi/Desktop/Arts Demands/fsviewer/fsviewer-crashes/fsviewer-INVALID_POINTER_WRITE_c0000005__unknown+1729f827__71e054ce31a5b448.png,WRITE
faststone,fsviewer-INVALID_POINTER_WRITE_c0000005__unknown+1729f831__2aa489f8717f655d.png,/Users/ebukaobi/Desktop/Arts Demands/fsviewer/fsviewer-crashes/fsviewer-INVALID_POINTER_WRITE_c0000005__unknown+1729f831__2aa489f8717f655d.png,DoS
faststone,fsviewer-INVALID_POINTER_WRITE_c0000005__unknown+1729f859__43cd82a7cb62906e.png,/Users/ebukaobi/Desktop/Arts Demands/fsviewer/fsviewer-crashes/fsviewer-INVALID_POINTER_WRITE_c0000005__unknown+1729f859__43cd82a7cb62906e.png,DoS
faststone,fsviewer-INVALID_POINTER_WRITE_c0000005__unknown+1729f87c__b2531ec84cf4dfa0.png,/Users/ebukaobi/Desktop/Arts Demands/fsviewer/fsviewer-crashes/fsviewer-INVALID_POINTER_WRITE_c0000005__unknown+1729f87c__b2531ec84cf4dfa0.png,WRITE
faststone,fsviewer-INVALID_POINTER_WRITE_c0000005__unknown+1729f88b__2e431036c49fb50d.png,/Users/ebukaobi/Desktop/Arts Demands/fsviewer/fsviewer-crashes/fsviewer-INVALID_POINTER_WRITE_c0000005__unknown+1729f88b__2e431036c49fb50d.png,WRITE
faststone,fsviewer-INVALID_POINTER_WRITE_c0000005__unknown+1729f8b5__1fcc5e44c98f045c.png,/Users/ebukaobi/Desktop/Arts Demands/fsviewer/fsviewer-crashes/fsviewer-INVALID_POINTER_WRITE_c0000005__unknown+1729f8b5__1fcc5e44c98f045c.png,WRITE
faststone,fsviewer-INVALID_POINTER_WRITE_c0000005__unknown+1729f922__218198767f0c2d59.png,/Users/ebukaobi/Desktop/Arts Demands/fsviewer/fsviewer-crashes/fsviewer-INVALID_POINTER_WRITE_c0000005__unknown+1729f922__218198767f0c2d59.png,WRITE
faststone,fsviewer-INVALID_POINTER_WRITE_c0000005__unknown+1729f930__0fd89e7398b4da3f.png,/Users/ebukaobi/Desktop/Arts Demands/fsviewer/fsviewer-crashes/fsviewer-INVALID_POINTER_WRITE_c0000005__unknown+1729f930__0fd89e7398b4da3f.png,WRITE
faststone,fsviewer-INVALID_POINTER_WRITE_c0000005__unknown+1729f93a__56afa14b79e59e5d.png,/Users/ebukaobi/Desktop/Arts Demands/fsviewer/fsviewer-crashes/fsviewer-INVALID_POINTER_WRITE_c0000005__unknown+1729f93a__56afa14b79e59e5d.png,WRITE
faststone,fsviewer-INVALID_POINTER_WRITE_c0000005__unknown+1729f93d__33cca64c3c158489.png,/Users/ebukaobi/Desktop/Arts Demands/fsviewer/fsviewer-crashes/fsviewer-INVALID_POINTER_WRITE_c0000005__unknown+1729f93d__33cca64c3c158489.png,WRITE
faststone,fsviewer-INVALID_POINTER_WRITE_c0000005__unknown+1729fb1d__9bde33c81fd3426e.png,/Users/ebukaobi/Desktop/Arts Demands/fsviewer/fsviewer-crashes/fsviewer-INVALID_POINTER_WRITE_c0000005__unknown+1729fb1d__9bde33c81fd3426e.png,WRITE
faststone,fsviewer-INVALID_POINTER_WRITE_c0000005__unknown+1729fc2c__47b43791b9cae7e8.png,/Users/ebukaobi/Desktop/Arts Demands/fsviewer/fsviewer-crashes/fsviewer-INVALID_POINTER_WRITE_c0000005__unknown+1729fc2c__47b43791b9cae7e8.png,WRITE
faststone,fsviewer-INVALID_POINTER_WRITE_c0000005__unknown+1729fe97__1f0931c668a1a85d.png,/Users/ebukaobi/Desktop/Arts Demands/fsviewer/fsviewer-crashes/fsviewer-INVALID_POINTER_WRITE_c0000005__unknown+1729fe97__1f0931c668a1a85d.png,DoS
faststone,fsviewer-INVALID_POINTER_WRITE_c0000005__unknown+1729ff97__9e1c46fac9fe893e.png,/Users/ebukaobi/Desktop/Arts Demands/fsviewer/fsviewer-crashes/fsviewer-INVALID_POINTER_WRITE_c0000005__unknown+1729ff97__9e1c46fac9fe893e.png,WRITE
faststone,fsviewer-INVALID_POINTER_WRITE_c0000005__unknown+172a0713__199ef3f593663a0c.png,/Users/ebukaobi/Desktop/Arts Demands/fsviewer/fsviewer-crashes/fsviewer-INVALID_POINTER_WRITE_c0000005__unknown+172a0713__199ef3f593663a0c.png,DoS
faststone,fsviewer-INVALID_POINTER_WRITE_c0000005__unknown+172aadc4__8520d7c624d89964.png,/Users/ebukaobi/Desktop/Arts Demands/fsviewer/fsviewer-crashes/fsviewer-INVALID_POINTER_WRITE_c0000005__unknown+172aadc4__8520d7c624d89964.png,WRITE
faststone,fsviewer-INVALID_POINTER_WRITE_c0000005__unknown+172aeab7__4d274bd166d3fe57.png,/Users/ebukaobi/Desktop/Arts Demands/fsviewer/fsviewer-crashes/fsviewer-INVALID_POINTER_WRITE_c0000005__unknown+172aeab7__4d274bd166d3fe57.png,WRITE
faststone,fsviewer-INVALID_POINTER_WRITE_c0000005__unknown+172aebec__e6df820cbc8de540.png,/Users/ebukaobi/Desktop/Arts Demands/fsviewer/fsviewer-crashes/fsviewer-INVALID_POINTER_WRITE_c0000005__unknown+172aebec__e6df820cbc8de540.png,WRITE
faststone,fsviewer-INVALID_POINTER_WRITE_c0000005__unknown+172aec16__4fc20df218f578ca.png,/Users/ebukaobi/Desktop/Arts Demands/fsviewer/fsviewer-crashes/fsviewer-INVALID_POINTER_WRITE_c0000005__unknown+172aec16__4fc20df218f578ca.png,WRITE
faststone,fsviewer-INVALID_POINTER_WRITE_c0000005__unknown+172aec19__8ddd6692fa107e75.png,/Users/ebukaobi/Desktop/Arts Demands/fsviewer/fsviewer-crashes/fsviewer-INVALID_POINTER_WRITE_c0000005__unknown+172aec19__8ddd6692fa107e75.png,WRITE
faststone,fsviewer-INVALID_POINTER_WRITE_c0000005__unknown+172aec42__e61a02a4b4cc8b64.png,/Users/ebukaobi/Desktop/Arts Demands/fsviewer/fsviewer-crashes/fsviewer-INVALID_POINTER_WRITE_c0000005__unknown+172aec42__e61a02a4b4cc8b64.png,DoS
faststone,fsviewer-INVALID_POINTER_WRITE_c0000005__unknown+172aec46__0339e50004f2a655.png,/Users/ebukaobi/Desktop/Arts Demands/fsviewer/fsviewer-crashes/fsviewer-INVALID_POINTER_WRITE_c0000005__unknown+172aec46__0339e50004f2a655.png,WRITE
faststone,fsviewer-INVALID_POINTER_WRITE_c0000005__unknown+172aec82__c9e82026b0c86d6f.png,/Users/ebukaobi/Desktop/Arts Demands/fsviewer/fsviewer-crashes/fsviewer-INVALID_POINTER_WRITE_c0000005__unknown+172aec82__c9e82026b0c86d6f.png,WRITE
faststone,fsviewer-INVALID_POINTER_WRITE_c0000005__unknown+172aec9f__ea5e83eafea13f2c.png,/Users/ebukaobi/Desktop/Arts Demands/fsviewer/fsviewer-crashes/fsviewer-INVALID_POINTER_WRITE_c0000005__unknown+172aec9f__ea5e83eafea13f2c.png,WRITE
faststone,fsviewer-INVALID_POINTER_WRITE_c0000005__unknown+172aecba__e7ed63c8952e3566.png,/Users/ebukaobi/Desktop/Arts Demands/fsviewer/fsviewer-crashes/fsviewer-INVALID_POINTER_WRITE_c0000005__unknown+172aecba__e7ed63c8952e3566.png,DoS
faststone,fsviewer-INVALID_POINTER_WRITE_c0000005__unknown+172aecbd__36e83c765f8b9947.png,/Users/ebukaobi/Desktop/Arts Demands/fsviewer/fsviewer-crashes/fsviewer-INVALID_POINTER_WRITE_c0000005__unknown+172aecbd__36e83c765f8b9947.png,DoS
faststone,fsviewer-INVALID_POINTER_WRITE_c0000005__unknown+172aecce__83cf514e7460ef61.png,/Users/ebukaobi/Desktop/Arts Demands/fsviewer/fsviewer-crashes/fsviewer-INVALID_POINTER_WRITE_c0000005__unknown+172aecce__83cf514e7460ef61.png,WRITE
faststone,fsviewer-INVALID_POINTER_WRITE_c0000005__unknown+172aed5f__16c9594afd8e2508.png,/Users/ebukaobi/Desktop/Arts Demands/fsviewer/fsviewer-crashes/fsviewer-INVALID_POINTER_WRITE_c0000005__unknown+172aed5f__16c9594afd8e2508.png,WRITE
faststone,fsviewer-INVALID_POINTER_WRITE_c0000005__unknown+172aeee7__4b96c0c8d70922b4.png,/Users/ebukaobi/Desktop/Arts Demands/fsviewer/fsviewer-crashes/fsviewer-INVALID_POINTER_WRITE_c0000005__unknown+172aeee7__4b96c0c8d70922b4.png,WRITE
faststone,fsviewer-INVALID_POINTER_WRITE_c0000005__unknown+172aeef8__8f029211e07d9da2.png,/Users/ebukaobi/Desktop/Arts Demands/fsviewer/fsviewer-crashes/fsviewer-INVALID_POINTER_WRITE_c0000005__unknown+172aeef8__8f029211e07d9da2.png,WRITE
faststone,fsviewer-INVALID_POINTER_WRITE_c0000005__unknown+172aeefa__086899d1e935ce48.png,/Users/ebukaobi/Desktop/Arts Demands/fsviewer/fsviewer-crashes/fsviewer-INVALID_POINTER_WRITE_c0000005__unknown+172aeefa__086899d1e935ce48.png,WRITE
faststone,fsviewer-INVALID_POINTER_WRITE_c0000005__unknown+172aef8b__7ede95e2e9248f58.png,/Users/ebukaobi/Desktop/Arts Demands/fsviewer/fsviewer-crashes/fsviewer-INVALID_POINTER_WRITE_c0000005__unknown+172aef8b__7ede95e2e9248f58.png,WRITE
faststone,fsviewer-INVALID_POINTER_WRITE_c0000005__unknown+172af1d1__afa28cbe183cbcba.png,/Users/ebukaobi/Desktop/Arts Demands/fsviewer/fsviewer-crashes/fsviewer-INVALID_POINTER_WRITE_c0000005__unknown+172af1d1__afa28cbe183cbcba.png,WRITE
faststone,fsviewer-INVALID_POINTER_WRITE_c0000005__unknown+172af2c4__dc546d239ba4788b.png,/Users/ebukaobi/Desktop/Arts Demands/fsviewer/fsviewer-crashes/fsviewer-INVALID_POINTER_WRITE_c0000005__unknown+172af2c4__dc546d239ba4788b.png,WRITE
faststone,fsviewer-INVALID_POINTER_WRITE_c0000005__unknown+172af449__8e51c88997417e5f.png,/Users/ebukaobi/Desktop/Arts Demands/fsviewer/fsviewer-crashes/fsviewer-INVALID_POINTER_WRITE_c0000005__unknown+172af449__8e51c88997417e5f.png,WRITE
faststone,fsviewer-INVALID_POINTER_WRITE_c0000005__unknown+172af462__80d06d53d1826ed8.png,/Users/ebukaobi/Desktop/Arts Demands/fsviewer/fsviewer-crashes/fsviewer-INVALID_POINTER_WRITE_c0000005__unknown+172af462__80d06d53d1826ed8.png,WRITE
faststone,fsviewer-INVALID_POINTER_WRITE_c0000005__unknown+172af4b2__90cd8cd154952a81.png,/Users/ebukaobi/Desktop/Arts Demands/fsviewer/fsviewer-crashes/fsviewer-INVALID_POINTER_WRITE_c0000005__unknown+172af4b2__90cd8cd154952a81.png,WRITE
faststone,fsviewer-INVALID_POINTER_WRITE_c0000005__unknown+172af661__b702574ed4941541.png,/Users/ebukaobi/Desktop/Arts Demands/fsviewer/fsviewer-crashes/fsviewer-INVALID_POINTER_WRITE_c0000005__unknown+172af661__b702574ed4941541.png,WRITE
faststone,fsviewer-INVALID_POINTER_WRITE_c0000005__unknown+172af797__36743b64c80ae615.png,/Users/ebukaobi/Desktop/Arts Demands/fsviewer/fsviewer-crashes/fsviewer-INVALID_POINTER_WRITE_c0000005__unknown+172af797__36743b64c80ae615.png,WRITE
faststone,fsviewer-INVALID_POINTER_WRITE_c0000005__unknown+172af7b0__a5882a1bc2d7d3ab.png,/Users/ebukaobi/Desktop/Arts Demands/fsviewer/fsviewer-crashes/fsviewer-INVALID_POINTER_WRITE_c0000005__unknown+172af7b0__a5882a1bc2d7d3ab.png,WRITE
faststone,fsviewer-INVALID_POINTER_WRITE_c0000005__unknown+172af831__eb1f7059d82afc90.png,/Users/ebukaobi/Desktop/Arts Demands/fsviewer/fsviewer-crashes/fsviewer-INVALID_POINTER_WRITE_c0000005__unknown+172af831__eb1f7059d82afc90.png,WRITE
faststone,fsviewer-INVALID_POINTER_WRITE_c0000005__unknown+172af898__7a89a263ae54aa29.png,/Users/ebukaobi/Desktop/Arts Demands/fsviewer/fsviewer-crashes/fsviewer-INVALID_POINTER_WRITE_c0000005__unknown+172af898__7a89a263ae54aa29.png,DoS
faststone,fsviewer-INVALID_POINTER_WRITE_c0000005__unknown+172af8b5__2dbe43a37de16665.png,/Users/ebukaobi/Desktop/Arts Demands/fsviewer/fsviewer-crashes/fsviewer-INVALID_POINTER_WRITE_c0000005__unknown+172af8b5__2dbe43a37de16665.png,WRITE
faststone,fsviewer-INVALID_POINTER_WRITE_c0000005__unknown+172af922__23552d6efa4f4147.png,/Users/ebukaobi/Desktop/Arts Demands/fsviewer/fsviewer-crashes/fsviewer-INVALID_POINTER_WRITE_c0000005__unknown+172af922__23552d6efa4f4147.png,WRITE
faststone,fsviewer-INVALID_POINTER_WRITE_c0000005__unknown+172af926__037ea4e30878aa60.png,/Users/ebukaobi/Desktop/Arts Demands/fsviewer/fsviewer-crashes/fsviewer-INVALID_POINTER_WRITE_c0000005__unknown+172af926__037ea4e30878aa60.png,WRITE
faststone,fsviewer-INVALID_POINTER_WRITE_c0000005__unknown+172af930__cbcff45225e355c8.png,/Users/ebukaobi/Desktop/Arts Demands/fsviewer/fsviewer-crashes/fsviewer-INVALID_POINTER_WRITE_c0000005__unknown+172af930__cbcff45225e355c8.png,DoS
faststone,fsviewer-INVALID_POINTER_WRITE_c0000005__unknown+172af94a__446dd5a78286757d.png,/Users/ebukaobi/Desktop/Arts Demands/fsviewer/fsviewer-crashes/fsviewer-INVALID_POINTER_WRITE_c0000005__unknown+172af94a__446dd5a78286757d.png,WRITE
faststone,fsviewer-INVALID_POINTER_WRITE_c0000005__unknown+172af97d__b3d59cc55906ba60.png,/Users/ebukaobi/Desktop/Arts Demands/fsviewer/fsviewer-crashes/fsviewer-INVALID_POINTER_WRITE_c0000005__unknown+172af97d__b3d59cc55906ba60.png,DoS
faststone,fsviewer-INVALID_POINTER_WRITE_c0000005__unknown+172afa35__afcb172e0ea6310f.png,/Users/ebukaobi/Desktop/Arts Demands/fsviewer/fsviewer-crashes/fsviewer-INVALID_POINTER_WRITE_c0000005__unknown+172afa35__afcb172e0ea6310f.png,WRITE
faststone,fsviewer-INVALID_POINTER_WRITE_c0000005__unknown+172afbd1__529ce71bb747b662.png,/Users/ebukaobi/Desktop/Arts Demands/fsviewer/fsviewer-crashes/fsviewer-INVALID_POINTER_WRITE_c0000005__unknown+172afbd1__529ce71bb747b662.png,DoS
faststone,fsviewer-INVALID_POINTER_WRITE_c0000005__unknown+172afbd2__3238d7774fa66711.png,/Users/ebukaobi/Desktop/Arts Demands/fsviewer/fsviewer-crashes/fsviewer-INVALID_POINTER_WRITE_c0000005__unknown+172afbd2__3238d7774fa66711.png,WRITE
faststone,fsviewer-INVALID_POINTER_WRITE_c0000005__unknown+172afc22__14e2f8108e9b9c31.png,/Users/ebukaobi/Desktop/Arts Demands/fsviewer/fsviewer-crashes/fsviewer-INVALID_POINTER_WRITE_c0000005__unknown+172afc22__14e2f8108e9b9c31.png,WRITE
faststone,fsviewer-INVALID_POINTER_WRITE_c0000005__unknown+172afc5d__597192c551104a7e.png,/Users/ebukaobi/Desktop/Arts Demands/fsviewer/fsviewer-crashes/fsviewer-INVALID_POINTER_WRITE_c0000005__unknown+172afc5d__597192c551104a7e.png,WRITE
faststone,fsviewer-INVALID_POINTER_WRITE_c0000005__unknown+172afc90__5fa32e267c5c3324.png,/Users/ebukaobi/Desktop/Arts Demands/fsviewer/fsviewer-crashes/fsviewer-INVALID_POINTER_WRITE_c0000005__unknown+172afc90__5fa32e267c5c3324.png,WRITE
faststone,fsviewer-INVALID_POINTER_WRITE_c0000005__unknown+172b01c5__85071fb87504a84a.png,/Users/ebukaobi/Desktop/Arts Demands/fsviewer/fsviewer-crashes/fsviewer-INVALID_POINTER_WRITE_c0000005__unknown+172b01c5__85071fb87504a84a.png,WRITE
faststone,fsviewer-INVALID_POINTER_WRITE_c0000005__unknown+172b0285__9fcf61eff442854b.png,/Users/ebukaobi/Desktop/Arts Demands/fsviewer/fsviewer-crashes/fsviewer-INVALID_POINTER_WRITE_c0000005__unknown+172b0285__9fcf61eff442854b.png,DoS
faststone,fsviewer-INVALID_POINTER_WRITE_c0000005__unknown+172b02b2__078f1fa906b4628d.png,/Users/ebukaobi/Desktop/Arts Demands/fsviewer/fsviewer-crashes/fsviewer-INVALID_POINTER_WRITE_c0000005__unknown+172b02b2__078f1fa906b4628d.png,WRITE
faststone,fsviewer-INVALID_POINTER_WRITE_c0000005__unknown+172bd854__5cfc0d035f11a3bb.png,/Users/ebukaobi/Desktop/Arts Demands/fsviewer/fsviewer-crashes/fsviewer-INVALID_POINTER_WRITE_c0000005__unknown+172bd854__5cfc0d035f11a3bb.png,DoS
faststone,fsviewer-INVALID_POINTER_WRITE_c0000005__unknown+172bea38__f61779407653b96d.png,/Users/ebukaobi/Desktop/Arts Demands/fsviewer/fsviewer-crashes/fsviewer-INVALID_POINTER_WRITE_c0000005__unknown+172bea38__f61779407653b96d.png,DoS
faststone,fsviewer-INVALID_POINTER_WRITE_c0000005__unknown+172beaec__2c8f556d1a87fd64.png,/Users/ebukaobi/Desktop/Arts Demands/fsviewer/fsviewer-crashes/fsviewer-INVALID_POINTER_WRITE_c0000005__unknown+172beaec__2c8f556d1a87fd64.png,WRITE
faststone,fsviewer-INVALID_POINTER_WRITE_c0000005__unknown+172bebbf__d81a3e83769aa7f3.png,/Users/ebukaobi/Desktop/Arts Demands/fsviewer/fsviewer-crashes/fsviewer-INVALID_POINTER_WRITE_c0000005__unknown+172bebbf__d81a3e83769aa7f3.png,WRITE
faststone,fsviewer-INVALID_POINTER_WRITE_c0000005__unknown+172bec42__5170fbf06a5e673a.png,/Users/ebukaobi/Desktop/Arts Demands/fsviewer/fsviewer-crashes/fsviewer-INVALID_POINTER_WRITE_c0000005__unknown+172bec42__5170fbf06a5e673a.png,WRITE
faststone,fsviewer-INVALID_POINTER_WRITE_c0000005__unknown+172bec73__1e8a7b1d95e015a7.png,/Users/ebukaobi/Desktop/Arts Demands/fsviewer/fsviewer-crashes/fsviewer-INVALID_POINTER_WRITE_c0000005__unknown+172bec73__1e8a7b1d95e015a7.png,WRITE
faststone,fsviewer-INVALID_POINTER_WRITE_c0000005__unknown+172becc1__b04b6d73b67f9853.png,/Users/ebukaobi/Desktop/Arts Demands/fsviewer/fsviewer-crashes/fsviewer-INVALID_POINTER_WRITE_c0000005__unknown+172becc1__b04b6d73b67f9853.png,WRITE
faststone,fsviewer-INVALID_POINTER_WRITE_c0000005__unknown+172becc8__8f3c2ddac29daaaf.png,/Users/ebukaobi/Desktop/Arts Demands/fsviewer/fsviewer-crashes/fsviewer-INVALID_POINTER_WRITE_c0000005__unknown+172becc8__8f3c2ddac29daaaf.png,WRITE
faststone,fsviewer-INVALID_POINTER_WRITE_c0000005__unknown+172bed24__8d9aca6e36e0f5d8.png,/Users/ebukaobi/Desktop/Arts Demands/fsviewer/fsviewer-crashes/fsviewer-INVALID_POINTER_WRITE_c0000005__unknown+172bed24__8d9aca6e36e0f5d8.png,WRITE
faststone,fsviewer-INVALID_POINTER_WRITE_c0000005__unknown+172bed98__ff58c057d1a6b982.png,/Users/ebukaobi/Desktop/Arts Demands/fsviewer/fsviewer-crashes/fsviewer-INVALID_POINTER_WRITE_c0000005__unknown+172bed98__ff58c057d1a6b982.png,WRITE
faststone,fsviewer-INVALID_POINTER_WRITE_c0000005__unknown+172bee9b__30e1f088420a7c4f.png,/Users/ebukaobi/Desktop/Arts Demands/fsviewer/fsviewer-crashes/fsviewer-INVALID_POINTER_WRITE_c0000005__unknown+172bee9b__30e1f088420a7c4f.png,WRITE
faststone,fsviewer-INVALID_POINTER_WRITE_c0000005__unknown+172bef5e__e5f11a7f98b89e2b.png,/Users/ebukaobi/Desktop/Arts Demands/fsviewer/fsviewer-crashes/fsviewer-INVALID_POINTER_WRITE_c0000005__unknown+172bef5e__e5f11a7f98b89e2b.png,WRITE
faststone,fsviewer-INVALID_POINTER_WRITE_c0000005__unknown+172befe2__9f24a14d670f6358.png,/Users/ebukaobi/Desktop/Arts Demands/fsviewer/fsviewer-crashes/fsviewer-INVALID_POINTER_WRITE_c0000005__unknown+172befe2__9f24a14d670f6358.png,WRITE
faststone,fsviewer-INVALID_POINTER_WRITE_c0000005__unknown+172befe5__955bd5ca083b01fa.png,/Users/ebukaobi/Desktop/Arts Demands/fsviewer/fsviewer-crashes/fsviewer-INVALID_POINTER_WRITE_c0000005__unknown+172befe5__955bd5ca083b01fa.png,DoS
faststone,fsviewer-INVALID_POINTER_WRITE_c0000005__unknown+172bf12d__481f70ba13d4b8c3.png,/Users/ebukaobi/Desktop/Arts Demands/fsviewer/fsviewer-crashes/fsviewer-INVALID_POINTER_WRITE_c0000005__unknown+172bf12d__481f70ba13d4b8c3.png,WRITE
faststone,fsviewer-INVALID_POINTER_WRITE_c0000005__unknown+172bf17b__6af27cfffe0ae0b0.png,/Users/ebukaobi/Desktop/Arts Demands/fsviewer/fsviewer-crashes/fsviewer-INVALID_POINTER_WRITE_c0000005__unknown+172bf17b__6af27cfffe0ae0b0.png,DoS
faststone,fsviewer-INVALID_POINTER_WRITE_c0000005__unknown+172bf203__ce911ae150e50c23.png,/Users/ebukaobi/Desktop/Arts Demands/fsviewer/fsviewer-crashes/fsviewer-INVALID_POINTER_WRITE_c0000005__unknown+172bf203__ce911ae150e50c23.png,WRITE
faststone,fsviewer-INVALID_POINTER_WRITE_c0000005__unknown+172bf224__b2c82edadc68ab1a.png,/Users/ebukaobi/Desktop/Arts Demands/fsviewer/fsviewer-crashes/fsviewer-INVALID_POINTER_WRITE_c0000005__unknown+172bf224__b2c82edadc68ab1a.png,WRITE
faststone,fsviewer-INVALID_POINTER_WRITE_c0000005__unknown+172bf3b0__3ce15d697c7b8ab1.png,/Users/ebukaobi/Desktop/Arts Demands/fsviewer/fsviewer-crashes/fsviewer-INVALID_POINTER_WRITE_c0000005__unknown+172bf3b0__3ce15d697c7b8ab1.png,WRITE
faststone,fsviewer-INVALID_POINTER_WRITE_c0000005__unknown+172bf3c9__08451f1ec6c8b705.png,/Users/ebukaobi/Desktop/Arts Demands/fsviewer/fsviewer-crashes/fsviewer-INVALID_POINTER_WRITE_c0000005__unknown+172bf3c9__08451f1ec6c8b705.png,WRITE
faststone,fsviewer-INVALID_POINTER_WRITE_c0000005__unknown+172bf450__3fa1063ab540e4a8.png,/Users/ebukaobi/Desktop/Arts Demands/fsviewer/fsviewer-crashes/fsviewer-INVALID_POINTER_WRITE_c0000005__unknown+172bf450__3fa1063ab540e4a8.png,DoS
faststone,fsviewer-INVALID_POINTER_WRITE_c0000005__unknown+172bf488__c6ef570eb2b1ec57.png,/Users/ebukaobi/Desktop/Arts Demands/fsviewer/fsviewer-crashes/fsviewer-INVALID_POINTER_WRITE_c0000005__unknown+172bf488__c6ef570eb2b1ec57.png,WRITE
faststone,fsviewer-INVALID_POINTER_WRITE_c0000005__unknown+172bf566__7a68d8efa7b017d5.png,/Users/ebukaobi/Desktop/Arts Demands/fsviewer/fsviewer-crashes/fsviewer-INVALID_POINTER_WRITE_c0000005__unknown+172bf566__7a68d8efa7b017d5.png,DoS
faststone,fsviewer-INVALID_POINTER_WRITE_c0000005__unknown+172bf5a8__729c0d44dbf49ecf.png,/Users/ebukaobi/Desktop/Arts Demands/fsviewer/fsviewer-crashes/fsviewer-INVALID_POINTER_WRITE_c0000005__unknown+172bf5a8__729c0d44dbf49ecf.png,WRITE
faststone,fsviewer-INVALID_POINTER_WRITE_c0000005__unknown+172bf604__ddfbc535cebffad4.png,/Users/ebukaobi/Desktop/Arts Demands/fsviewer/fsviewer-crashes/fsviewer-INVALID_POINTER_WRITE_c0000005__unknown+172bf604__ddfbc535cebffad4.png,WRITE
faststone,fsviewer-INVALID_POINTER_WRITE_c0000005__unknown+172bf695__9713bade14a0fef7.png,/Users/ebukaobi/Desktop/Arts Demands/fsviewer/fsviewer-crashes/fsviewer-INVALID_POINTER_WRITE_c0000005__unknown+172bf695__9713bade14a0fef7.png,DoS
faststone,fsviewer-INVALID_POINTER_WRITE_c0000005__unknown+172bf723__59653137e5d651cb.png,/Users/ebukaobi/Desktop/Arts Demands/fsviewer/fsviewer-crashes/fsviewer-INVALID_POINTER_WRITE_c0000005__unknown+172bf723__59653137e5d651cb.png,WRITE
faststone,fsviewer-INVALID_POINTER_WRITE_c0000005__unknown+172bf7e1__c1e73b564ca5ed68.png,/Users/ebukaobi/Desktop/Arts Demands/fsviewer/fsviewer-crashes/fsviewer-INVALID_POINTER_WRITE_c0000005__unknown+172bf7e1__c1e73b564ca5ed68.png,WRITE
faststone,fsviewer-INVALID_POINTER_WRITE_c0000005__unknown+172bf85f__23bec48086d8f031.png,/Users/ebukaobi/Desktop/Arts Demands/fsviewer/fsviewer-crashes/fsviewer-INVALID_POINTER_WRITE_c0000005__unknown+172bf85f__23bec48086d8f031.png,WRITE
faststone,fsviewer-INVALID_POINTER_WRITE_c0000005__unknown+172bf88b__38963d4eeb8567cc.png,/Users/ebukaobi/Desktop/Arts Demands/fsviewer/fsviewer-crashes/fsviewer-INVALID_POINTER_WRITE_c0000005__unknown+172bf88b__38963d4eeb8567cc.png,WRITE
faststone,fsviewer-INVALID_POINTER_WRITE_c0000005__unknown+172bf8a6__af9345e4edd6d21b.png,/Users/ebukaobi/Desktop/Arts Demands/fsviewer/fsviewer-crashes/fsviewer-INVALID_POINTER_WRITE_c0000005__unknown+172bf8a6__af9345e4edd6d21b.png,DoS
faststone,fsviewer-INVALID_POINTER_WRITE_c0000005__unknown+172bf8b5__9bd588748c9c4c34.png,/Users/ebukaobi/Desktop/Arts Demands/fsviewer/fsviewer-crashes/fsviewer-INVALID_POINTER_WRITE_c0000005__unknown+172bf8b5__9bd588748c9c4c34.png,DoS
faststone,fsviewer-INVALID_POINTER_WRITE_c0000005__unknown+172bf8e5__62527ce24ecb1786.png,/Users/ebukaobi/Desktop/Arts Demands/fsviewer/fsviewer-crashes/fsviewer-INVALID_POINTER_WRITE_c0000005__unknown+172bf8e5__62527ce24ecb1786.png,WRITE
faststone,fsviewer-INVALID_POINTER_WRITE_c0000005__unknown+172bf930__0139fe4ed92b133a.png,/Users/ebukaobi/Desktop/Arts Demands/fsviewer/fsviewer-crashes/fsviewer-INVALID_POINTER_WRITE_c0000005__unknown+172bf930__0139fe4ed92b133a.png,WRITE
faststone,fsviewer-INVALID_POINTER_WRITE_c0000005__unknown+172bf96d__05d605c1eff0a057.png,/Users/ebukaobi/Desktop/Arts Demands/fsviewer/fsviewer-crashes/fsviewer-INVALID_POINTER_WRITE_c0000005__unknown+172bf96d__05d605c1eff0a057.png,DoS
faststone,fsviewer-INVALID_POINTER_WRITE_c0000005__unknown+172bf986__bac8b17b08bc7e27.png,/Users/ebukaobi/Desktop/Arts Demands/fsviewer/fsviewer-crashes/fsviewer-INVALID_POINTER_WRITE_c0000005__unknown+172bf986__bac8b17b08bc7e27.png,WRITE
faststone,fsviewer-INVALID_POINTER_WRITE_c0000005__unknown+172bf9ac__3b826bc36570678c.png,/Users/ebukaobi/Desktop/Arts Demands/fsviewer/fsviewer-crashes/fsviewer-INVALID_POINTER_WRITE_c0000005__unknown+172bf9ac__3b826bc36570678c.png,WRITE
faststone,fsviewer-INVALID_POINTER_WRITE_c0000005__unknown+172bfbd5__b883fba6f7c8f669.png,/Users/ebukaobi/Desktop/Arts Demands/fsviewer/fsviewer-crashes/fsviewer-INVALID_POINTER_WRITE_c0000005__unknown+172bfbd5__b883fba6f7c8f669.png,WRITE
faststone,fsviewer-INVALID_POINTER_WRITE_c0000005__unknown+172bfbe8__860e34e7f6337141.png,/Users/ebukaobi/Desktop/Arts Demands/fsviewer/fsviewer-crashes/fsviewer-INVALID_POINTER_WRITE_c0000005__unknown+172bfbe8__860e34e7f6337141.png,WRITE
faststone,fsviewer-INVALID_POINTER_WRITE_c0000005__unknown+172bfd6d__ea12a224f183a4b7.png,/Users/ebukaobi/Desktop/Arts Demands/fsviewer/fsviewer-crashes/fsviewer-INVALID_POINTER_WRITE_c0000005__unknown+172bfd6d__ea12a224f183a4b7.png,WRITE
faststone,fsviewer-INVALID_POINTER_WRITE_c0000005__unknown+172bfdb8__dee68d050ddac9d5.png,/Users/ebukaobi/Desktop/Arts Demands/fsviewer/fsviewer-crashes/fsviewer-INVALID_POINTER_WRITE_c0000005__unknown+172bfdb8__dee68d050ddac9d5.png,WRITE
faststone,fsviewer-INVALID_POINTER_WRITE_c0000005__unknown+172bff54__8a79a5d97c8091a8.png,/Users/ebukaobi/Desktop/Arts Demands/fsviewer/fsviewer-crashes/fsviewer-INVALID_POINTER_WRITE_c0000005__unknown+172bff54__8a79a5d97c8091a8.png,WRITE
faststone,fsviewer-INVALID_POINTER_WRITE_c0000005__unknown+172bffb3__374fd618eabca05b.png,/Users/ebukaobi/Desktop/Arts Demands/fsviewer/fsviewer-crashes/fsviewer-INVALID_POINTER_WRITE_c0000005__unknown+172bffb3__374fd618eabca05b.png,WRITE
faststone,fsviewer-INVALID_POINTER_WRITE_c0000005__unknown+172c0279__00c5b11c5a8beacb.png,/Users/ebukaobi/Desktop/Arts Demands/fsviewer/fsviewer-crashes/fsviewer-INVALID_POINTER_WRITE_c0000005__unknown+172c0279__00c5b11c5a8beacb.png,WRITE
faststone,fsviewer-INVALID_POINTER_WRITE_c0000005__unknown+172c02dd__b2523bad22486b9f.png,/Users/ebukaobi/Desktop/Arts Demands/fsviewer/fsviewer-crashes/fsviewer-INVALID_POINTER_WRITE_c0000005__unknown+172c02dd__b2523bad22486b9f.png,WRITE
faststone,fsviewer-INVALID_POINTER_WRITE_c0000005__unknown+172c04c9__b1c6b7ab92bedce7.png,/Users/ebukaobi/Desktop/Arts Demands/fsviewer/fsviewer-crashes/fsviewer-INVALID_POINTER_WRITE_c0000005__unknown+172c04c9__b1c6b7ab92bedce7.png,WRITE
faststone,fsviewer-INVALID_POINTER_WRITE_c0000005__unknown+172c061e__b13f27737cccf52e.png,/Users/ebukaobi/Desktop/Arts Demands/fsviewer/fsviewer-crashes/fsviewer-INVALID_POINTER_WRITE_c0000005__unknown+172c061e__b13f27737cccf52e.png,WRITE
faststone,fsviewer-INVALID_POINTER_WRITE_c0000005__unknown+172cab3f__c09fd7f381caa1fc.png,/Users/ebukaobi/Desktop/Arts Demands/fsviewer/fsviewer-crashes/fsviewer-INVALID_POINTER_WRITE_c0000005__unknown+172cab3f__c09fd7f381caa1fc.png,WRITE
faststone,fsviewer-INVALID_POINTER_WRITE_c0000005__unknown+172ce7ce__e1a7116b50814f01.png,/Users/ebukaobi/Desktop/Arts Demands/fsviewer/fsviewer-crashes/fsviewer-INVALID_POINTER_WRITE_c0000005__unknown+172ce7ce__e1a7116b50814f01.png,WRITE
faststone,fsviewer-INVALID_POINTER_WRITE_c0000005__unknown+172cebce__3be760cf5b625f5a.png,/Users/ebukaobi/Desktop/Arts Demands/fsviewer/fsviewer-crashes/fsviewer-INVALID_POINTER_WRITE_c0000005__unknown+172cebce__3be760cf5b625f5a.png,WRITE
faststone,fsviewer-INVALID_POINTER_WRITE_c0000005__unknown+172cebe9__67bf2daf0d265139.png,/Users/ebukaobi/Desktop/Arts Demands/fsviewer/fsviewer-crashes/fsviewer-INVALID_POINTER_WRITE_c0000005__unknown+172cebe9__67bf2daf0d265139.png,WRITE
faststone,fsviewer-INVALID_POINTER_WRITE_c0000005__unknown+172cec03__96b64731a17deae9.png,/Users/ebukaobi/Desktop/Arts Demands/fsviewer/fsviewer-crashes/fsviewer-INVALID_POINTER_WRITE_c0000005__unknown+172cec03__96b64731a17deae9.png,WRITE
faststone,fsviewer-INVALID_POINTER_WRITE_c0000005__unknown+172cec48__255e29e6707b8a14.png,/Users/ebukaobi/Desktop/Arts Demands/fsviewer/fsviewer-crashes/fsviewer-INVALID_POINTER_WRITE_c0000005__unknown+172cec48__255e29e6707b8a14.png,WRITE
faststone,fsviewer-INVALID_POINTER_WRITE_c0000005__unknown+172cec72__5d4c7d65fd417cb7.png,/Users/ebukaobi/Desktop/Arts Demands/fsviewer/fsviewer-crashes/fsviewer-INVALID_POINTER_WRITE_c0000005__unknown+172cec72__5d4c7d65fd417cb7.png,WRITE
faststone,fsviewer-INVALID_POINTER_WRITE_c0000005__unknown+172cec79__26d3823d796b7e2b.png,/Users/ebukaobi/Desktop/Arts Demands/fsviewer/fsviewer-crashes/fsviewer-INVALID_POINTER_WRITE_c0000005__unknown+172cec79__26d3823d796b7e2b.png,WRITE
faststone,fsviewer-INVALID_POINTER_WRITE_c0000005__unknown+172cecb7__747b66b5ab3059ef.png,/Users/ebukaobi/Desktop/Arts Demands/fsviewer/fsviewer-crashes/fsviewer-INVALID_POINTER_WRITE_c0000005__unknown+172cecb7__747b66b5ab3059ef.png,WRITE
faststone,fsviewer-INVALID_POINTER_WRITE_c0000005__unknown+172ced24__4cd8bcb2fa291089.png,/Users/ebukaobi/Desktop/Arts Demands/fsviewer/fsviewer-crashes/fsviewer-INVALID_POINTER_WRITE_c0000005__unknown+172ced24__4cd8bcb2fa291089.png,WRITE
faststone,fsviewer-INVALID_POINTER_WRITE_c0000005__unknown+172ced35__16cebaa4cc19576c.png,/Users/ebukaobi/Desktop/Arts Demands/fsviewer/fsviewer-crashes/fsviewer-INVALID_POINTER_WRITE_c0000005__unknown+172ced35__16cebaa4cc19576c.png,WRITE
faststone,fsviewer-INVALID_POINTER_WRITE_c0000005__unknown+172ced3d__25bdbc2e129bf613.png,/Users/ebukaobi/Desktop/Arts Demands/fsviewer/fsviewer-crashes/fsviewer-INVALID_POINTER_WRITE_c0000005__unknown+172ced3d__25bdbc2e129bf613.png,WRITE
faststone,fsviewer-INVALID_POINTER_WRITE_c0000005__unknown+172cefb2__b56e92f062669ea7.png,/Users/ebukaobi/Desktop/Arts Demands/fsviewer/fsviewer-crashes/fsviewer-INVALID_POINTER_WRITE_c0000005__unknown+172cefb2__b56e92f062669ea7.png,WRITE
faststone,fsviewer-INVALID_POINTER_WRITE_c0000005__unknown+172cefe1__333730c365e690d2.png,/Users/ebukaobi/Desktop/Arts Demands/fsviewer/fsviewer-crashes/fsviewer-INVALID_POINTER_WRITE_c0000005__unknown+172cefe1__333730c365e690d2.png,WRITE
faststone,fsviewer-INVALID_POINTER_WRITE_c0000005__unknown+172cf0bc__ce697221a05c8f00.png,/Users/ebukaobi/Desktop/Arts Demands/fsviewer/fsviewer-crashes/fsviewer-INVALID_POINTER_WRITE_c0000005__unknown+172cf0bc__ce697221a05c8f00.png,WRITE
faststone,fsviewer-INVALID_POINTER_WRITE_c0000005__unknown+172cf15b__0469b8b883a35fed.png,/Users/ebukaobi/Desktop/Arts Demands/fsviewer/fsviewer-crashes/fsviewer-INVALID_POINTER_WRITE_c0000005__unknown+172cf15b__0469b8b883a35fed.png,WRITE
faststone,fsviewer-INVALID_POINTER_WRITE_c0000005__unknown+172cf192__ea0ffb19a8613bda.png,/Users/ebukaobi/Desktop/Arts Demands/fsviewer/fsviewer-crashes/fsviewer-INVALID_POINTER_WRITE_c0000005__unknown+172cf192__ea0ffb19a8613bda.png,WRITE
faststone,fsviewer-INVALID_POINTER_WRITE_c0000005__unknown+172cf326__c573a77fc02fc7d8.png,/Users/ebukaobi/Desktop/Arts Demands/fsviewer/fsviewer-crashes/fsviewer-INVALID_POINTER_WRITE_c0000005__unknown+172cf326__c573a77fc02fc7d8.png,WRITE
faststone,fsviewer-INVALID_POINTER_WRITE_c0000005__unknown+172cf330__8f788fad88a6a486.png,/Users/ebukaobi/Desktop/Arts Demands/fsviewer/fsviewer-crashes/fsviewer-INVALID_POINTER_WRITE_c0000005__unknown+172cf330__8f788fad88a6a486.png,WRITE
faststone,fsviewer-INVALID_POINTER_WRITE_c0000005__unknown+172cf684__4931782454dbf6e5.png,/Users/ebukaobi/Desktop/Arts Demands/fsviewer/fsviewer-crashes/fsviewer-INVALID_POINTER_WRITE_c0000005__unknown+172cf684__4931782454dbf6e5.png,DoS
faststone,fsviewer-INVALID_POINTER_WRITE_c0000005__unknown+172cf724__b5acdfc7f68359ae.png,/Users/ebukaobi/Desktop/Arts Demands/fsviewer/fsviewer-crashes/fsviewer-INVALID_POINTER_WRITE_c0000005__unknown+172cf724__b5acdfc7f68359ae.png,DoS
faststone,fsviewer-INVALID_POINTER_WRITE_c0000005__unknown+172cf888__669e0995b6887614.png,/Users/ebukaobi/Desktop/Arts Demands/fsviewer/fsviewer-crashes/fsviewer-INVALID_POINTER_WRITE_c0000005__unknown+172cf888__669e0995b6887614.png,WRITE
faststone,fsviewer-INVALID_POINTER_WRITE_c0000005__unknown+172cf8e2__fd7e6c67374cfbc3.png,/Users/ebukaobi/Desktop/Arts Demands/fsviewer/fsviewer-crashes/fsviewer-INVALID_POINTER_WRITE_c0000005__unknown+172cf8e2__fd7e6c67374cfbc3.png,WRITE
faststone,fsviewer-INVALID_POINTER_WRITE_c0000005__unknown+172cf94d__2a10616754cca28a.png,/Users/ebukaobi/Desktop/Arts Demands/fsviewer/fsviewer-crashes/fsviewer-INVALID_POINTER_WRITE_c0000005__unknown+172cf94d__2a10616754cca28a.png,WRITE
faststone,fsviewer-INVALID_POINTER_WRITE_c0000005__unknown+172cf96a__5c414b10fa13bc4e.png,/Users/ebukaobi/Desktop/Arts Demands/fsviewer/fsviewer-crashes/fsviewer-INVALID_POINTER_WRITE_c0000005__unknown+172cf96a__5c414b10fa13bc4e.png,DoS
faststone,fsviewer-INVALID_POINTER_WRITE_c0000005__unknown+172cf99d__454152ed41c7c661.png,/Users/ebukaobi/Desktop/Arts Demands/fsviewer/fsviewer-crashes/fsviewer-INVALID_POINTER_WRITE_c0000005__unknown+172cf99d__454152ed41c7c661.png,WRITE
faststone,fsviewer-INVALID_POINTER_WRITE_c0000005__unknown+172cfa03__0d2e719df64e83d2.png,/Users/ebukaobi/Desktop/Arts Demands/fsviewer/fsviewer-crashes/fsviewer-INVALID_POINTER_WRITE_c0000005__unknown+172cfa03__0d2e719df64e83d2.png,WRITE
faststone,fsviewer-INVALID_POINTER_WRITE_c0000005__unknown+172cfa96__87d339c2a98fcc4f.png,/Users/ebukaobi/Desktop/Arts Demands/fsviewer/fsviewer-crashes/fsviewer-INVALID_POINTER_WRITE_c0000005__unknown+172cfa96__87d339c2a98fcc4f.png,WRITE
faststone,fsviewer-INVALID_POINTER_WRITE_c0000005__unknown+172cfb4f__60f633ecbd18454f.png,/Users/ebukaobi/Desktop/Arts Demands/fsviewer/fsviewer-crashes/fsviewer-INVALID_POINTER_WRITE_c0000005__unknown+172cfb4f__60f633ecbd18454f.png,WRITE
faststone,fsviewer-INVALID_POINTER_WRITE_c0000005__unknown+172cfbd1__716b2255760e66e0.png,/Users/ebukaobi/Desktop/Arts Demands/fsviewer/fsviewer-crashes/fsviewer-INVALID_POINTER_WRITE_c0000005__unknown+172cfbd1__716b2255760e66e0.png,WRITE
faststone,fsviewer-INVALID_POINTER_WRITE_c0000005__unknown+172cfc3e__90221169c4a5597d.png,/Users/ebukaobi/Desktop/Arts Demands/fsviewer/fsviewer-crashes/fsviewer-INVALID_POINTER_WRITE_c0000005__unknown+172cfc3e__90221169c4a5597d.png,WRITE
faststone,fsviewer-INVALID_POINTER_WRITE_c0000005__unknown+172cfcfc__cea9c66b33b87e19.png,/Users/ebukaobi/Desktop/Arts Demands/fsviewer/fsviewer-crashes/fsviewer-INVALID_POINTER_WRITE_c0000005__unknown+172cfcfc__cea9c66b33b87e19.png,WRITE
faststone,fsviewer-INVALID_POINTER_WRITE_c0000005__unknown+172cfd8a__a8e9f57837a99c0a.png,/Users/ebukaobi/Desktop/Arts Demands/fsviewer/fsviewer-crashes/fsviewer-INVALID_POINTER_WRITE_c0000005__unknown+172cfd8a__a8e9f57837a99c0a.png,WRITE
faststone,fsviewer-INVALID_POINTER_WRITE_c0000005__unknown+172cff41__891a6ce5f76e7380.png,/Users/ebukaobi/Desktop/Arts Demands/fsviewer/fsviewer-crashes/fsviewer-INVALID_POINTER_WRITE_c0000005__unknown+172cff41__891a6ce5f76e7380.png,WRITE
faststone,fsviewer-INVALID_POINTER_WRITE_c0000005__unknown+172cff9e__8efe3e24c8dc8162.png,/Users/ebukaobi/Desktop/Arts Demands/fsviewer/fsviewer-crashes/fsviewer-INVALID_POINTER_WRITE_c0000005__unknown+172cff9e__8efe3e24c8dc8162.png,WRITE
faststone,fsviewer-INVALID_POINTER_WRITE_c0000005__unknown+172d02c9__e4de166416d4d21e.png,/Users/ebukaobi/Desktop/Arts Demands/fsviewer/fsviewer-crashes/fsviewer-INVALID_POINTER_WRITE_c0000005__unknown+172d02c9__e4de166416d4d21e.png,WRITE
faststone,fsviewer-INVALID_POINTER_WRITE_c0000005__unknown+172d035a__85551cf59dd1bc3e.png,/Users/ebukaobi/Desktop/Arts Demands/fsviewer/fsviewer-crashes/fsviewer-INVALID_POINTER_WRITE_c0000005__unknown+172d035a__85551cf59dd1bc3e.png,WRITE
faststone,fsviewer-INVALID_POINTER_WRITE_c0000005__unknown+172d05e5__3ba76fbd72484424.png,/Users/ebukaobi/Desktop/Arts Demands/fsviewer/fsviewer-crashes/fsviewer-INVALID_POINTER_WRITE_c0000005__unknown+172d05e5__3ba76fbd72484424.png,WRITE
faststone,fsviewer-INVALID_POINTER_WRITE_c0000005__unknown+172daa85__de765e8c0b183a8e.png,/Users/ebukaobi/Desktop/Arts Demands/fsviewer/fsviewer-crashes/fsviewer-INVALID_POINTER_WRITE_c0000005__unknown+172daa85__de765e8c0b183a8e.png,WRITE
faststone,fsviewer-INVALID_POINTER_WRITE_c0000005__unknown+172deb79__12f97e8cd724de2b.png,/Users/ebukaobi/Desktop/Arts Demands/fsviewer/fsviewer-crashes/fsviewer-INVALID_POINTER_WRITE_c0000005__unknown+172deb79__12f97e8cd724de2b.png,WRITE
faststone,fsviewer-INVALID_POINTER_WRITE_c0000005__unknown+172deba6__7d8b59f89e064c09.png,/Users/ebukaobi/Desktop/Arts Demands/fsviewer/fsviewer-crashes/fsviewer-INVALID_POINTER_WRITE_c0000005__unknown+172deba6__7d8b59f89e064c09.png,WRITE
faststone,fsviewer-INVALID_POINTER_WRITE_c0000005__unknown+172debd6__4e4d0b823f9a4fd6.png,/Users/ebukaobi/Desktop/Arts Demands/fsviewer/fsviewer-crashes/fsviewer-INVALID_POINTER_WRITE_c0000005__unknown+172debd6__4e4d0b823f9a4fd6.png,WRITE
faststone,fsviewer-INVALID_POINTER_WRITE_c0000005__unknown+172debe9__f2f8f01f69910f92.png,/Users/ebukaobi/Desktop/Arts Demands/fsviewer/fsviewer-crashes/fsviewer-INVALID_POINTER_WRITE_c0000005__unknown+172debe9__f2f8f01f69910f92.png,WRITE
faststone,fsviewer-INVALID_POINTER_WRITE_c0000005__unknown+172debec__4a2fd86bd942c53a.png,/Users/ebukaobi/Desktop/Arts Demands/fsviewer/fsviewer-crashes/fsviewer-INVALID_POINTER_WRITE_c0000005__unknown+172debec__4a2fd86bd942c53a.png,WRITE
faststone,fsviewer-INVALID_POINTER_WRITE_c0000005__unknown+172dec16__4ce46053b5db9b95.png,/Users/ebukaobi/Desktop/Arts Demands/fsviewer/fsviewer-crashes/fsviewer-INVALID_POINTER_WRITE_c0000005__unknown+172dec16__4ce46053b5db9b95.png,WRITE
faststone,fsviewer-INVALID_POINTER_WRITE_c0000005__unknown+172dec3f__402c708ce26dc8c6.png,/Users/ebukaobi/Desktop/Arts Demands/fsviewer/fsviewer-crashes/fsviewer-INVALID_POINTER_WRITE_c0000005__unknown+172dec3f__402c708ce26dc8c6.png,WRITE
faststone,fsviewer-INVALID_POINTER_WRITE_c0000005__unknown+172dec5a__fc941fd2957670ab.png,/Users/ebukaobi/Desktop/Arts Demands/fsviewer/fsviewer-crashes/fsviewer-INVALID_POINTER_WRITE_c0000005__unknown+172dec5a__fc941fd2957670ab.png,WRITE
faststone,fsviewer-INVALID_POINTER_WRITE_c0000005__unknown+172deca0__3a0977fa5b83961a.png,/Users/ebukaobi/Desktop/Arts Demands/fsviewer/fsviewer-crashes/fsviewer-INVALID_POINTER_WRITE_c0000005__unknown+172deca0__3a0977fa5b83961a.png,WRITE
faststone,fsviewer-INVALID_POINTER_WRITE_c0000005__unknown+172deca3__89bc5ce1eb797946.png,/Users/ebukaobi/Desktop/Arts Demands/fsviewer/fsviewer-crashes/fsviewer-INVALID_POINTER_WRITE_c0000005__unknown+172deca3__89bc5ce1eb797946.png,WRITE
faststone,fsviewer-INVALID_POINTER_WRITE_c0000005__unknown+172deca9__444ddd7c8aa7dc7f.png,/Users/ebukaobi/Desktop/Arts Demands/fsviewer/fsviewer-crashes/fsviewer-INVALID_POINTER_WRITE_c0000005__unknown+172deca9__444ddd7c8aa7dc7f.png,WRITE
faststone,fsviewer-INVALID_POINTER_WRITE_c0000005__unknown+172dee51__bcb2ac67cc53eed0.png,/Users/ebukaobi/Desktop/Arts Demands/fsviewer/fsviewer-crashes/fsviewer-INVALID_POINTER_WRITE_c0000005__unknown+172dee51__bcb2ac67cc53eed0.png,WRITE
faststone,fsviewer-INVALID_POINTER_WRITE_c0000005__unknown+172df009__2aa49417dad6e083.png,/Users/ebukaobi/Desktop/Arts Demands/fsviewer/fsviewer-crashes/fsviewer-INVALID_POINTER_WRITE_c0000005__unknown+172df009__2aa49417dad6e083.png,WRITE
faststone,fsviewer-INVALID_POINTER_WRITE_c0000005__unknown+172df2d0__b4b4a7df9a16af8d.png,/Users/ebukaobi/Desktop/Arts Demands/fsviewer/fsviewer-crashes/fsviewer-INVALID_POINTER_WRITE_c0000005__unknown+172df2d0__b4b4a7df9a16af8d.png,WRITE
faststone,fsviewer-INVALID_POINTER_WRITE_c0000005__unknown+172df6b3__439aa5e9fcf00a71.png,/Users/ebukaobi/Desktop/Arts Demands/fsviewer/fsviewer-crashes/fsviewer-INVALID_POINTER_WRITE_c0000005__unknown+172df6b3__439aa5e9fcf00a71.png,WRITE
faststone,fsviewer-INVALID_POINTER_WRITE_c0000005__unknown+172df8b5__4f58a8b099bcb1f6.png,/Users/ebukaobi/Desktop/Arts Demands/fsviewer/fsviewer-crashes/fsviewer-INVALID_POINTER_WRITE_c0000005__unknown+172df8b5__4f58a8b099bcb1f6.png,DoS
faststone,fsviewer-INVALID_POINTER_WRITE_c0000005__unknown+172df923__402cf756ebea22f8.png,/Users/ebukaobi/Desktop/Arts Demands/fsviewer/fsviewer-crashes/fsviewer-INVALID_POINTER_WRITE_c0000005__unknown+172df923__402cf756ebea22f8.png,DoS
faststone,fsviewer-INVALID_POINTER_WRITE_c0000005__unknown+172df94d__704eeb37f716cfa2.png,/Users/ebukaobi/Desktop/Arts Demands/fsviewer/fsviewer-crashes/fsviewer-INVALID_POINTER_WRITE_c0000005__unknown+172df94d__704eeb37f716cfa2.png,DoS
faststone,fsviewer-INVALID_POINTER_WRITE_c0000005__unknown+172dfb18__d41d879c77ceaaa5.png,/Users/ebukaobi/Desktop/Arts Demands/fsviewer/fsviewer-crashes/fsviewer-INVALID_POINTER_WRITE_c0000005__unknown+172dfb18__d41d879c77ceaaa5.png,DoS
faststone,fsviewer-INVALID_POINTER_WRITE_c0000005__unknown+172dff1f__fec08f3a7fe2e5ac.png,/Users/ebukaobi/Desktop/Arts Demands/fsviewer/fsviewer-crashes/fsviewer-INVALID_POINTER_WRITE_c0000005__unknown+172dff1f__fec08f3a7fe2e5ac.png,WRITE
faststone,fsviewer-INVALID_POINTER_WRITE_c0000005__unknown+172e01de__fc522f11f0ec403d.png,/Users/ebukaobi/Desktop/Arts Demands/fsviewer/fsviewer-crashes/fsviewer-INVALID_POINTER_WRITE_c0000005__unknown+172e01de__fc522f11f0ec403d.png,WRITE
faststone,fsviewer-INVALID_POINTER_WRITE_c0000005__unknown+172e060e__08eabc05910b8456.png,/Users/ebukaobi/Desktop/Arts Demands/fsviewer/fsviewer-crashes/fsviewer-INVALID_POINTER_WRITE_c0000005__unknown+172e060e__08eabc05910b8456.png,WRITE
faststone,fsviewer-INVALID_POINTER_WRITE_c0000005__unknown+172eebec__da0f38e0edd1236b.png,/Users/ebukaobi/Desktop/Arts Demands/fsviewer/fsviewer-crashes/fsviewer-INVALID_POINTER_WRITE_c0000005__unknown+172eebec__da0f38e0edd1236b.png,DoS
faststone,fsviewer-INVALID_POINTER_WRITE_c0000005__unknown+172eec46__d376f427ac372aa3.png,/Users/ebukaobi/Desktop/Arts Demands/fsviewer/fsviewer-crashes/fsviewer-INVALID_POINTER_WRITE_c0000005__unknown+172eec46__d376f427ac372aa3.png,WRITE
faststone,fsviewer-INVALID_POINTER_WRITE_c0000005__unknown+172eec87__b6efb0cdcc36a803.png,/Users/ebukaobi/Desktop/Arts Demands/fsviewer/fsviewer-crashes/fsviewer-INVALID_POINTER_WRITE_c0000005__unknown+172eec87__b6efb0cdcc36a803.png,WRITE
faststone,fsviewer-INVALID_POINTER_WRITE_c0000005__unknown+172eec9b__598c43156e816c9f.png,/Users/ebukaobi/Desktop/Arts Demands/fsviewer/fsviewer-crashes/fsviewer-INVALID_POINTER_WRITE_c0000005__unknown+172eec9b__598c43156e816c9f.png,WRITE
faststone,fsviewer-INVALID_POINTER_WRITE_c0000005__unknown+172eecd9__9882c44b399b8e4a.png,/Users/ebukaobi/Desktop/Arts Demands/fsviewer/fsviewer-crashes/fsviewer-INVALID_POINTER_WRITE_c0000005__unknown+172eecd9__9882c44b399b8e4a.png,WRITE
faststone,fsviewer-INVALID_POINTER_WRITE_c0000005__unknown+172eef46__8e14a5ffc8a1fbd1.png,/Users/ebukaobi/Desktop/Arts Demands/fsviewer/fsviewer-crashes/fsviewer-INVALID_POINTER_WRITE_c0000005__unknown+172eef46__8e14a5ffc8a1fbd1.png,WRITE
faststone,fsviewer-INVALID_POINTER_WRITE_c0000005__unknown+172eef65__ab2374fcbe27b54b.png,/Users/ebukaobi/Desktop/Arts Demands/fsviewer/fsviewer-crashes/fsviewer-INVALID_POINTER_WRITE_c0000005__unknown+172eef65__ab2374fcbe27b54b.png,WRITE
faststone,fsviewer-INVALID_POINTER_WRITE_c0000005__unknown+172ef117__19cdbad377a21961.png,/Users/ebukaobi/Desktop/Arts Demands/fsviewer/fsviewer-crashes/fsviewer-INVALID_POINTER_WRITE_c0000005__unknown+172ef117__19cdbad377a21961.png,WRITE
faststone,fsviewer-INVALID_POINTER_WRITE_c0000005__unknown+172ef27f__627c5143e220bd69.png,/Users/ebukaobi/Desktop/Arts Demands/fsviewer/fsviewer-crashes/fsviewer-INVALID_POINTER_WRITE_c0000005__unknown+172ef27f__627c5143e220bd69.png,WRITE
faststone,fsviewer-INVALID_POINTER_WRITE_c0000005__unknown+172ef768__18573598341bb859.png,/Users/ebukaobi/Desktop/Arts Demands/fsviewer/fsviewer-crashes/fsviewer-INVALID_POINTER_WRITE_c0000005__unknown+172ef768__18573598341bb859.png,WRITE
faststone,fsviewer-INVALID_POINTER_WRITE_c0000005__unknown+172ef801__cf04c2320e7d4949.png,/Users/ebukaobi/Desktop/Arts Demands/fsviewer/fsviewer-crashes/fsviewer-INVALID_POINTER_WRITE_c0000005__unknown+172ef801__cf04c2320e7d4949.png,WRITE
faststone,fsviewer-INVALID_POINTER_WRITE_c0000005__unknown+172ef8b5__a10ea3a3c44967cf.png,/Users/ebukaobi/Desktop/Arts Demands/fsviewer/fsviewer-crashes/fsviewer-INVALID_POINTER_WRITE_c0000005__unknown+172ef8b5__a10ea3a3c44967cf.png,DoS
faststone,fsviewer-INVALID_POINTER_WRITE_c0000005__unknown+172ef8e5__a1ba160834bbec4b.png,/Users/ebukaobi/Desktop/Arts Demands/fsviewer/fsviewer-crashes/fsviewer-INVALID_POINTER_WRITE_c0000005__unknown+172ef8e5__a1ba160834bbec4b.png,DoS
faststone,fsviewer-INVALID_POINTER_WRITE_c0000005__unknown+172ef936__98eb7ab849a6a30e.png,/Users/ebukaobi/Desktop/Arts Demands/fsviewer/fsviewer-crashes/fsviewer-INVALID_POINTER_WRITE_c0000005__unknown+172ef936__98eb7ab849a6a30e.png,WRITE
faststone,fsviewer-INVALID_POINTER_WRITE_c0000005__unknown+172ef950__14af3bc702fdf655.png,/Users/ebukaobi/Desktop/Arts Demands/fsviewer/fsviewer-crashes/fsviewer-INVALID_POINTER_WRITE_c0000005__unknown+172ef950__14af3bc702fdf655.png,WRITE
faststone,fsviewer-INVALID_POINTER_WRITE_c0000005__unknown+172ef967__3b89c8f8c7258ed4.png,/Users/ebukaobi/Desktop/Arts Demands/fsviewer/fsviewer-crashes/fsviewer-INVALID_POINTER_WRITE_c0000005__unknown+172ef967__3b89c8f8c7258ed4.png,WRITE
faststone,fsviewer-INVALID_POINTER_WRITE_c0000005__unknown+172ef9d6__f661a4e0c93c0e05.png,/Users/ebukaobi/Desktop/Arts Demands/fsviewer/fsviewer-crashes/fsviewer-INVALID_POINTER_WRITE_c0000005__unknown+172ef9d6__f661a4e0c93c0e05.png,WRITE
faststone,fsviewer-INVALID_POINTER_WRITE_c0000005__unknown+172efa51__f29b44db8e496245.png,/Users/ebukaobi/Desktop/Arts Demands/fsviewer/fsviewer-crashes/fsviewer-INVALID_POINTER_WRITE_c0000005__unknown+172efa51__f29b44db8e496245.png,WRITE
faststone,fsviewer-INVALID_POINTER_WRITE_c0000005__unknown+172efda4__091acc47c1d503d7.png,/Users/ebukaobi/Desktop/Arts Demands/fsviewer/fsviewer-crashes/fsviewer-INVALID_POINTER_WRITE_c0000005__unknown+172efda4__091acc47c1d503d7.png,DoS
faststone,fsviewer-INVALID_POINTER_WRITE_c0000005__unknown+172efe01__e4dc63eead72b988.png,/Users/ebukaobi/Desktop/Arts Demands/fsviewer/fsviewer-crashes/fsviewer-INVALID_POINTER_WRITE_c0000005__unknown+172efe01__e4dc63eead72b988.png,WRITE
faststone,fsviewer-INVALID_POINTER_WRITE_c0000005__unknown+172efebc__6bc359e3b850fc41.png,/Users/ebukaobi/Desktop/Arts Demands/fsviewer/fsviewer-crashes/fsviewer-INVALID_POINTER_WRITE_c0000005__unknown+172efebc__6bc359e3b850fc41.png,WRITE
faststone,fsviewer-INVALID_POINTER_WRITE_c0000005__unknown+172efecf__48fc3ae8415581da.png,/Users/ebukaobi/Desktop/Arts Demands/fsviewer/fsviewer-crashes/fsviewer-INVALID_POINTER_WRITE_c0000005__unknown+172efecf__48fc3ae8415581da.png,WRITE
faststone,fsviewer-INVALID_POINTER_WRITE_c0000005__unknown+172f02e7__29860efbd8fcd0cd.png,/Users/ebukaobi/Desktop/Arts Demands/fsviewer/fsviewer-crashes/fsviewer-INVALID_POINTER_WRITE_c0000005__unknown+172f02e7__29860efbd8fcd0cd.png,WRITE
faststone,fsviewer-INVALID_POINTER_WRITE_c0000005__unknown+172f1583__8889f5f36449f529.png,/Users/ebukaobi/Desktop/Arts Demands/fsviewer/fsviewer-crashes/fsviewer-INVALID_POINTER_WRITE_c0000005__unknown+172f1583__8889f5f36449f529.png,WRITE
faststone,fsviewer-INVALID_POINTER_WRITE_c0000005__unknown+172fec18__5654921c259dc1e2.png,/Users/ebukaobi/Desktop/Arts Demands/fsviewer/fsviewer-crashes/fsviewer-INVALID_POINTER_WRITE_c0000005__unknown+172fec18__5654921c259dc1e2.png,DoS
faststone,fsviewer-INVALID_POINTER_WRITE_c0000005__unknown+172fec46__c1b9b52cc8e44032.png,/Users/ebukaobi/Desktop/Arts Demands/fsviewer/fsviewer-crashes/fsviewer-INVALID_POINTER_WRITE_c0000005__unknown+172fec46__c1b9b52cc8e44032.png,DoS
faststone,fsviewer-INVALID_POINTER_WRITE_c0000005__unknown+172fec6e__be621727f079ec4d.png,/Users/ebukaobi/Desktop/Arts Demands/fsviewer/fsviewer-crashes/fsviewer-INVALID_POINTER_WRITE_c0000005__unknown+172fec6e__be621727f079ec4d.png,WRITE
faststone,fsviewer-INVALID_POINTER_WRITE_c0000005__unknown+172feee8__27fda04e4691d544.png,/Users/ebukaobi/Desktop/Arts Demands/fsviewer/fsviewer-crashes/fsviewer-INVALID_POINTER_WRITE_c0000005__unknown+172feee8__27fda04e4691d544.png,WRITE
faststone,fsviewer-INVALID_POINTER_WRITE_c0000005__unknown+172ff4f2__07102371c41d8e83.png,/Users/ebukaobi/Desktop/Arts Demands/fsviewer/fsviewer-crashes/fsviewer-INVALID_POINTER_WRITE_c0000005__unknown+172ff4f2__07102371c41d8e83.png,WRITE
faststone,fsviewer-INVALID_POINTER_WRITE_c0000005__unknown+172ff617__9de854015ca486e0.png,/Users/ebukaobi/Desktop/Arts Demands/fsviewer/fsviewer-crashes/fsviewer-INVALID_POINTER_WRITE_c0000005__unknown+172ff617__9de854015ca486e0.png,WRITE
faststone,fsviewer-INVALID_POINTER_WRITE_c0000005__unknown+172ffb7e__92ea132642f39994.png,/Users/ebukaobi/Desktop/Arts Demands/fsviewer/fsviewer-crashes/fsviewer-INVALID_POINTER_WRITE_c0000005__unknown+172ffb7e__92ea132642f39994.png,WRITE
faststone,fsviewer-INVALID_POINTER_WRITE_c0000005__unknown+172ffc6f__752812181b4c26ce.png,/Users/ebukaobi/Desktop/Arts Demands/fsviewer/fsviewer-crashes/fsviewer-INVALID_POINTER_WRITE_c0000005__unknown+172ffc6f__752812181b4c26ce.png,DoS
faststone,fsviewer-INVALID_POINTER_WRITE_c0000005__unknown+172ffead__11f95d7b53eba0c8.png,/Users/ebukaobi/Desktop/Arts Demands/fsviewer/fsviewer-crashes/fsviewer-INVALID_POINTER_WRITE_c0000005__unknown+172ffead__11f95d7b53eba0c8.png,WRITE
faststone,fsviewer-INVALID_POINTER_WRITE_c0000005__unknown+173007a1__2391a3396741bfbf.png,/Users/ebukaobi/Desktop/Arts Demands/fsviewer/fsviewer-crashes/fsviewer-INVALID_POINTER_WRITE_c0000005__unknown+173007a1__2391a3396741bfbf.png,WRITE
faststone,fsviewer-INVALID_POINTER_WRITE_c0000005__unknown+1730ec16__80bd6561af6451d4.png,/Users/ebukaobi/Desktop/Arts Demands/fsviewer/fsviewer-crashes/fsviewer-INVALID_POINTER_WRITE_c0000005__unknown+1730ec16__80bd6561af6451d4.png,DoS
faststone,fsviewer-INVALID_POINTER_WRITE_c0000005__unknown+1730ece7__ee6bedc7562b3dbd.png,/Users/ebukaobi/Desktop/Arts Demands/fsviewer/fsviewer-crashes/fsviewer-INVALID_POINTER_WRITE_c0000005__unknown+1730ece7__ee6bedc7562b3dbd.png,WRITE
faststone,fsviewer-INVALID_POINTER_WRITE_c0000005__unknown+1730eeb7__0ba19c7fd6e9fc1c.png,/Users/ebukaobi/Desktop/Arts Demands/fsviewer/fsviewer-crashes/fsviewer-INVALID_POINTER_WRITE_c0000005__unknown+1730eeb7__0ba19c7fd6e9fc1c.png,WRITE
faststone,fsviewer-INVALID_POINTER_WRITE_c0000005__unknown+1730eecb__b6fc68cf21adc2d3.png,/Users/ebukaobi/Desktop/Arts Demands/fsviewer/fsviewer-crashes/fsviewer-INVALID_POINTER_WRITE_c0000005__unknown+1730eecb__b6fc68cf21adc2d3.png,WRITE
faststone,fsviewer-INVALID_POINTER_WRITE_c0000005__unknown+1730f575__c444960871c71c29.png,/Users/ebukaobi/Desktop/Arts Demands/fsviewer/fsviewer-crashes/fsviewer-INVALID_POINTER_WRITE_c0000005__unknown+1730f575__c444960871c71c29.png,DoS
faststone,fsviewer-INVALID_POINTER_WRITE_c0000005__unknown+1730f72c__9f6bac1ade0ecef3.png,/Users/ebukaobi/Desktop/Arts Demands/fsviewer/fsviewer-crashes/fsviewer-INVALID_POINTER_WRITE_c0000005__unknown+1730f72c__9f6bac1ade0ecef3.png,WRITE
faststone,fsviewer-INVALID_POINTER_WRITE_c0000005__unknown+1730f8bb__c302098271966617.png,/Users/ebukaobi/Desktop/Arts Demands/fsviewer/fsviewer-crashes/fsviewer-INVALID_POINTER_WRITE_c0000005__unknown+1730f8bb__c302098271966617.png,WRITE
faststone,fsviewer-INVALID_POINTER_WRITE_c0000005__unknown+1730f8cc__a7737d9e7b1810eb.png,/Users/ebukaobi/Desktop/Arts Demands/fsviewer/fsviewer-crashes/fsviewer-INVALID_POINTER_WRITE_c0000005__unknown+1730f8cc__a7737d9e7b1810eb.png,WRITE
faststone,fsviewer-INVALID_POINTER_WRITE_c0000005__unknown+1730f8db__5a5b314c6218d544.png,/Users/ebukaobi/Desktop/Arts Demands/fsviewer/fsviewer-crashes/fsviewer-INVALID_POINTER_WRITE_c0000005__unknown+1730f8db__5a5b314c6218d544.png,WRITE
faststone,fsviewer-INVALID_POINTER_WRITE_c0000005__unknown+1730faf9__0c22d0566ba493fc.png,/Users/ebukaobi/Desktop/Arts Demands/fsviewer/fsviewer-crashes/fsviewer-INVALID_POINTER_WRITE_c0000005__unknown+1730faf9__0c22d0566ba493fc.png,WRITE
faststone,fsviewer-INVALID_POINTER_WRITE_c0000005__unknown+1731c0f3__953e15f8e3d8e862.png,/Users/ebukaobi/Desktop/Arts Demands/fsviewer/fsviewer-crashes/fsviewer-INVALID_POINTER_WRITE_c0000005__unknown+1731c0f3__953e15f8e3d8e862.png,WRITE
faststone,fsviewer-INVALID_POINTER_WRITE_c0000005__unknown+1731ec2c__bcab4b878fe6c774.png,/Users/ebukaobi/Desktop/Arts Demands/fsviewer/fsviewer-crashes/fsviewer-INVALID_POINTER_WRITE_c0000005__unknown+1731ec2c__bcab4b878fe6c774.png,WRITE
faststone,fsviewer-INVALID_POINTER_WRITE_c0000005__unknown+1731ec8a__bff4de338cabae8f.png,/Users/ebukaobi/Desktop/Arts Demands/fsviewer/fsviewer-crashes/fsviewer-INVALID_POINTER_WRITE_c0000005__unknown+1731ec8a__bff4de338cabae8f.png,WRITE
faststone,fsviewer-INVALID_POINTER_WRITE_c0000005__unknown+1731edda__844158564fc852ea.png,/Users/ebukaobi/Desktop/Arts Demands/fsviewer/fsviewer-crashes/fsviewer-INVALID_POINTER_WRITE_c0000005__unknown+1731edda__844158564fc852ea.png,WRITE
faststone,fsviewer-INVALID_POINTER_WRITE_c0000005__unknown+1731f638__b628ea85e5058765.png,/Users/ebukaobi/Desktop/Arts Demands/fsviewer/fsviewer-crashes/fsviewer-INVALID_POINTER_WRITE_c0000005__unknown+1731f638__b628ea85e5058765.png,WRITE
faststone,fsviewer-INVALID_POINTER_WRITE_c0000005__unknown+1731f801__1396b90c6034c3a6.png,/Users/ebukaobi/Desktop/Arts Demands/fsviewer/fsviewer-crashes/fsviewer-INVALID_POINTER_WRITE_c0000005__unknown+1731f801__1396b90c6034c3a6.png,WRITE
faststone,fsviewer-INVALID_POINTER_WRITE_c0000005__unknown+1731f831__92f2ef43837f57ea.png,/Users/ebukaobi/Desktop/Arts Demands/fsviewer/fsviewer-crashes/fsviewer-INVALID_POINTER_WRITE_c0000005__unknown+1731f831__92f2ef43837f57ea.png,WRITE
faststone,fsviewer-INVALID_POINTER_WRITE_c0000005__unknown+1731f97d__114974438185ec19.png,/Users/ebukaobi/Desktop/Arts Demands/fsviewer/fsviewer-crashes/fsviewer-INVALID_POINTER_WRITE_c0000005__unknown+1731f97d__114974438185ec19.png,WRITE
faststone,fsviewer-INVALID_POINTER_WRITE_c0000005__unknown+17322994__70b98f3b768ca9a1.png,/Users/ebukaobi/Desktop/Arts Demands/fsviewer/fsviewer-crashes/fsviewer-INVALID_POINTER_WRITE_c0000005__unknown+17322994__70b98f3b768ca9a1.png,DoS
faststone,fsviewer-INVALID_POINTER_WRITE_c0000005__unknown+1732457d__22e28a37249776e5.png,/Users/ebukaobi/Desktop/Arts Demands/fsviewer/fsviewer-crashes/fsviewer-INVALID_POINTER_WRITE_c0000005__unknown+1732457d__22e28a37249776e5.png,WRITE
faststone,fsviewer-INVALID_POINTER_WRITE_c0000005__unknown+1732ab87__4819c3187c917bff.png,/Users/ebukaobi/Desktop/Arts Demands/fsviewer/fsviewer-crashes/fsviewer-INVALID_POINTER_WRITE_c0000005__unknown+1732ab87__4819c3187c917bff.png,WRITE
faststone,fsviewer-INVALID_POINTER_WRITE_c0000005__unknown+1732ec42__d563c40d35635b29.png,/Users/ebukaobi/Desktop/Arts Demands/fsviewer/fsviewer-crashes/fsviewer-INVALID_POINTER_WRITE_c0000005__unknown+1732ec42__d563c40d35635b29.png,DoS
faststone,fsviewer-INVALID_POINTER_WRITE_c0000005__unknown+1732f801__7fce1ec9f61277a4.png,/Users/ebukaobi/Desktop/Arts Demands/fsviewer/fsviewer-crashes/fsviewer-INVALID_POINTER_WRITE_c0000005__unknown+1732f801__7fce1ec9f61277a4.png,WRITE
faststone,fsviewer-INVALID_POINTER_WRITE_c0000005__unknown+1732f899__11e181d2b7faf222.png,/Users/ebukaobi/Desktop/Arts Demands/fsviewer/fsviewer-crashes/fsviewer-INVALID_POINTER_WRITE_c0000005__unknown+1732f899__11e181d2b7faf222.png,WRITE
faststone,fsviewer-INVALID_POINTER_WRITE_c0000005__unknown+1732f8b5__a745032866f01aba.png,/Users/ebukaobi/Desktop/Arts Demands/fsviewer/fsviewer-crashes/fsviewer-INVALID_POINTER_WRITE_c0000005__unknown+1732f8b5__a745032866f01aba.png,DoS
faststone,fsviewer-INVALID_POINTER_WRITE_c0000005__unknown+1732f923__819b777b0dfe1b41.png,/Users/ebukaobi/Desktop/Arts Demands/fsviewer/fsviewer-crashes/fsviewer-INVALID_POINTER_WRITE_c0000005__unknown+1732f923__819b777b0dfe1b41.png,WRITE
faststone,fsviewer-INVALID_POINTER_WRITE_c0000005__unknown+1732f947__5b16e32cc5d79831.png,/Users/ebukaobi/Desktop/Arts Demands/fsviewer/fsviewer-crashes/fsviewer-INVALID_POINTER_WRITE_c0000005__unknown+1732f947__5b16e32cc5d79831.png,WRITE
faststone,fsviewer-INVALID_POINTER_WRITE_c0000005__unknown+17339ff3__8455abae9aa355a4.png,/Users/ebukaobi/Desktop/Arts Demands/fsviewer/fsviewer-crashes/fsviewer-INVALID_POINTER_WRITE_c0000005__unknown+17339ff3__8455abae9aa355a4.png,WRITE
faststone,fsviewer-INVALID_POINTER_WRITE_c0000005__unknown+1733c39b__d4cb5d641e2d1122.png,/Users/ebukaobi/Desktop/Arts Demands/fsviewer/fsviewer-crashes/fsviewer-INVALID_POINTER_WRITE_c0000005__unknown+1733c39b__d4cb5d641e2d1122.png,WRITE
faststone,fsviewer-INVALID_POINTER_WRITE_c0000005__unknown+1733f5d3__7e2ee167a34bc012.png,/Users/ebukaobi/Desktop/Arts Demands/fsviewer/fsviewer-crashes/fsviewer-INVALID_POINTER_WRITE_c0000005__unknown+1733f5d3__7e2ee167a34bc012.png,WRITE
faststone,fsviewer-INVALID_POINTER_WRITE_c0000005__unknown+1733f83d__6b6039189f167ad5.png,/Users/ebukaobi/Desktop/Arts Demands/fsviewer/fsviewer-crashes/fsviewer-INVALID_POINTER_WRITE_c0000005__unknown+1733f83d__6b6039189f167ad5.png,DoS
faststone,fsviewer-INVALID_POINTER_WRITE_c0000005__unknown+1733f845__70d43a66beb03f64.png,/Users/ebukaobi/Desktop/Arts Demands/fsviewer/fsviewer-crashes/fsviewer-INVALID_POINTER_WRITE_c0000005__unknown+1733f845__70d43a66beb03f64.png,WRITE
faststone,fsviewer-INVALID_POINTER_WRITE_c0000005__unknown+1733f914__602b78ffceceb74b.png,/Users/ebukaobi/Desktop/Arts Demands/fsviewer/fsviewer-crashes/fsviewer-INVALID_POINTER_WRITE_c0000005__unknown+1733f914__602b78ffceceb74b.png,DoS
faststone,fsviewer-INVALID_POINTER_WRITE_c0000005__unknown+1733f96a__5e2f64018fbe1bf6.png,/Users/ebukaobi/Desktop/Arts Demands/fsviewer/fsviewer-crashes/fsviewer-INVALID_POINTER_WRITE_c0000005__unknown+1733f96a__5e2f64018fbe1bf6.png,DoS
faststone,fsviewer-INVALID_POINTER_WRITE_c0000005__unknown+1733f9c8__69839429c8f046ec.png,/Users/ebukaobi/Desktop/Arts Demands/fsviewer/fsviewer-crashes/fsviewer-INVALID_POINTER_WRITE_c0000005__unknown+1733f9c8__69839429c8f046ec.png,WRITE
faststone,fsviewer-INVALID_POINTER_WRITE_c0000005__unknown+1734051b__e8e4a2252684401f.png,/Users/ebukaobi/Desktop/Arts Demands/fsviewer/fsviewer-crashes/fsviewer-INVALID_POINTER_WRITE_c0000005__unknown+1734051b__e8e4a2252684401f.png,WRITE
faststone,fsviewer-INVALID_POINTER_WRITE_c0000005__unknown+1734ec42__9d15c07aa7d77cfb.png,/Users/ebukaobi/Desktop/Arts Demands/fsviewer/fsviewer-crashes/fsviewer-INVALID_POINTER_WRITE_c0000005__unknown+1734ec42__9d15c07aa7d77cfb.png,WRITE
faststone,fsviewer-INVALID_POINTER_WRITE_c0000005__unknown+1734ec51__c3ae8a405e060edc.png,/Users/ebukaobi/Desktop/Arts Demands/fsviewer/fsviewer-crashes/fsviewer-INVALID_POINTER_WRITE_c0000005__unknown+1734ec51__c3ae8a405e060edc.png,WRITE
faststone,fsviewer-INVALID_POINTER_WRITE_c0000005__unknown+1734ed09__e9ec2e68afc54075.png,/Users/ebukaobi/Desktop/Arts Demands/fsviewer/fsviewer-crashes/fsviewer-INVALID_POINTER_WRITE_c0000005__unknown+1734ed09__e9ec2e68afc54075.png,DoS
faststone,fsviewer-INVALID_POINTER_WRITE_c0000005__unknown+1734ef2d__6ba5c88ce34bf3bd.png,/Users/ebukaobi/Desktop/Arts Demands/fsviewer/fsviewer-crashes/fsviewer-INVALID_POINTER_WRITE_c0000005__unknown+1734ef2d__6ba5c88ce34bf3bd.png,DoS
faststone,fsviewer-INVALID_POINTER_WRITE_c0000005__unknown+1734f8b5__e9127821a6a38dfe.png,/Users/ebukaobi/Desktop/Arts Demands/fsviewer/fsviewer-crashes/fsviewer-INVALID_POINTER_WRITE_c0000005__unknown+1734f8b5__e9127821a6a38dfe.png,WRITE
faststone,fsviewer-INVALID_POINTER_WRITE_c0000005__unknown+1734f96d__1a885e870a90cf72.png,/Users/ebukaobi/Desktop/Arts Demands/fsviewer/fsviewer-crashes/fsviewer-INVALID_POINTER_WRITE_c0000005__unknown+1734f96d__1a885e870a90cf72.png,WRITE
faststone,fsviewer-INVALID_POINTER_WRITE_c0000005__unknown+17350050__863179fc07982ca1.png,/Users/ebukaobi/Desktop/Arts Demands/fsviewer/fsviewer-crashes/fsviewer-INVALID_POINTER_WRITE_c0000005__unknown+17350050__863179fc07982ca1.png,WRITE
faststone,fsviewer-INVALID_POINTER_WRITE_c0000005__unknown+1735f9d4__43d3b47d6582d27e.png,/Users/ebukaobi/Desktop/Arts Demands/fsviewer/fsviewer-crashes/fsviewer-INVALID_POINTER_WRITE_c0000005__unknown+1735f9d4__43d3b47d6582d27e.png,WRITE
faststone,fsviewer-INVALID_POINTER_WRITE_c0000005__unknown+1735fd1d__f9362248dd4ab1c8.png,/Users/ebukaobi/Desktop/Arts Demands/fsviewer/fsviewer-crashes/fsviewer-INVALID_POINTER_WRITE_c0000005__unknown+1735fd1d__f9362248dd4ab1c8.png,DoS
faststone,fsviewer-INVALID_POINTER_WRITE_c0000005__unknown+17367e3c__799369ffc1b9d3ba.png,/Users/ebukaobi/Desktop/Arts Demands/fsviewer/fsviewer-crashes/fsviewer-INVALID_POINTER_WRITE_c0000005__unknown+17367e3c__799369ffc1b9d3ba.png,DoS
faststone,fsviewer-INVALID_POINTER_WRITE_c0000005__unknown+1736f50c__1768e48f4f0f04cc.png,/Users/ebukaobi/Desktop/Arts Demands/fsviewer/fsviewer-crashes/fsviewer-INVALID_POINTER_WRITE_c0000005__unknown+1736f50c__1768e48f4f0f04cc.png,WRITE
faststone,fsviewer-INVALID_POINTER_WRITE_c0000005__unknown+17370094__7b3507ad37d38bb9.png,/Users/ebukaobi/Desktop/Arts Demands/fsviewer/fsviewer-crashes/fsviewer-INVALID_POINTER_WRITE_c0000005__unknown+17370094__7b3507ad37d38bb9.png,DoS
faststone,fsviewer-INVALID_POINTER_WRITE_c0000005__unknown+17376988__a6bada0f593f3e8d.png,/Users/ebukaobi/Desktop/Arts Demands/fsviewer/fsviewer-crashes/fsviewer-INVALID_POINTER_WRITE_c0000005__unknown+17376988__a6bada0f593f3e8d.png,DoS
faststone,fsviewer-INVALID_POINTER_WRITE_c0000005__unknown+1737b887__3aaa2001f716d906.png,/Users/ebukaobi/Desktop/Arts Demands/fsviewer/fsviewer-crashes/fsviewer-INVALID_POINTER_WRITE_c0000005__unknown+1737b887__3aaa2001f716d906.png,WRITE
faststone,fsviewer-INVALID_POINTER_WRITE_c0000005__unknown+1737d27c__566ab6d5e0f15a27.png,/Users/ebukaobi/Desktop/Arts Demands/fsviewer/fsviewer-crashes/fsviewer-INVALID_POINTER_WRITE_c0000005__unknown+1737d27c__566ab6d5e0f15a27.png,WRITE
faststone,fsviewer-INVALID_POINTER_WRITE_c0000005__unknown+1737f52d__30c088582150de2e.png,/Users/ebukaobi/Desktop/Arts Demands/fsviewer/fsviewer-crashes/fsviewer-INVALID_POINTER_WRITE_c0000005__unknown+1737f52d__30c088582150de2e.png,WRITE
faststone,fsviewer-INVALID_POINTER_WRITE_c0000005__unknown+1737fe4b__9a6f93e0e279acdd.png,/Users/ebukaobi/Desktop/Arts Demands/fsviewer/fsviewer-crashes/fsviewer-INVALID_POINTER_WRITE_c0000005__unknown+1737fe4b__9a6f93e0e279acdd.png,DoS
faststone,fsviewer-INVALID_POINTER_WRITE_c0000005__unknown+17383986__5507de80cc42aa2d.png,/Users/ebukaobi/Desktop/Arts Demands/fsviewer/fsviewer-crashes/fsviewer-INVALID_POINTER_WRITE_c0000005__unknown+17383986__5507de80cc42aa2d.png,WRITE
faststone,fsviewer-INVALID_POINTER_WRITE_c0000005__unknown+1738aee2__24ddb57c0abe3f5c.png,/Users/ebukaobi/Desktop/Arts Demands/fsviewer/fsviewer-crashes/fsviewer-INVALID_POINTER_WRITE_c0000005__unknown+1738aee2__24ddb57c0abe3f5c.png,WRITE
faststone,fsviewer-INVALID_POINTER_WRITE_c0000005__unknown+1738b731__a006cde39dd299af.png,/Users/ebukaobi/Desktop/Arts Demands/fsviewer/fsviewer-crashes/fsviewer-INVALID_POINTER_WRITE_c0000005__unknown+1738b731__a006cde39dd299af.png,WRITE
faststone,fsviewer-INVALID_POINTER_WRITE_c0000005__unknown+1738dc28__8498939cf2ec5c7e.png,/Users/ebukaobi/Desktop/Arts Demands/fsviewer/fsviewer-crashes/fsviewer-INVALID_POINTER_WRITE_c0000005__unknown+1738dc28__8498939cf2ec5c7e.png,WRITE
faststone,fsviewer-INVALID_POINTER_WRITE_c0000005__unknown+1738eb19__b61b2627c55827ad.png,/Users/ebukaobi/Desktop/Arts Demands/fsviewer/fsviewer-crashes/fsviewer-INVALID_POINTER_WRITE_c0000005__unknown+1738eb19__b61b2627c55827ad.png,WRITE
faststone,fsviewer-INVALID_POINTER_WRITE_c0000005__unknown+1738ee5a__64f1aa560871652e.png,/Users/ebukaobi/Desktop/Arts Demands/fsviewer/fsviewer-crashes/fsviewer-INVALID_POINTER_WRITE_c0000005__unknown+1738ee5a__64f1aa560871652e.png,DoS
faststone,fsviewer-INVALID_POINTER_WRITE_c0000005__unknown+1739a9f0__bf44171caf684ed0.png,/Users/ebukaobi/Desktop/Arts Demands/fsviewer/fsviewer-crashes/fsviewer-INVALID_POINTER_WRITE_c0000005__unknown+1739a9f0__bf44171caf684ed0.png,DoS
faststone,fsviewer-INVALID_POINTER_WRITE_c0000005__unknown+1739fc21__de8500dc2b1290d5.png,/Users/ebukaobi/Desktop/Arts Demands/fsviewer/fsviewer-crashes/fsviewer-INVALID_POINTER_WRITE_c0000005__unknown+1739fc21__de8500dc2b1290d5.png,WRITE
faststone,fsviewer-INVALID_POINTER_WRITE_c0000005__unknown+1739fc9d__e7651011e8ff6ab5.png,/Users/ebukaobi/Desktop/Arts Demands/fsviewer/fsviewer-crashes/fsviewer-INVALID_POINTER_WRITE_c0000005__unknown+1739fc9d__e7651011e8ff6ab5.png,WRITE
faststone,fsviewer-INVALID_POINTER_WRITE_c0000005__unknown+173aec18__b077a241bfe18148.png,/Users/ebukaobi/Desktop/Arts Demands/fsviewer/fsviewer-crashes/fsviewer-INVALID_POINTER_WRITE_c0000005__unknown+173aec18__b077a241bfe18148.png,DoS
faststone,fsviewer-INVALID_POINTER_WRITE_c0000005__unknown+173aed81__5789d038715a4ddf.png,/Users/ebukaobi/Desktop/Arts Demands/fsviewer/fsviewer-crashes/fsviewer-INVALID_POINTER_WRITE_c0000005__unknown+173aed81__5789d038715a4ddf.png,WRITE
faststone,fsviewer-INVALID_POINTER_WRITE_c0000005__unknown+173af1fa__7d25ef076f1a36b3.png,/Users/ebukaobi/Desktop/Arts Demands/fsviewer/fsviewer-crashes/fsviewer-INVALID_POINTER_WRITE_c0000005__unknown+173af1fa__7d25ef076f1a36b3.png,WRITE
faststone,fsviewer-INVALID_POINTER_WRITE_c0000005__unknown+173bf1da__98c91257857bc33d.png,/Users/ebukaobi/Desktop/Arts Demands/fsviewer/fsviewer-crashes/fsviewer-INVALID_POINTER_WRITE_c0000005__unknown+173bf1da__98c91257857bc33d.png,DoS
faststone,fsviewer-INVALID_POINTER_WRITE_c0000005__unknown+173cac35__e17844f80fdf973b.png,/Users/ebukaobi/Desktop/Arts Demands/fsviewer/fsviewer-crashes/fsviewer-INVALID_POINTER_WRITE_c0000005__unknown+173cac35__e17844f80fdf973b.png,WRITE
faststone,fsviewer-INVALID_POINTER_WRITE_c0000005__unknown+173cebf8__4cf6e8c6487fb291.png,/Users/ebukaobi/Desktop/Arts Demands/fsviewer/fsviewer-crashes/fsviewer-INVALID_POINTER_WRITE_c0000005__unknown+173cebf8__4cf6e8c6487fb291.png,DoS
faststone,fsviewer-INVALID_POINTER_WRITE_c0000005__unknown+173cee8e__9117f0c46ff13e58.png,/Users/ebukaobi/Desktop/Arts Demands/fsviewer/fsviewer-crashes/fsviewer-INVALID_POINTER_WRITE_c0000005__unknown+173cee8e__9117f0c46ff13e58.png,DoS
faststone,fsviewer-INVALID_POINTER_WRITE_c0000005__unknown+173cf3f6__a234fa31e00161a5.png,/Users/ebukaobi/Desktop/Arts Demands/fsviewer/fsviewer-crashes/fsviewer-INVALID_POINTER_WRITE_c0000005__unknown+173cf3f6__a234fa31e00161a5.png,WRITE
faststone,fsviewer-INVALID_POINTER_WRITE_c0000005__unknown+173deced__e73c75743c2e064c.png,/Users/ebukaobi/Desktop/Arts Demands/fsviewer/fsviewer-crashes/fsviewer-INVALID_POINTER_WRITE_c0000005__unknown+173deced__e73c75743c2e064c.png,WRITE
faststone,fsviewer-INVALID_POINTER_WRITE_c0000005__unknown+173dfc12__298e646b5524ef04.png,/Users/ebukaobi/Desktop/Arts Demands/fsviewer/fsviewer-crashes/fsviewer-INVALID_POINTER_WRITE_c0000005__unknown+173dfc12__298e646b5524ef04.png,DoS
faststone,fsviewer-INVALID_POINTER_WRITE_c0000005__unknown+173e6647__a60246a3537afbd6.png,/Users/ebukaobi/Desktop/Arts Demands/fsviewer/fsviewer-crashes/fsviewer-INVALID_POINTER_WRITE_c0000005__unknown+173e6647__a60246a3537afbd6.png,WRITE
faststone,fsviewer-INVALID_POINTER_WRITE_c0000005__unknown+173ee5ef__a78b556ba4362bf7.png,/Users/ebukaobi/Desktop/Arts Demands/fsviewer/fsviewer-crashes/fsviewer-INVALID_POINTER_WRITE_c0000005__unknown+173ee5ef__a78b556ba4362bf7.png,WRITE
faststone,fsviewer-INVALID_POINTER_WRITE_c0000005__unknown+173eed30__4dc73f53156771e1.png,/Users/ebukaobi/Desktop/Arts Demands/fsviewer/fsviewer-crashes/fsviewer-INVALID_POINTER_WRITE_c0000005__unknown+173eed30__4dc73f53156771e1.png,DoS
faststone,fsviewer-INVALID_POINTER_WRITE_c0000005__unknown+173ef5b2__2d5b3c1e03f8ddec.png,/Users/ebukaobi/Desktop/Arts Demands/fsviewer/fsviewer-crashes/fsviewer-INVALID_POINTER_WRITE_c0000005__unknown+173ef5b2__2d5b3c1e03f8ddec.png,WRITE
faststone,fsviewer-INVALID_POINTER_WRITE_c0000005__unknown+173efa9c__9b034f3562dad047.png,/Users/ebukaobi/Desktop/Arts Demands/fsviewer/fsviewer-crashes/fsviewer-INVALID_POINTER_WRITE_c0000005__unknown+173efa9c__9b034f3562dad047.png,WRITE
faststone,fsviewer-INVALID_POINTER_WRITE_c0000005__unknown+173feff2__ce2a310ad9833b30.png,/Users/ebukaobi/Desktop/Arts Demands/fsviewer/fsviewer-crashes/fsviewer-INVALID_POINTER_WRITE_c0000005__unknown+173feff2__ce2a310ad9833b30.png,WRITE
faststone,fsviewer-INVALID_POINTER_WRITE_c0000005__unknown+173ffa33__ff6cf5be840a20df.png,/Users/ebukaobi/Desktop/Arts Demands/fsviewer/fsviewer-crashes/fsviewer-INVALID_POINTER_WRITE_c0000005__unknown+173ffa33__ff6cf5be840a20df.png,WRITE
faststone,fsviewer-INVALID_POINTER_WRITE_c0000005__unknown+1740a36e__454294710abeaad9.png,/Users/ebukaobi/Desktop/Arts Demands/fsviewer/fsviewer-crashes/fsviewer-INVALID_POINTER_WRITE_c0000005__unknown+1740a36e__454294710abeaad9.png,WRITE
faststone,fsviewer-INVALID_POINTER_WRITE_c0000005__unknown+1740ee6a__e003266927f632e7.png,/Users/ebukaobi/Desktop/Arts Demands/fsviewer/fsviewer-crashes/fsviewer-INVALID_POINTER_WRITE_c0000005__unknown+1740ee6a__e003266927f632e7.png,WRITE
faststone,fsviewer-INVALID_POINTER_WRITE_c0000005__unknown+1740ee7d__d3f2ae9cdaa5c9f3.png,/Users/ebukaobi/Desktop/Arts Demands/fsviewer/fsviewer-crashes/fsviewer-INVALID_POINTER_WRITE_c0000005__unknown+1740ee7d__d3f2ae9cdaa5c9f3.png,WRITE
faststone,fsviewer-INVALID_POINTER_WRITE_c0000005__unknown+1740f06d__a1b5a62b84aeda74.png,/Users/ebukaobi/Desktop/Arts Demands/fsviewer/fsviewer-crashes/fsviewer-INVALID_POINTER_WRITE_c0000005__unknown+1740f06d__a1b5a62b84aeda74.png,WRITE
faststone,fsviewer-INVALID_POINTER_WRITE_c0000005__unknown+1740f7e1__a3783fd5a497ea01.png,/Users/ebukaobi/Desktop/Arts Demands/fsviewer/fsviewer-crashes/fsviewer-INVALID_POINTER_WRITE_c0000005__unknown+1740f7e1__a3783fd5a497ea01.png,WRITE
faststone,fsviewer-INVALID_POINTER_WRITE_c0000005__unknown+1741f6e3__c3f372ced63f2024.png,/Users/ebukaobi/Desktop/Arts Demands/fsviewer/fsviewer-crashes/fsviewer-INVALID_POINTER_WRITE_c0000005__unknown+1741f6e3__c3f372ced63f2024.png,WRITE
faststone,fsviewer-INVALID_POINTER_WRITE_c0000005__unknown+1742ed02__d23f204fae544f73.png,/Users/ebukaobi/Desktop/Arts Demands/fsviewer/fsviewer-crashes/fsviewer-INVALID_POINTER_WRITE_c0000005__unknown+1742ed02__d23f204fae544f73.png,WRITE
faststone,fsviewer-INVALID_POINTER_WRITE_c0000005__unknown+1743ecd5__5a7a4cb3e7d4c191.png,/Users/ebukaobi/Desktop/Arts Demands/fsviewer/fsviewer-crashes/fsviewer-INVALID_POINTER_WRITE_c0000005__unknown+1743ecd5__5a7a4cb3e7d4c191.png,WRITE
faststone,fsviewer-INVALID_POINTER_WRITE_c0000005__unknown+1743f458__20c1e0917004304f.png,/Users/ebukaobi/Desktop/Arts Demands/fsviewer/fsviewer-crashes/fsviewer-INVALID_POINTER_WRITE_c0000005__unknown+1743f458__20c1e0917004304f.png,WRITE
faststone,fsviewer-INVALID_POINTER_WRITE_c0000005__unknown+1744f0a1__b73b8fc2e9b32bd0.png,/Users/ebukaobi/Desktop/Arts Demands/fsviewer/fsviewer-crashes/fsviewer-INVALID_POINTER_WRITE_c0000005__unknown+1744f0a1__b73b8fc2e9b32bd0.png,WRITE
faststone,fsviewer-INVALID_POINTER_WRITE_c0000005__unknown+17465b18__5cc63093b299e016.png,/Users/ebukaobi/Desktop/Arts Demands/fsviewer/fsviewer-crashes/fsviewer-INVALID_POINTER_WRITE_c0000005__unknown+17465b18__5cc63093b299e016.png,WRITE
faststone,fsviewer-INVALID_POINTER_WRITE_c0000005__unknown+1746fc6d__ec3dfb9979e87802.png,/Users/ebukaobi/Desktop/Arts Demands/fsviewer/fsviewer-crashes/fsviewer-INVALID_POINTER_WRITE_c0000005__unknown+1746fc6d__ec3dfb9979e87802.png,WRITE
faststone,fsviewer-INVALID_POINTER_WRITE_c0000005__unknown+174ae6a0__2db5b936dd9a444f.png,/Users/ebukaobi/Desktop/Arts Demands/fsviewer/fsviewer-crashes/fsviewer-INVALID_POINTER_WRITE_c0000005__unknown+174ae6a0__2db5b936dd9a444f.png,WRITE
faststone,fsviewer-INVALID_POINTER_WRITE_c0000005__unknown+174aed9e__422050c2c9272a66.png,/Users/ebukaobi/Desktop/Arts Demands/fsviewer/fsviewer-crashes/fsviewer-INVALID_POINTER_WRITE_c0000005__unknown+174aed9e__422050c2c9272a66.png,WRITE
faststone,fsviewer-unknown-crash__5d86c362fad0baa0.png,/Users/ebukaobi/Desktop/Arts Demands/fsviewer/fsviewer-crashes/fsviewer-unknown-crash__5d86c362fad0baa0.png,DoS
