target,filename,cls,decl_max,decl_over_size,decl_exceeds,decl_gt16,decl_gt31,decl_trunc16_zero,unbalanced,unbalanced_abs,max_depth,unclosed_quote,dangling_escape,quote_count,escape_count,open_comment,ends_in_escape,ends_in_quote,size,printable,digits,nulls,max_run,max_token,entropy,high_bytes
faststone,fsviewer-ACCESS_VIOLATION_READ_c0000005__fsviewer+1b8d88__973c7e695fcb75af.png,READ,1099511627776,1000000.0,199,124,24,6,0,0,0,1,0,9,0,0,0,0,505,0.7881188118811882,0.0891089108910891,27,13,56,5.81459883570364,0.06534653465346535
faststone,fsviewer-ACCESS_VIOLATION_READ_c0000005__fsviewer+25c0df__6c1de374ca86f923.png,WRITE,4098425601,1000000.0,128,66,5,0,0,0,0,0,0,0,0,0,0,0,37,0.08108108108108109,0.0,3,5,21,2.0527827577512534,0.08108108108108109
faststone,fsviewer-ACCESS_VIOLATION_READ_c0000005__fsviewer+2c847__58e7d6933c851a6a.png,WRITE,4273124018,1000000.0,94,48,8,0,0,0,0,0,0,0,0,0,0,0,28,0.07142857142857142,0.0,1,12,25,1.9568714389102795,0.14285714285714285
faststone,fsviewer-ACCESS_VIOLATION_READ_c0000005__fsviewer+2d4c7__6e2ada61f89dfb81.png,WRITE,4111008001,1000000.0,70,36,2,0,0,0,0,0,0,0,0,0,0,0,22,0.0,0.0,1,8,7,1.6388067184095578,0.045454545454545456
faststone,fsviewer-ACCESS_VIOLATION_READ_c0000005__fsviewer+2d53__08905e104cb060a7.png,WRITE,4286578965,1000000.0,245,124,22,4,0,0,0,1,0,1,0,0,0,0,74,0.43243243243243246,0.02702702702702703,9,5,26,4.7006075364739655,0.16216216216216217
faststone,fsviewer-ACCESS_VIOLATION_READ_c0000005__fsviewer+2d5a__f7f3329c9e2c8072.png,WRITE,4294967295,1000000.0,243,124,34,4,0,0,0,0,0,2,0,0,0,0,115,0.40869565217391307,0.017391304347826087,11,13,52,4.028105414659496,0.17391304347826086
faststone,fsviewer-ACCESS_VIOLATION_READ_c0000005__fsviewer+3fd4__3560d8e43d7c0b18.png,DoS,4077974258,1000000.0,140,70,41,4,0,0,0,0,0,0,0,0,0,0,41,0.0,0.0,4,7,41,3.2491258589138288,0.5609756097560976
faststone,fsviewer-ACCESS_VIOLATION_READ_c0000005__fsviewer+5e10d3__7d5bfe48d9e4e4cf.png,WRITE,4294967168,1000000.0,96,48,14,8,0,0,0,0,0,0,0,0,0,0,33,0.09090909090909091,0.0,7,4,30,2.5211524286140787,0.21212121212121213
faststone,fsviewer-ACCESS_VIOLATION_READ_c0000005__fsviewer+92bd__276908cbc9a65178.png,DoS,4294967060,1000000.0,54,28,14,0,0,0,0,0,0,0,0,0,0,0,18,0.05555555555555555,0.0,3,3,15,3.2390979179887864,0.3888888888888889
faststone,fsviewer-ACCESS_VIOLATION_READ_c0000005__fsviewer+9590__d0bfaa70abe26b0b.png,DoS,4292411263,1000000.0,184,92,17,0,4,4,4,0,0,0,0,0,0,0,50,0.76,0.16,0,6,21,4.180392924099245,0.22
faststone,fsviewer-ACCESS_VIOLATION_READ_c0000005__fsviewer+95a7__ebd67f43cc1d6ba3.png,DoS,4293021169,1000000.0,56,28,20,0,0,0,0,0,0,0,0,0,0,0,18,0.1111111111111111,0.0,0,3,18,2.816340113853408,0.7222222222222222
faststone,fsviewer-ACCESS_VIOLATION_READ_c0000005__fsviewer+965a__fe26943605658116.png,WRITE,4043416592,1000000.0,246,122,50,6,0,0,0,1,0,1,0,0,0,0,72,0.2638888888888889,0.0,5,4,19,3.745155859068851,0.4027777777777778
faststone,fsviewer-ACCESS_VIOLATION_READ_c0000005__fsviewer+c360f__b495a6320a2860d5.png,READ,2757516380,1000000.0,256,128,4,0,0,0,0,1,0,1,24,0,0,0,195,0.5230769230769231,0.005128205128205128,13,9,24,4.327279495351793,0.10256410256410256
faststone,fsviewer-ACCESS_VIOLATION_READ_c0000005__ntdll+44834__d0abdc101a57dcf6.png,DoS,4290136393,1000000.0,230,118,8,8,0,0,0,0,0,4,0,0,0,0,286,0.541958041958042,0.013986013986013986,22,14,46,5.575673426904505,0.2097902097902098
faststone,fsviewer-ACCESS_VIOLATION_READ_c0000005__ntdll+4d002__4c9221fb4345519c.png,WRITE,3909157197,1000000.0,114,58,21,0,0,0,0,0,0,0,0,0,0,0,33,0.12121212121212122,0.0,1,4,19,3.126122334243106,0.3333333333333333
faststone,fsviewer-ACCESS_VIOLATION_READ_c0000005__unknown+167069ba__34ad746fb800c801.png,WRITE,4294967117,1000000.0,50,26,10,2,0,0,0,0,0,0,0,0,0,0,18,0.1111111111111111,0.0,6,3,18,2.4885548621928453,0.2777777777777778
faststone,fsviewer-ACCESS_VIOLATION_READ_c0000005__unknown+167569ba__5a2e44fc4952a302.png,DoS,4294967295,1000000.0,205,109,26,15,-1,1,0,1,0,1,0,0,0,0,292,0.5205479452054794,0.023972602739726026,46,16,49,5.23633623304549,0.1506849315068493
faststone,fsviewer-ACCESS_VIOLATION_READ_c0000005__unknown+167769ba__857e13f97e097afc.png,WRITE,3976464665,1000000.0,98,52,2,8,0,0,0,0,0,0,0,0,0,0,35,0.08571428571428572,0.0,11,4,9,2.9196270077976934,0.02857142857142857
faststone,fsviewer-ACCESS_VIOLATION_READ_c0000005__unknown+168269ba__38ab402e42e2127e.png,DoS,4227513191,1000000.0,52,28,10,0,0,0,0,0,0,0,0,0,0,0,18,0.16666666666666666,0.0,3,2,18,3.0441104177484006,0.2777777777777778
faststone,fsviewer-ACCESS_VIOLATION_READ_c0000005__unknown+168569ba__65b3e87f5cdc4c09.png,WRITE,4294905856,1000000.0,48,24,10,4,0,0,0,0,0,0,0,0,0,0,18,0.1111111111111111,0.0,5,3,18,2.858278308418045,0.2777777777777778
faststone,fsviewer-ACCESS_VIOLATION_READ_c0000005__unknown+168669ba__036aa1a3efe3cb2b.png,WRITE,4244907780,1000000.0,132,67,18,5,0,0,0,0,0,0,0,0,0,0,40,0.125,0.0,8,8,22,2.539353872167201,0.225
faststone,fsviewer-ACCESS_VIOLATION_READ_c0000005__unknown+168769ba__a42846b83d2eb5d2.png,WRITE,4294443040,1000000.0,219,112,23,2,0,0,0,0,0,0,0,0,0,0,61,0.22950819672131148,0.0,6,9,24,3.3657664086343186,0.19672131147540983
faststone,fsviewer-ACCESS_VIOLATION_READ_c0000005__unknown+16a969ba__0d98cbf77e30f8b9.png,WRITE,4294443052,1000000.0,171,89,14,1,0,0,0,0,0,0,0,0,0,0,49,0.12244897959183673,0.0,6,7,20,2.8977162941742165,0.14285714285714285
faststone,fsviewer-ACCESS_VIOLATION_READ_c0000005__unknown+16ad69ba__57d2e59afde27ae4.png,DoS,4294967295,1000000.0,71,37,16,1,-1,1,0,0,0,0,0,0,0,0,23,0.21739130434782608,0.0,4,4,14,2.9255233690064273,0.391304347826087
faststone,fsviewer-ACCESS_VIOLATION_READ_c0000005__unknown+16af69ba__69875c73993bff59.png,DoS,3800072194,1000000.0,52,26,12,2,0,0,0,0,0,0,0,0,0,0,18,0.16666666666666666,0.0,4,2,15,3.169925001442312,0.3333333333333333
faststone,fsviewer-ACCESS_VIOLATION_READ_c0000005__unknown+16bb69ba__7d227f40be626040.png,DoS,4290118660,1000000.0,160,85,7,1,0,0,0,0,0,0,0,0,0,0,47,0.0851063829787234,0.02127659574468085,7,10,27,3.259050225891877,0.10638297872340426
faststone,fsviewer-ACCESS_VIOLATION_READ_c0000005__unknown+16bc69ba__a1aee5d5697b30a3.png,WRITE,4290118633,1000000.0,203,107,19,3,0,0,0,0,0,0,0,0,0,0,59,0.1864406779661017,0.03389830508474576,11,3,32,3.7636322914679714,0.1864406779661017
faststone,fsviewer-ACCESS_VIOLATION_READ_c0000005__unknown+16be6ec6__dba31a7180765c83.png,READ,4292346328,1000000.0,237,124,35,4,0,0,0,0,0,0,0,0,0,0,173,0.26011560693641617,0.017341040462427744,38,7,65,4.774370810027261,0.2774566473988439
faststone,fsviewer-ACCESS_VIOLATION_READ_c0000005__unknown+16bf69ba__e8bf6af9bd9b8d01.png,DoS,4294967055,1000000.0,226,112,46,14,2,2,2,0,0,0,0,0,0,0,77,0.14285714285714285,0.0,20,4,26,3.9641999726982142,0.33766233766233766
faststone,fsviewer-ACCESS_VIOLATION_READ_c0000005__unknown+16c069ba__2ee000194dea0a38.png,DoS,4261478657,1000000.0,53,26,7,4,0,0,0,0,0,0,0,0,0,0,19,0.0,0.0,5,3,19,2.268472751631122,0.2631578947368421
faststone,fsviewer-ACCESS_VIOLATION_READ_c0000005__unknown+16c269ba__fd610154ff7abde1.png,DoS,4294967295,1000000.0,71,37,19,1,-1,1,0,0,0,0,0,0,0,0,23,0.13043478260869565,0.0,4,4,7,2.4342685732304794,0.5217391304347826
faststone,fsviewer-ACCESS_VIOLATION_READ_c0000005__unknown+16c369ba__3238da1cea8b646f.png,WRITE,4294967295,1000000.0,101,52,10,8,0,0,0,0,0,0,0,0,0,0,35,0.05714285714285714,0.0,10,4,12,2.8227385611392357,0.2
faststone,fsviewer-ACCESS_VIOLATION_READ_c0000005__unknown+16c469ba__4e988b621bacfb1d.png,DoS,4294967168,1000000.0,56,28,13,0,0,0,0,0,0,0,0,0,0,0,18,0.2777777777777778,0.0,2,3,18,2.974937501201927,0.3888888888888889
faststone,fsviewer-ACCESS_VIOLATION_READ_c0000005__unknown+16cc69ba__a074b30c97bd8b33.png,WRITE,4294934528,1000000.0,165,85,19,3,0,0,0,0,0,0,0,0,0,0,48,0.020833333333333332,0.0,7,15,45,2.5428032804937777,0.25
faststone,fsviewer-ACCESS_VIOLATION_READ_c0000005__unknown+16d069ba__5491ae0941b5dd3a.png,WRITE,4244907780,1000000.0,132,69,4,3,0,0,0,0,0,0,0,0,0,0,40,0.125,0.0,7,5,17,2.9246702095890944,0.075
faststone,fsviewer-ACCESS_VIOLATION_READ_c0000005__unknown+16d06ec6__1e6aeb664a37ca85.png,DoS,4294184265,1000000.0,240,129,16,0,0,0,0,0,0,0,0,0,0,0,362,0.7044198895027625,0.052486187845303865,18,10,20,5.359303170060219,0.06077348066298342
faststone,fsviewer-ACCESS_VIOLATION_READ_c0000005__unknown+16d169ba__1b26f0f263950be3.png,WRITE,3976464665,1000000.0,115,60,2,8,0,0,0,0,0,0,0,0,0,0,38,0.02631578947368421,0.0,10,3,14,2.8787718224949708,0.02631578947368421
faststone,fsviewer-ACCESS_VIOLATION_READ_c0000005__unknown+16d16ec6__99635712cf2c2253.png,READ,4292411352,1000000.0,169,86,22,28,0,0,0,1,0,3,0,0,0,0,248,0.5725806451612904,0.04838709677419355,40,9,52,5.785996065698734,0.14919354838709678
faststone,fsviewer-ACCESS_VIOLATION_READ_c0000005__unknown+16d36ec6__f7c06e850f117631.png,READ,4292346328,1000000.0,230,120,29,8,0,0,0,0,0,0,0,0,0,0,149,0.2483221476510067,0.006711409395973154,37,7,67,4.706628857469412,0.2483221476510067
faststone,fsviewer-ACCESS_VIOLATION_READ_c0000005__unknown+16d569ba__bdeb62420313e492.png,WRITE,4286514180,1000000.0,185,93,22,3,0,0,0,0,0,0,0,0,0,0,52,0.11538461538461539,0.0,6,8,28,3.350047453530418,0.21153846153846154
faststone,fsviewer-ACCESS_VIOLATION_READ_c0000005__unknown+16d669ba__5945a7aa33b12cfd.png,WRITE,4286578548,1000000.0,225,114,31,14,-1,1,0,0,0,0,0,0,0,0,123,0.34959349593495936,0.0,41,14,58,3.60158881015751,0.17073170731707318
faststone,fsviewer-ACCESS_VIOLATION_READ_c0000005__unknown+170fbf94__20b9351344240e73.png,DoS,4278238062,1000000.0,55,28,6,0,0,0,0,0,0,0,0,0,0,0,18,0.2777777777777778,0.0,2,3,18,2.8218881955261788,0.16666666666666666
faststone,fsviewer-ACCESS_VIOLATION_READ_c0000005__unknown+1712b537__8a37b1cca2bb5335.png,DoS,4294967295,1000000.0,186,91,60,11,0,0,0,0,0,0,0,0,0,0,126,0.12698412698412698,0.0,45,15,59,3.5815736968150422,0.3333333333333333
faststone,fsviewer-ACCESS_VIOLATION_READ_c0000005__unknown+1713ad41__0b78328370a6c8ce.png,DoS,4294967295,1000000.0,182,91,40,11,0,0,0,0,0,0,0,0,0,0,201,0.3681592039800995,0.004975124378109453,43,16,53,4.874709853523385,0.22885572139303484
faststone,fsviewer-ACCESS_VIOLATION_READ_c0000005__unknown+1713b754__0d55fafb01edd228.png,DoS,3563334657,1000000.0,249,128,52,0,1,1,1,0,0,0,0,0,0,0,88,0.17045454545454544,0.0,10,8,62,3.107596196556001,0.3181818181818182
faststone,fsviewer-ACCESS_VIOLATION_READ_c0000005__unknown+1713b81d__c6f1ea3965204443.png,DoS,4294902017,1000000.0,131,65,14,5,0,0,0,0,0,0,0,0,0,0,40,0.075,0.0,8,13,25,2.5552208323774015,0.175
faststone,fsviewer-ACCESS_VIOLATION_READ_c0000005__unknown+1713bc15__07b0a660e2b8aaa1.png,DoS,4194369537,1000000.0,225,113,9,7,0,0,0,0,0,0,0,0,0,0,104,0.6826923076923077,0.11538461538461539,16,7,43,4.98741108431012,0.0673076923076923
faststone,fsviewer-ACCESS_VIOLATION_READ_c0000005__unknown+1715b7d8__bb34fee0a0a7d132.png,DoS,4294967295,1000000.0,173,85,42,13,0,0,0,0,0,0,0,0,0,0,117,0.28205128205128205,0.0,32,16,37,3.445909396056853,0.26495726495726496
faststone,fsviewer-ACCESS_VIOLATION_READ_c0000005__unknown+1716b8f9__d5e7e55339f41bd4.png,DoS,4294287872,1000000.0,235,123,15,5,0,0,0,0,0,0,0,0,0,0,87,0.16091954022988506,0.011494252873563218,22,16,30,3.275370208667504,0.14942528735632185
faststone,fsviewer-ACCESS_VIOLATION_READ_c0000005__unknown+1716b998__7beccf618b131397.png,WRITE,4278313115,1000000.0,54,29,6,1,0,0,0,0,0,0,0,0,0,0,19,0.10526315789473684,0.0,4,4,10,2.6895253832100687,0.21052631578947367
faststone,fsviewer-ACCESS_VIOLATION_READ_c0000005__unknown+1717b84a__d08c85dacebdb2bf.png,DoS,4293215297,1000000.0,222,115,15,13,0,0,0,0,0,0,0,0,0,0,183,0.2185792349726776,0.01639344262295082,38,8,63,4.941180700164065,0.1912568306010929
faststone,fsviewer-ACCESS_VIOLATION_READ_c0000005__unknown+1717b8c0__4a5fa8249dc79401.png,WRITE,4292935937,1000000.0,224,113,27,15,0,0,0,0,0,0,0,0,0,0,99,0.29292929292929293,0.0,18,11,28,3.654643325433644,0.1717171717171717
faststone,fsviewer-ACCESS_VIOLATION_READ_c0000005__unknown+1718ab69__ec0bdf6065c8e8d9.png,DoS,4294312192,1000000.0,162,84,8,2,1,1,1,0,0,0,0,0,0,0,47,0.23404255319148937,0.0,7,8,35,2.899940358775551,0.0851063829787234
faststone,fsviewer-ACCESS_VIOLATION_READ_c0000005__unknown+1718b8a1__86dc40d57dd48bfd.png,DoS,4292935681,1000000.0,93,49,10,5,0,0,0,0,0,0,0,0,0,0,31,0.0967741935483871,0.0,9,3,19,2.872605180935881,0.1935483870967742
faststone,fsviewer-ACCESS_VIOLATION_READ_c0000005__unknown+1719c20a__b7c354d033c9919e.png,DoS,4294967295,1000000.0,173,85,44,13,0,0,0,0,0,0,0,0,0,0,112,0.24107142857142858,0.0,32,16,37,3.371806489567844,0.2767857142857143
faststone,fsviewer-ACCESS_VIOLATION_READ_c0000005__unknown+171a4bd2__f8d3304493fff210.png,WRITE,2131296513,1000000.0,106,50,0,8,0,0,0,0,0,0,0,0,0,0,33,0.3939393939393939,0.0,10,11,15,2.399756884392275,0.0
faststone,fsviewer-ACCESS_VIOLATION_READ_c0000005__unknown+171bb7d8__91c66edcd6adeca5.png,DoS,4294967084,1000000.0,227,113,41,13,0,0,0,0,0,0,0,0,0,0,67,0.2835820895522388,0.0,14,5,32,3.878326410328668,0.31343283582089554
faststone,fsviewer-ACCESS_VIOLATION_READ_c0000005__unknown+171bc19c__df7dac7edf66652c.png,DoS,4294967295,1000000.0,164,79,57,11,0,0,0,0,0,0,0,0,0,0,133,0.11278195488721804,0.0,43,22,50,3.2384205555443226,0.39849624060150374
faststone,fsviewer-ACCESS_VIOLATION_READ_c0000005__unknown+171cc2b9__37ca7b74b8ac9693.png,DoS,4293215297,1000000.0,211,107,20,21,-1,1,0,0,0,0,0,0,0,0,228,0.18421052631578946,0.0,69,8,39,4.549645438056501,0.24561403508771928
faststone,fsviewer-ACCESS_VIOLATION_READ_c0000005__unknown+171db8eb__e446ae62224a16a6.png,DoS,4294967295,1000000.0,249,127,44,1,0,0,0,0,0,0,0,0,0,0,159,0.660377358490566,0.0,9,10,23,5.326419765993686,0.16352201257861634
faststone,fsviewer-ACCESS_VIOLATION_READ_c0000005__unknown+1724bdc4__2c24dce27a007aed.png,READ,4282731849,1000000.0,240,124,28,4,0,0,0,0,0,0,0,0,0,0,157,0.2929936305732484,0.012738853503184714,32,8,82,4.879006969793605,0.2356687898089172
faststone,fsviewer-ACCESS_VIOLATION_READ_c0000005__unknown+1726b755__f54c8905cbb94d45.png,DoS,4294967295,1000000.0,163,79,53,15,0,0,0,0,0,0,0,0,0,0,109,0.13761467889908258,0.0,38,16,53,3.0887075508795965,0.3211009174311927
faststone,fsviewer-ACCESS_VIOLATION_READ_c0000005__unknown+1727ab3f__946d1de0de81a3ff.png,DoS,4278255360,1000000.0,201,106,20,20,1,1,1,1,0,3,0,0,0,0,324,0.5123456790123457,0.037037037037037035,42,9,87,6.047724941256951,0.21296296296296297
faststone,fsviewer-ACCESS_VIOLATION_READ_c0000005__unknown+1727b7ae__e481418fda226365.png,DoS,4278256129,1000000.0,227,115,32,13,0,0,0,0,0,0,0,0,0,0,97,0.24742268041237114,0.010309278350515464,21,7,20,3.892971919464538,0.18556701030927836
faststone,fsviewer-ACCESS_VIOLATION_READ_c0000005__unknown+1727b7d8__2f02ba160f258e9e.png,READ,4244833284,1000000.0,215,106,36,20,0,0,0,1,0,3,0,0,0,0,215,0.5255813953488372,0.018604651162790697,22,14,39,5.613978566556349,0.22790697674418606
faststone,fsviewer-ACCESS_VIOLATION_READ_c0000005__unknown+1727b953__fc51c7083e8c1719.png,READ,4282731849,1000000.0,240,124,28,4,7,7,7,0,0,0,0,0,0,0,157,0.29936305732484075,0.012738853503184714,31,8,49,4.917265089370982,0.24203821656050956
faststone,fsviewer-ACCESS_VIOLATION_READ_c0000005__unknown+1727bbe8__c5f9fbdac05d6f00.png,READ,4294903814,1000000.0,241,126,32,2,0,0,0,0,0,0,0,0,0,0,149,0.2550335570469799,0.013422818791946308,30,7,74,4.891762418811573,0.2684563758389262
faststone,fsviewer-ACCESS_VIOLATION_READ_c0000005__unknown+1728ab52__a9207bb406e3882e.png,DoS,4286513152,1000000.0,209,112,24,16,0,0,0,0,0,4,0,0,0,0,525,0.6038095238095238,0.030476190476190476,71,9,81,6.058703283414745,0.15047619047619049
faststone,fsviewer-ACCESS_VIOLATION_READ_c0000005__unknown+1728aef3__a85e3e2d95aa89c6.png,READ,4294903814,1000000.0,239,126,34,2,0,0,0,1,0,1,0,0,0,0,184,0.33152173913043476,0.03260869565217391,33,7,87,5.3086378974265145,0.24456521739130435
faststone,fsviewer-ACCESS_VIOLATION_READ_c0000005__unknown+1728b853__e642245a57e3ab52.png,DoS,111111111111,1000000.0,244,130,14,0,0,0,0,1,0,3,0,0,0,0,393,0.72264631043257,0.09669211195928754,25,13,35,5.468675222880909,0.07888040712468193
faststone,fsviewer-ACCESS_VIOLATION_READ_c0000005__unknown+1728bdb9__4298affa42fbacf7.png,READ,4294902143,1000000.0,206,108,20,12,0,0,0,0,0,0,0,0,0,0,149,0.28187919463087246,0.0,46,6,35,3.951584065188411,0.20134228187919462
faststone,fsviewer-ACCESS_VIOLATION_READ_c0000005__unknown+1729ab3f__eb2c7ea54dfbf358.png,READ,4286578688,1000000.0,228,116,24,12,0,0,0,0,0,0,0,0,0,0,163,0.294478527607362,0.012269938650306749,34,12,89,4.660007918230824,0.1901840490797546
faststone,fsviewer-ACCESS_VIOLATION_READ_c0000005__unknown+1729abd5__5333ca62e3c524d8.png,READ,4244833284,1000000.0,200,102,22,24,-1,1,0,1,0,3,0,0,0,0,259,0.416988416988417,0.011583011583011582,38,10,70,5.733013326698688,0.24324324324324326
faststone,fsviewer-ACCESS_VIOLATION_READ_c0000005__unknown+172aaca1__21766bf2e2da068e.png,READ,3910979246,1000000.0,211,111,18,17,0,0,0,0,0,0,0,0,0,0,159,0.5220125786163522,0.006289308176100629,27,12,26,5.127800882933681,0.11949685534591195
faststone,fsviewer-ACCESS_VIOLATION_READ_c0000005__unknown+172ab7d8__ef6ab59367cb5fa3.png,READ,4244833284,1000000.0,208,102,22,24,0,0,0,0,0,0,0,0,0,0,195,0.28717948717948716,0.005128205128205128,48,7,45,4.660341501548889,0.17435897435897435
faststone,fsviewer-ACCESS_VIOLATION_READ_c0000005__unknown+172ab834__1b0e9948284c782f.png,DoS,4294967295,1000000.0,227,115,44,3,1,1,1,0,0,0,0,0,0,0,63,0.30158730158730157,0.0,7,10,23,3.7738537200681854,0.3492063492063492
faststone,fsviewer-ACCESS_VIOLATION_READ_c0000005__unknown+172ac15b__a98508a342d9c41c.png,DoS,4194369537,1000000.0,227,116,9,4,0,0,0,0,0,0,0,0,0,0,150,0.76,0.1,16,7,43,5.438860861522158,0.07333333333333333
faststone,fsviewer-ACCESS_VIOLATION_READ_c0000005__unknown+172b54f6__071b8294e1d6c0fe.png,DoS,4290118633,1000000.0,116,61,11,3,1,1,1,0,0,0,0,0,0,0,36,0.1388888888888889,0.027777777777777776,8,4,16,3.2817536555801707,0.19444444444444445
faststone,fsviewer-ACCESS_VIOLATION_READ_c0000005__unknown+172b5972__33e1baa89d34fee3.png,WRITE,4294934532,1000000.0,220,111,21,3,0,0,0,0,0,0,0,0,0,0,61,0.08196721311475409,0.0,7,7,21,3.328215303205179,0.18032786885245902
faststone,fsviewer-ACCESS_VIOLATION_READ_c0000005__unknown+172bab69__b54e805e0a242866.png,DoS,4282861496,1000000.0,226,113,26,15,0,0,0,1,0,1,0,0,0,0,187,0.6417112299465241,0.0213903743315508,24,7,56,5.310853439164939,0.1443850267379679
faststone,fsviewer-ACCESS_VIOLATION_READ_c0000005__unknown+172bac1b__84359734e8016e87.png,READ,4294903814,1000000.0,244,126,39,2,0,0,0,0,0,0,0,0,0,0,132,0.2878787878787879,0.015151515151515152,29,7,48,4.632006600039685,0.25
faststone,fsviewer-ACCESS_VIOLATION_READ_c0000005__unknown+172bae81__e19323bfe8095a19.png,DoS,4292873668,1000000.0,216,112,46,16,0,0,0,0,0,4,0,0,0,0,452,0.7433628318584071,0.03982300884955752,33,12,52,5.910189872282072,0.10619469026548672
faststone,fsviewer-ACCESS_VIOLATION_READ_c0000005__unknown+172bb3c7__57b2b65a2dc4234a.png,READ,4282731849,1000000.0,240,124,28,4,0,0,0,0,0,0,0,0,0,0,157,0.2929936305732484,0.012738853503184714,33,8,74,4.871485992572683,0.2356687898089172
faststone,fsviewer-ACCESS_VIOLATION_READ_c0000005__unknown+172bb876__63afe71c030cfdfe.png,READ,4286556170,1000000.0,237,124,27,4,0,0,0,0,0,0,0,0,0,0,186,0.25268817204301075,0.010752688172043012,29,7,92,5.110380172645153,0.3279569892473118
faststone,fsviewer-ACCESS_VIOLATION_READ_c0000005__unknown+172bbd55__a21c0e87ef49c917.png,READ,4282731849,1000000.0,237,124,30,4,0,0,0,0,0,0,0,0,0,0,149,0.2550335570469799,0.013422818791946308,32,7,74,4.870395696279307,0.2684563758389262
faststone,fsviewer-ACCESS_VIOLATION_READ_c0000005__unknown+172c2b32__7927354f1f2c2e93.png,DoS,11111111111,1000000.0,238,127,15,2,-5,5,0,0,0,2,0,0,0,0,393,0.6921119592875318,0.061068702290076333,35,13,50,5.522889855996243,0.10432569974554708
faststone,fsviewer-ACCESS_VIOLATION_READ_c0000005__unknown+172cac28__42489b92b3277d44.png,DoS,4261143266,1000000.0,216,118,34,10,0,0,0,0,0,2,0,0,0,0,403,0.5161290322580645,0.01488833746898263,66,8,45,5.728547113173345,0.20843672456575682
faststone,fsviewer-ACCESS_VIOLATION_READ_c0000005__unknown+172d3f6a__dd23298c4009bbd8.png,DoS,4293656585,1000000.0,144,74,12,0,0,0,0,0,0,0,0,0,0,0,41,0.0975609756097561,0.0,4,10,18,2.758100117175038,0.14634146341463414
faststone,fsviewer-ACCESS_VIOLATION_READ_c0000005__unknown+172d405f__fbc1c327390d8ed4.png,WRITE,4281113240,1000000.0,228,116,15,10,0,0,0,0,0,0,0,0,0,0,185,0.31351351351351353,0.016216216216216217,30,12,29,4.907196859337247,0.1837837837837838
faststone,fsviewer-ACCESS_VIOLATION_READ_c0000005__unknown+172dab0c__d9809b4e9fac9b78.png,READ,4294967256,1000000.0,211,114,44,14,0,0,0,0,0,2,0,0,0,0,415,0.5132530120481927,0.007228915662650603,69,12,53,5.774369002554558,0.20722891566265061
faststone,fsviewer-ACCESS_VIOLATION_READ_c0000005__unknown+172dab0f__b0cbdff9cf3d6785.png,DoS,4261137612,1000000.0,214,116,50,12,0,0,0,1,0,1,0,0,0,0,311,0.4565916398713826,0.00964630225080386,48,14,77,5.759038605701535,0.2090032154340836
faststone,fsviewer-ACCESS_VIOLATION_READ_c0000005__unknown+172db7d8__202c6fd6a8bc0f67.png,DoS,3770400551,1000000.0,225,116,6,4,0,0,0,0,0,0,0,0,0,0,183,0.7978142076502732,0.16393442622950818,16,16,55,5.3283051571760875,0.060109289617486336
faststone,fsviewer-ACCESS_VIOLATION_READ_c0000005__unknown+172deca8__7d00ec15d939c525.png,WRITE,4278720769,1000000.0,97,49,9,5,0,0,0,0,0,0,0,0,0,0,31,0.2903225806451613,0.0,5,3,28,3.7409821015340747,0.16129032258064516
faststone,fsviewer-ACCESS_VIOLATION_READ_c0000005__unknown+172e5edb__dcaa4293b673c528.png,WRITE,4294443008,1000000.0,64,33,6,3,0,0,0,0,0,0,0,0,0,0,22,0.0,0.0,5,6,19,2.313100666415769,0.13636363636363635
faststone,fsviewer-ACCESS_VIOLATION_READ_c0000005__unknown+172eb613__1b4d405ce2171213.png,READ,4294903814,1000000.0,244,126,32,2,0,0,0,0,0,0,0,0,0,0,148,0.22972972972972974,0.013513513513513514,30,8,63,4.750894247701346,0.25
faststone,fsviewer-ACCESS_VIOLATION_READ_c0000005__unknown+172eb756__c5cb1e9504376e7d.png,READ,4282731849,1000000.0,240,124,28,4,0,0,0,0,0,0,0,0,0,0,157,0.28662420382165604,0.006369426751592357,33,8,74,4.902555040716489,0.2611464968152866
faststone,fsviewer-ACCESS_VIOLATION_READ_c0000005__unknown+172eb8cf__baf3877b6db611a9.png,READ,4282741619,1000000.0,240,124,28,4,0,0,0,0,0,0,0,0,0,0,157,0.2802547770700637,0.012738853503184714,31,10,125,4.867181527462277,0.2802547770700637
faststone,fsviewer-ACCESS_VIOLATION_READ_c0000005__unknown+172ec1ed__6af04e1fde953397.png,DoS,4278257672,1000000.0,145,75,8,1,0,0,0,0,0,0,0,0,0,0,42,0.30952380952380953,0.0,4,11,26,2.9498633080646868,0.11904761904761904
faststone,fsviewer-ACCESS_VIOLATION_READ_c0000005__unknown+172f565c__c4535785b294b880.png,WRITE,4047241828,1000000.0,74,38,4,2,0,0,0,0,0,0,0,0,0,0,24,0.25,0.0,4,4,6,2.9549868557726664,0.08333333333333333
faststone,fsviewer-ACCESS_VIOLATION_READ_c0000005__unknown+172fab44__4479b551efd323d9.png,READ,4294903814,1000000.0,236,124,32,4,0,0,0,0,0,0,0,0,0,0,157,0.24203821656050956,0.012738853503184714,36,7,86,4.834434456588768,0.2484076433121019
faststone,fsviewer-ACCESS_VIOLATION_READ_c0000005__unknown+172fbb8b__c652633f2ed1f032.png,READ,4292346328,1000000.0,239,124,45,4,0,0,0,0,0,0,0,0,0,0,149,0.2550335570469799,0.013422818791946308,33,7,57,4.840429213468375,0.2483221476510067
faststone,fsviewer-ACCESS_VIOLATION_READ_c0000005__unknown+17302b42__f13b66b129ff852d.png,DoS,4281113496,1000000.0,232,126,14,2,0,0,0,0,0,4,0,0,0,0,528,0.678030303030303,0.05113636363636364,55,11,59,6.1070563128659465,0.10416666666666667
faststone,fsviewer-ACCESS_VIOLATION_READ_c0000005__unknown+17303fb1__9f16aa45f618f3b0.png,DoS,403243264,1000000.0,79,42,0,4,0,0,0,0,0,0,0,0,0,0,27,0.0,0.0,6,13,24,1.7360069464476562,0.0
faststone,fsviewer-ACCESS_VIOLATION_READ_c0000005__unknown+17312f27__98222d9117179364.png,READ,11111111111,1000000.0,238,127,16,2,-5,5,0,0,0,2,0,0,0,0,415,0.6746987951807228,0.06265060240963856,37,13,50,5.548170400741118,0.10361445783132531
faststone,fsviewer-ACCESS_VIOLATION_READ_c0000005__unknown+173140a2__54b9d0badd71ac7c.png,DoS,4294967049,1000000.0,207,105,31,3,0,0,0,0,0,0,0,0,0,0,58,0.3275862068965517,0.017241379310344827,6,15,24,3.0376410619625065,0.29310344827586204
faststone,fsviewer-ACCESS_VIOLATION_READ_c0000005__unknown+17314be0__276886c8ecb9dc5c.png,WRITE,4261212551,1000000.0,201,103,52,5,0,0,0,0,0,0,0,0,0,0,58,0.017241379310344827,0.0,7,6,50,3.1978684812789817,0.4482758620689655
faststone,fsviewer-ACCESS_VIOLATION_READ_c0000005__unknown+173151d3__4b8dfcdfdae660a3.png,DoS,4294967295,1000000.0,52,26,14,0,0,0,0,0,0,0,0,0,0,0,17,0.17647058823529413,0.0,2,6,17,2.6601297526332566,0.4117647058823529
faststone,fsviewer-ACCESS_VIOLATION_READ_c0000005__unknown+1731aefc__2e4c41f977e290f7.png,READ,4282731849,1000000.0,234,122,28,6,0,0,0,0,0,0,0,0,0,0,157,0.25477707006369427,0.012738853503184714,35,7,82,4.8644859946647045,0.24203821656050956
faststone,fsviewer-ACCESS_VIOLATION_READ_c0000005__unknown+1731b7d8__31425b4dadb07420.png,DoS,4294967295,1000000.0,167,85,37,3,0,0,0,0,0,0,0,0,0,0,48,0.3541666666666667,0.0,7,8,21,3.8571354805222495,0.3958333333333333
faststone,fsviewer-ACCESS_VIOLATION_READ_c0000005__unknown+1732429e__e423dd267e1efca0.png,DoS,4294934528,1000000.0,53,28,12,0,0,0,0,0,0,0,0,0,0,0,18,0.1111111111111111,0.0,4,2,15,3.2390979179887864,0.3333333333333333
faststone,fsviewer-ACCESS_VIOLATION_READ_c0000005__unknown+173249bb__98e6c1136c1a9a7e.png,DoS,4294312192,1000000.0,163,84,6,2,1,1,1,0,0,0,0,0,0,0,47,0.2978723404255319,0.0,7,11,35,2.8074187514224285,0.06382978723404255
faststone,fsviewer-ACCESS_VIOLATION_READ_c0000005__unknown+1732dd4f__8871804a16400b1f.png,READ,11111111111,1000000.0,238,127,15,2,-5,5,0,0,0,2,0,0,0,0,403,0.6799007444168734,0.05955334987593052,36,13,50,5.540052473906266,0.10173697270471464
faststone,fsviewer-ACCESS_VIOLATION_READ_c0000005__unknown+1732e964__a3c5974ed213ae7c.png,DoS,11111111111,1000000.0,245,127,15,2,0,0,0,0,0,2,0,0,0,0,186,0.6075268817204301,0.11290322580645161,20,11,26,5.159884705617126,0.11290322580645161
faststone,fsviewer-ACCESS_VIOLATION_READ_c0000005__unknown+173324e7__510498c73b4443c7.png,READ,4281113496,1000000.0,248,128,12,0,-4,4,0,0,0,2,0,0,0,0,168,0.6666666666666666,0.05952380952380952,12,11,40,5.13423774964113,0.125
faststone,fsviewer-ACCESS_VIOLATION_READ_c0000005__unknown+173343ce__dbe7439e0cab7eb0.png,DoS,4294246656,1000000.0,186,99,25,24,0,0,0,0,0,6,0,0,0,0,540,0.5407407407407407,0.044444444444444446,99,12,47,5.634100234348913,0.15185185185185185
faststone,fsviewer-ACCESS_VIOLATION_READ_c0000005__unknown+173357e4__c08bb04972a8282d.png,DoS,11111111111,1000000.0,238,127,15,2,-5,5,0,0,0,2,0,0,0,0,403,0.6873449131513648,0.05955334987593052,34,13,50,5.535069739488072,0.09429280397022333
faststone,fsviewer-ACCESS_VIOLATION_READ_c0000005__unknown+17335d18__9d837cdf6bcd8a6d.png,DoS,11111111111,1000000.0,239,129,15,2,0,0,0,1,0,1,0,0,0,0,503,0.5765407554671969,0.07554671968190854,63,16,50,5.554823209869762,0.14910536779324055
faststone,fsviewer-ACCESS_VIOLATION_READ_c0000005__unknown+173448c8__f7de4ba6533cfd85.png,DoS,4281113496,1000000.0,245,126,18,2,0,0,0,1,0,1,0,0,0,0,211,0.6966824644549763,0.08056872037914692,15,10,28,5.252513161815068,0.12322274881516587
faststone,fsviewer-ACCESS_VIOLATION_READ_c0000005__unknown+17345ada__e409282b9a0d2525.png,DoS,11111111111,1000000.0,238,127,16,2,0,0,0,1,0,5,0,0,0,0,444,0.6216216216216216,0.05855855855855856,42,15,26,5.764265395899354,0.08558558558558559
faststone,fsviewer-ACCESS_VIOLATION_READ_c0000005__unknown+173468f8__6bd9b04abc57efb0.png,READ,11111111111,1000000.0,237,127,13,2,-3,3,2,0,0,2,0,0,0,0,478,0.5899581589958159,0.0502092050209205,68,13,50,5.48941836051393,0.11506276150627615
faststone,fsviewer-ACCESS_VIOLATION_READ_c0000005__unknown+1734a47f__639c5c157596a987.png,READ,4294311680,1000000.0,185,112,36,12,0,0,0,1,0,3,0,0,0,0,403,0.45905707196029777,0.03722084367245657,59,12,61,5.309204698664425,0.2109181141439206
faststone,fsviewer-ACCESS_VIOLATION_READ_c0000005__unknown+17355fd1__929c39cc10ac8ad7.png,READ,4281113496,1000000.0,243,126,15,2,0,0,0,1,0,1,0,0,0,0,223,0.7040358744394619,0.06278026905829596,14,11,27,5.378100249027423,0.13004484304932734
faststone,fsviewer-ACCESS_VIOLATION_READ_c0000005__unknown+173634bb__b58aac213ae4a615.png,READ,11111111111,1000000.0,238,127,15,2,-5,5,0,0,0,2,0,0,0,0,446,0.6928251121076233,0.05605381165919283,38,11,35,5.526461195401584,0.09641255605381166
faststone,fsviewer-ACCESS_VIOLATION_READ_c0000005__unknown+173651f6__b4ff77e9f62a141b.png,WRITE,4294874260,1000000.0,244,122,35,6,0,0,0,0,0,0,0,0,0,0,79,0.02531645569620253,0.0,13,8,48,3.401666105089644,0.24050632911392406
faststone,fsviewer-ACCESS_VIOLATION_READ_c0000005__unknown+173691bd__7341babb1561da3f.png,DoS,4234448817,1000000.0,225,114,14,14,0,0,0,0,0,0,0,0,0,0,148,0.39864864864864863,0.02702702702702703,24,13,81,4.925900855602683,0.1891891891891892
faststone,fsviewer-ACCESS_VIOLATION_READ_c0000005__unknown+173709fa__924907a952610c3e.png,READ,11111111111,1000000.0,238,127,15,2,-5,5,0,0,0,2,0,0,0,0,420,0.6619047619047619,0.05714285714285714,39,13,50,5.517313332518891,0.09761904761904762
faststone,fsviewer-ACCESS_VIOLATION_READ_c0000005__unknown+17372b91__8404b8110d06bd44.png,DoS,3910926336,1000000.0,234,120,6,8,0,0,0,1,0,1,3,0,0,0,140,0.6357142857142857,0.014285714285714285,17,13,52,4.925808462468744,0.07142857142857142
faststone,fsviewer-ACCESS_VIOLATION_READ_c0000005__unknown+1737be37__f701515bcc85fdcd.png,READ,11111111111,1000000.0,238,127,15,2,0,0,0,1,0,3,0,0,0,0,415,0.6771084337349398,0.060240963855421686,37,13,50,5.526492982673787,0.09879518072289156
faststone,fsviewer-ACCESS_VIOLATION_READ_c0000005__unknown+1737e1a7__e73afd7d911355e1.png,READ,11111111111,1000000.0,238,127,15,2,-1,1,0,0,0,2,0,0,0,0,392,0.6658163265306123,0.061224489795918366,35,13,50,5.481192106997319,0.10459183673469388
faststone,fsviewer-ACCESS_VIOLATION_READ_c0000005__unknown+1737f064__fe42298f07e6fe44.png,READ,11111111111,1000000.0,238,127,15,2,-5,5,0,0,0,2,0,0,0,0,426,0.6666666666666666,0.05868544600938967,37,13,50,5.5992217689036385,0.11267605633802817
faststone,fsviewer-ACCESS_VIOLATION_READ_c0000005__unknown+17383284__12c9118c7ec78a89.png,READ,4281113496,1000000.0,243,127,14,2,0,0,0,1,0,1,0,0,0,0,235,0.6042553191489362,0.08936170212765958,27,9,35,5.226540487994185,0.09361702127659574
faststone,fsviewer-ACCESS_VIOLATION_READ_c0000005__unknown+173872f8__cb0e0717eaee0a76.png,READ,11111111111,1000000.0,246,127,15,2,0,0,0,0,0,2,0,0,0,0,175,0.5371428571428571,0.14285714285714285,24,11,26,4.635959706757328,0.10285714285714286
faststone,fsviewer-ACCESS_VIOLATION_READ_c0000005__unknown+1738ed6d__10a3a40af9494dfb.png,DoS,11111111111,1000000.0,245,127,15,2,0,0,0,1,0,3,0,0,0,0,212,0.589622641509434,0.09905660377358491,26,11,26,5.297793402458244,0.10849056603773585
faststone,fsviewer-ACCESS_VIOLATION_READ_c0000005__unknown+17392c69__805a6a0daaae3d2b.png,READ,11111111111,1000000.0,238,127,16,2,-5,5,0,0,0,2,0,0,0,0,406,0.6724137931034483,0.059113300492610835,36,13,50,5.546600592950796,0.10098522167487685
faststone,fsviewer-ACCESS_VIOLATION_READ_c0000005__unknown+17394742__966068a4ff47ae82.png,READ,111111111111,1000000.0,235,128,15,2,-4,4,0,0,0,6,0,0,0,0,669,0.6472346786248132,0.06427503736920777,63,12,59,5.9290582155308655,0.15246636771300448
faststone,fsviewer-ACCESS_VIOLATION_READ_c0000005__unknown+17395746__7722b5ee5339e8c1.png,READ,11111111111,1000000.0,239,128,16,2,0,0,0,1,0,5,0,0,0,0,439,0.6605922551252847,0.07517084282460136,36,13,41,5.487320667295246,0.0888382687927107
faststone,fsviewer-ACCESS_VIOLATION_READ_c0000005__unknown+17399512__57f902df68d0dad9.png,READ,11111111111,1000000.0,244,127,15,2,0,0,0,0,0,2,0,0,0,0,142,0.5,0.13380281690140844,20,11,25,4.820664293160124,0.18309859154929578
faststone,fsviewer-ACCESS_VIOLATION_READ_c0000005__unknown+1739a70b__98559084f60ced4d.png,READ,11111111111,1000000.0,242,127,18,2,0,0,0,1,0,3,0,0,0,0,357,0.6106442577030813,0.09523809523809523,32,11,57,5.811042933387866,0.1568627450980392
faststone,fsviewer-ACCESS_VIOLATION_READ_c0000005__unknown+1739ed84__f126638fc326effa.png,READ,4281113496,1000000.0,240,126,16,2,0,0,0,1,0,5,0,0,0,0,340,0.6735294117647059,0.05,19,12,61,5.782255064134835,0.12058823529411765
faststone,fsviewer-ACCESS_VIOLATION_READ_c0000005__unknown+1739fa51__b34592ac46ba97af.png,READ,1099511627776,1000000.0,244,127,17,2,0,0,0,1,0,1,0,0,0,0,252,0.6626984126984127,0.11904761904761904,25,15,47,4.930863985066529,0.14285714285714285
faststone,fsviewer-ACCESS_VIOLATION_READ_c0000005__unknown+173a648f__17d570721bd8421c.png,READ,4281113496,1000000.0,237,126,14,2,-5,5,0,0,0,2,0,0,0,0,413,0.6682808716707022,0.03631961259079903,39,13,50,5.523637459694237,0.10411622276029056
faststone,fsviewer-ACCESS_VIOLATION_READ_c0000005__unknown+173a98c0__44150658fa0f1466.png,READ,4281113496,1000000.0,240,126,17,2,-4,4,0,1,0,5,0,0,0,0,372,0.7150537634408602,0.06451612903225806,25,15,58,5.661618116527491,0.12634408602150538
faststone,fsviewer-ACCESS_VIOLATION_READ_c0000005__unknown+173ac288__74c632f0181fe862.png,READ,4281113496,1000000.0,238,126,14,2,0,0,0,0,0,2,0,0,0,0,322,0.65527950310559,0.059006211180124224,30,12,46,5.388640331060031,0.12422360248447205
faststone,fsviewer-ACCESS_VIOLATION_READ_c0000005__unknown+173b2f0a__f16e52277f0d5a61.png,READ,4281113496,1000000.0,245,127,14,2,0,0,0,1,0,1,0,0,0,0,165,0.6363636363636364,0.10303030303030303,14,9,22,5.300574437247638,0.09696969696969697
faststone,fsviewer-ACCESS_VIOLATION_READ_c0000005__unknown+173b7c53__238e946411aa734d.png,READ,4283002734,1000000.0,240,126,46,2,-4,4,0,0,0,4,0,0,0,0,429,0.6876456876456877,0.04428904428904429,30,11,61,5.876307515670862,0.14685314685314685
faststone,fsviewer-ACCESS_VIOLATION_READ_c0000005__unknown+173bb76b__a43c353553431f53.png,READ,4281113496,1000000.0,236,124,10,4,0,0,0,1,0,1,0,0,0,0,209,0.7129186602870813,0.07655502392344497,13,11,27,5.354109389801206,0.09090909090909091
faststone,fsviewer-ACCESS_VIOLATION_READ_c0000005__unknown+173bead7__ef5d5e62d6811c89.png,READ,11111111111,1000000.0,242,128,19,2,-4,4,0,0,0,4,0,0,0,0,411,0.6326034063260341,0.11435523114355231,41,13,50,5.244649219793015,0.11435523114355231
faststone,fsviewer-ACCESS_VIOLATION_READ_c0000005__unknown+173c1ba0__202aad9b86706bca.png,DoS,4281113496,1000000.0,245,126,14,2,0,0,0,1,0,1,0,0,0,0,145,0.7310344827586207,0.10344827586206896,11,11,34,4.853176824530757,0.06896551724137931
faststone,fsviewer-ACCESS_VIOLATION_READ_c0000005__unknown+173c43b0__c2ad34bc5070463d.png,READ,4281113496,1000000.0,238,127,14,2,-5,5,0,0,0,2,0,0,0,0,406,0.6724137931034483,0.059113300492610835,35,13,50,5.572927676454532,0.10591133004926108
faststone,fsviewer-ACCESS_VIOLATION_READ_c0000005__unknown+173c8fdd__bb6df9f72119ebdc.png,READ,4281113496,1000000.0,237,126,16,2,0,0,0,0,0,2,0,0,0,0,301,0.5946843853820598,0.03322259136212625,33,13,50,5.358644392761731,0.12624584717607973
faststone,fsviewer-ACCESS_VIOLATION_READ_c0000005__unknown+173cc367__36323d48afb421b0.png,DoS,4294184193,1000000.0,238,129,16,0,0,0,0,0,0,0,0,0,0,0,395,0.7316455696202532,0.05063291139240506,16,10,17,5.299430081238505,0.05822784810126582
faststone,fsviewer-ACCESS_VIOLATION_READ_c0000005__unknown+173cfc5d__63590a09f67573fc.png,READ,4282731849,1000000.0,248,128,40,0,0,0,0,0,0,0,0,0,0,0,159,0.3081761006289308,0.018867924528301886,23,10,106,5.122763912707378,0.31446540880503143
faststone,fsviewer-ACCESS_VIOLATION_READ_c0000005__unknown+173d44d5__76c523ff5ecac07a.png,READ,11111111111,1000000.0,238,127,15,2,-5,5,0,0,0,2,0,0,0,0,402,0.6791044776119403,0.05970149253731343,33,13,50,5.564616608315785,0.10199004975124377
faststone,fsviewer-ACCESS_VIOLATION_READ_c0000005__unknown+173d7a86__7df75eb46042e17f.png,READ,11111111111,1000000.0,238,127,17,2,-4,4,0,0,0,6,0,0,0,0,433,0.6766743648960739,0.08775981524249422,30,11,47,5.811277681362986,0.13163972286374134
faststone,fsviewer-ACCESS_VIOLATION_READ_c0000005__unknown+173d9cde__6ae8605e9efcb4b3.png,DoS,11111111111,1000000.0,238,127,15,2,0,0,0,0,0,2,0,0,0,0,310,0.6516129032258065,0.07419354838709677,31,13,50,5.315639061020821,0.11612903225806452
faststone,fsviewer-ACCESS_VIOLATION_READ_c0000005__unknown+173e92ab__160bc46f0188a8f7.png,DoS,4281113496,1000000.0,238,127,14,2,-5,5,0,0,0,2,0,0,0,0,445,0.6674157303370787,0.051685393258426963,38,13,50,5.613838641799913,0.1101123595505618
faststone,fsviewer-ACCESS_VIOLATION_READ_c0000005__unknown+173f5268__9d4cb5ab3872fed9.png,DoS,4294964211,1000000.0,54,28,18,0,0,0,0,0,0,0,0,0,0,0,18,0.16666666666666666,0.0,2,7,15,2.855953642864355,0.5
faststone,fsviewer-ACCESS_VIOLATION_READ_c0000005__unknown+173f62fd__3994ccea34fb74d3.png,READ,11111111111,1000000.0,240,127,17,2,0,0,0,1,0,21,0,0,0,0,445,0.7101123595505618,0.058426966292134834,31,15,61,5.70964721147999,0.14382022471910114
faststone,fsviewer-ACCESS_VIOLATION_READ_c0000005__unknown+173fec9a__ee3d4480467e5a22.png,DoS,11111111111,1000000.0,237,127,15,2,-2,2,3,0,0,2,0,0,0,0,484,0.5826446280991735,0.049586776859504134,42,14,50,5.742372596839385,0.18181818181818182
faststone,fsviewer-ACCESS_VIOLATION_READ_c0000005__unknown+173ff006__edcb06e412c3cb49.png,READ,11111111111,1000000.0,238,127,15,2,-5,5,0,0,0,2,0,0,0,0,412,0.6577669902912622,0.05825242718446602,40,13,50,5.5851622941988674,0.11893203883495146
faststone,fsviewer-ACCESS_VIOLATION_READ_c0000005__unknown+1740ac96__5227d830cce82731.png,READ,4286513152,1000000.0,207,104,22,22,-1,1,0,0,0,2,0,0,0,0,236,0.4576271186440678,0.00847457627118644,27,14,65,5.681748323808888,0.18220338983050846
faststone,fsviewer-ACCESS_VIOLATION_READ_c0000005__unknown+17423eb2__155e980b83ba45ea.png,READ,11111111111,1000000.0,238,127,15,2,-1,1,0,0,0,2,0,0,0,0,357,0.6918767507002801,0.06722689075630252,31,13,50,5.4888442082783175,0.10364145658263306
faststone,fsviewer-ACCESS_VIOLATION_READ_c0000005__unknown+1744416f__7d17f73b710e6373.png,DoS,4290118528,1000000.0,117,61,15,3,0,0,0,0,0,0,0,0,0,0,36,0.1388888888888889,0.027777777777777776,8,4,15,3.482289237493327,0.25
faststone,fsviewer-ACCESS_VIOLATION_READ_c0000005__unknown+17444202__ae07443030df548a.png,DoS,11111111111,1000000.0,236,127,15,2,-5,5,0,0,0,2,0,0,0,0,499,0.6232464929859719,0.04208416833667335,69,13,69,5.550539252662774,0.10020040080160321
faststone,fsviewer-ACCESS_VIOLATION_READ_c0000005__unknown+174456c3__ce64e069cc8733c8.png,WRITE,1896091652,1000000.0,101,52,0,8,0,0,0,0,0,0,0,0,0,0,35,0.08571428571428572,0.0,9,4,9,2.9200455160177654,0.0
faststone,fsviewer-ACCESS_VIOLATION_READ_c0000005__unknown+17465495__23bf585f09d86636.png,DoS,3758415177,1000000.0,246,126,6,2,0,0,0,1,0,1,0,0,0,0,181,0.6961325966850829,0.07734806629834254,14,12,38,5.108907365924693,0.12154696132596685
faststone,fsviewer-ACCESS_VIOLATION_READ_c0000005__unknown+17484555__8146ddd32e32dd37.png,DoS,4290118680,1000000.0,49,27,2,5,0,0,0,0,0,0,0,0,0,0,20,0.0,0.0,7,4,17,2.463865121950854,0.15
faststone,fsviewer-ACCESS_VIOLATION_READ_c0000005__unknown+17488698__e49c854d8acdebdc.png,READ,11111111111,1000000.0,178,107,7,20,-5,5,0,0,0,2,0,0,0,0,489,0.558282208588957,0.05112474437627812,72,11,50,5.572484540325867,0.12474437627811862
faststone,fsviewer-ACCESS_VIOLATION_READ_c0000005__vcruntime140+c54d__a94fbf72f993f2bf.png,WRITE,4294964211,1000000.0,204,104,73,4,0,0,0,0,0,0,0,0,0,0,58,0.06896551724137931,0.0,8,8,39,3.3817239443899574,0.6379310344827587
faststone,fsviewer-ACCESS_VIOLATION_WRITE_c0000005__driver_x32+7534c__c62e81f792b05a2f.png,WRITE,4278320641,1000000.0,243,122,8,6,0,0,0,1,0,1,0,0,0,0,95,0.4631578947368421,0.010526315789473684,10,8,38,3.8644993025579177,0.05263157894736842
faststone,fsviewer-ACCESS_VIOLATION_WRITE_c0000005__fsviewer+1b987b__39316a9b04b900b2.png,DoS,4243649780,1000000.0,98,51,25,3,0,0,0,0,0,0,0,0,0,0,31,0.16129032258064516,0.03225806451612903,6,4,31,3.784368487596862,0.45161290322580644
faststone,fsviewer-ACCESS_VIOLATION_WRITE_c0000005__fsviewer+1b9883__e95097cbe811443c.png,DoS,3781584486,1000000.0,246,124,4,4,0,0,0,1,0,1,0,0,0,0,73,0.6301369863013698,0.0136986301369863,9,5,29,4.439845916651512,0.0273972602739726
faststone,fsviewer-ACCESS_VIOLATION_WRITE_c0000005__fsviewer+1b988c__67860a1aa1e0297f.png,DoS,4243587328,1000000.0,153,81,19,1,0,0,0,0,0,0,0,0,0,0,45,0.24444444444444444,0.022222222222222223,8,2,24,3.495996706815784,0.24444444444444444
faststone,fsviewer-ACCESS_VIOLATION_WRITE_c0000005__fsviewer+1b98c0__afcdaf1393e216b7.png,DoS,4294961993,1000000.0,237,123,34,6,0,0,0,1,0,1,0,0,0,0,165,0.4,0.05454545454545454,24,10,34,5.088047755992942,0.21212121212121213
faststone,fsviewer-ACCESS_VIOLATION_WRITE_c0000005__fsviewer+1b98cf__a5e20d93b932428c.png,DoS,4294901760,1000000.0,224,114,24,14,0,0,0,1,0,1,0,0,0,0,173,0.34104046242774566,0.03468208092485549,34,8,39,4.913293958426687,0.2138728323699422
faststone,fsviewer-ACCESS_VIOLATION_WRITE_c0000005__fsviewer+1b98df__fdee88f424501774.png,DoS,4294927149,1000000.0,238,123,35,6,0,0,0,1,0,1,0,0,0,0,129,0.4108527131782946,0.06976744186046512,17,8,36,5.12655248245905,0.2713178294573643
faststone,fsviewer-ACCESS_VIOLATION_WRITE_c0000005__fsviewer+1b998b__6561a46744d7726d.png,WRITE,4268776797,1000000.0,53,27,4,1,-3,3,0,0,0,0,0,0,0,0,18,0.3333333333333333,0.0,3,3,10,3.4193819456463714,0.1111111111111111
faststone,fsviewer-ACCESS_VIOLATION_WRITE_c0000005__fsviewer+1b9a32__86a9aafd1de15e3b.png,WRITE,4278780161,1000000.0,65,34,9,0,-1,1,0,0,0,0,0,0,0,0,21,0.14285714285714285,0.0,4,2,12,3.403989446485262,0.23809523809523808
faststone,fsviewer-ACCESS_VIOLATION_WRITE_c0000005__fsviewer+1b9a4f__389411afc525eed9.png,WRITE,4278779905,1000000.0,55,30,6,0,0,0,0,0,0,0,0,0,0,0,19,0.10526315789473684,0.0,4,1,11,3.4058222502856905,0.15789473684210525
faststone,fsviewer-ACCESS_VIOLATION_WRITE_c0000005__fsviewer+1b9a6d__f763283e76a1a8b2.png,DoS,4043440136,1000000.0,56,30,2,0,0,0,0,0,0,0,0,0,0,0,19,0.21052631578947367,0.0,4,2,11,3.215841172683753,0.05263157894736842
faststone,fsviewer-ACCESS_VIOLATION_WRITE_c0000005__fsviewer+2d53__3111636f6a76b3ee.png,WRITE,4243587328,1000000.0,118,63,17,1,0,0,0,0,0,0,0,0,0,0,36,0.2222222222222222,0.0,7,5,36,3.2693032128986954,0.3055555555555556
faststone,fsviewer-ACCESS_VIOLATION_WRITE_c0000005__fsviewer+2d5a__c339fbcf05aaf8fe.png,WRITE,4294967295,1000000.0,243,124,22,4,0,0,0,0,0,2,0,0,0,0,142,0.45774647887323944,0.014084507042253521,11,12,68,4.487067800587978,0.14084507042253522
faststone,fsviewer-ACCESS_VIOLATION_WRITE_c0000005__fsviewer+2d6d__61869e4594456f05.png,WRITE,4286513152,1000000.0,97,48,6,2,0,0,0,0,0,0,0,0,0,0,29,0.06896551724137931,0.0,2,5,29,1.993889614921999,0.10344827586206896
faststone,fsviewer-ACCESS_VIOLATION_WRITE_c0000005__fsviewer+2d7a__5614815f007099c3.png,WRITE,4287561729,1000000.0,206,104,28,4,0,0,0,0,0,0,0,0,0,0,58,0.39655172413793105,0.0,9,6,30,4.285561004161401,0.2413793103448276
faststone,fsviewer-ACCESS_VIOLATION_WRITE_c0000005__fsviewer+938f__6c7a9ad81c7eca95.png,WRITE,4294836735,1000000.0,244,124,8,4,0,0,0,1,0,1,0,0,0,0,77,0.6103896103896104,0.012987012987012988,10,3,26,4.436370237295354,0.05194805194805195
faststone,fsviewer-ACCESS_VIOLATION_WRITE_c0000005__fsviewer+9522__49a18810d1000b37.png,WRITE,4104759721,1000000.0,126,64,32,0,0,0,0,0,0,0,0,0,0,0,36,0.0,0.0,2,7,33,1.8947492280274723,0.4444444444444444
faststone,fsviewer-ACCESS_VIOLATION_WRITE_c0000005__unknown+16706ec6__69bf93c7792679a2.png,WRITE,4278222849,1000000.0,129,68,10,2,0,0,0,0,0,0,0,0,0,0,39,0.10256410256410256,0.0,9,3,14,2.9432978874234226,0.1282051282051282
faststone,fsviewer-ACCESS_VIOLATION_WRITE_c0000005__unknown+16716ec6__ef63436a609bd8a1.png,WRITE,4294443052,1000000.0,165,85,14,1,0,0,0,0,0,0,0,0,0,0,47,0.1276595744680851,0.0,5,5,18,3.134987900817701,0.14893617021276595
faststone,fsviewer-ACCESS_VIOLATION_WRITE_c0000005__unknown+16726ec6__b3a024ed46e65f2d.png,WRITE,4228176144,1000000.0,80,41,7,5,0,0,0,0,0,0,0,0,0,0,27,0.1111111111111111,0.0,10,2,19,3.2002886706435762,0.18518518518518517
faststone,fsviewer-ACCESS_VIOLATION_WRITE_c0000005__unknown+16736ec6__24838f469aa678f0.png,WRITE,4279240455,1000000.0,150,77,5,1,0,0,0,0,0,0,0,0,0,0,43,0.06976744186046512,0.0,5,6,40,2.486304852804178,0.06976744186046512
faststone,fsviewer-ACCESS_VIOLATION_WRITE_c0000005__unknown+16746ec6__0639479947e6fc4d.png,WRITE,4294443052,1000000.0,167,85,12,1,0,0,0,0,0,0,0,0,0,0,47,0.1702127659574468,0.0,4,7,18,2.9874163678661896,0.1276595744680851
faststone,fsviewer-ACCESS_VIOLATION_WRITE_c0000005__unknown+16756ec6__1067f77602b5ea5c.png,WRITE,4292411263,1000000.0,230,119,36,9,0,0,0,0,0,0,0,0,0,0,183,0.36065573770491804,0.0,24,11,58,4.1363057508022525,0.2185792349726776
faststone,fsviewer-ACCESS_VIOLATION_WRITE_c0000005__unknown+16766ec6__18398389ed636a41.png,WRITE,4293984324,1000000.0,236,115,28,9,0,0,0,0,0,0,0,0,0,0,66,0.5303030303030303,0.015151515151515152,11,6,47,4.277169564464494,0.22727272727272727
faststone,fsviewer-ACCESS_VIOLATION_WRITE_c0000005__unknown+16776ec6__62d8356f00681d08.png,WRITE,4294967295,1000000.0,123,60,34,8,0,0,0,0,0,0,0,0,0,0,44,0.022727272727272728,0.0,21,8,44,2.1437463838019064,0.38636363636363635
faststone,fsviewer-ACCESS_VIOLATION_WRITE_c0000005__unknown+16786ec6__2d3991b2e498c5c9.png,WRITE,4294312192,1000000.0,162,82,7,2,1,1,1,0,0,0,0,0,0,0,46,0.15217391304347827,0.0,4,10,40,2.1732203729713637,0.08695652173913043
faststone,fsviewer-ACCESS_VIOLATION_WRITE_c0000005__unknown+167c6ec6__c1357dd13a45454a.png,WRITE,4294964737,1000000.0,168,88,14,0,1,1,1,0,0,0,0,0,0,0,48,0.25,0.0,6,5,36,3.1637143864567436,0.14583333333333334
faststone,fsviewer-ACCESS_VIOLATION_WRITE_c0000005__unknown+16806ec6__edb86ce47052437c.png,WRITE,4047241572,1000000.0,99,50,8,2,0,0,0,0,0,0,0,0,0,0,30,0.4,0.0,5,6,7,2.8532359131272917,0.13333333333333333
faststone,fsviewer-ACCESS_VIOLATION_WRITE_c0000005__unknown+16816ec6__b42acc344419ceee.png,WRITE,4290118528,1000000.0,245,127,27,1,0,0,0,0,0,0,0,0,0,0,75,0.36,0.08,10,4,18,4.40524327755577,0.24
faststone,fsviewer-ACCESS_VIOLATION_WRITE_c0000005__unknown+16826ec6__da8d6f3d7f6bb072.png,WRITE,4280287746,1000000.0,132,70,6,2,2,2,2,0,0,0,0,0,0,0,40,0.1,0.0,8,8,33,2.165961447928513,0.075
faststone,fsviewer-ACCESS_VIOLATION_WRITE_c0000005__unknown+16836ec6__cb15ab85ee62eb33.png,WRITE,4280746201,1000000.0,88,45,11,3,0,0,0,0,0,0,0,0,0,0,28,0.14285714285714285,0.0,7,3,13,3.551595655674384,0.21428571428571427
faststone,fsviewer-ACCESS_VIOLATION_WRITE_c0000005__unknown+16846ec6__4b62ab832f8e09d3.png,WRITE,4290118633,1000000.0,96,51,9,5,0,0,0,0,0,0,0,0,0,0,32,0.09375,0.0,10,4,12,3.01169834670499,0.1875
faststone,fsviewer-ACCESS_VIOLATION_WRITE_c0000005__unknown+16856ec6__70b50c54569c67cf.png,WRITE,4244907780,1000000.0,178,92,12,2,0,0,0,0,0,0,0,0,0,0,51,0.23529411764705882,0.0392156862745098,7,4,21,3.520829866652387,0.11764705882352941
faststone,fsviewer-ACCESS_VIOLATION_WRITE_c0000005__unknown+16866ec6__0b1f87502253accc.png,WRITE,4294246656,1000000.0,161,84,10,2,1,1,1,0,0,0,0,0,0,0,47,0.2553191489361702,0.0,8,5,35,2.8351518829941247,0.10638297872340426
faststone,fsviewer-ACCESS_VIOLATION_WRITE_c0000005__unknown+16876ec6__6626e8af0ddade11.png,WRITE,4290118528,1000000.0,70,38,8,0,0,0,0,0,0,0,0,0,0,0,23,0.17391304347826086,0.0,4,2,23,3.4144413036949723,0.17391304347826086
faststone,fsviewer-ACCESS_VIOLATION_WRITE_c0000005__unknown+16886ec6__9c84b9fbe33e621e.png,WRITE,4278216047,1000000.0,52,28,2,0,0,0,0,0,0,0,0,0,0,0,18,0.16666666666666666,0.0,3,2,18,3.2390979179887864,0.1111111111111111
faststone,fsviewer-ACCESS_VIOLATION_WRITE_c0000005__unknown+16896ec6__df016749258185cb.png,WRITE,2164346113,1000000.0,80,40,2,4,0,0,0,0,0,0,0,0,0,0,28,0.21428571428571427,0.0,7,5,23,2.4262465483769935,0.03571428571428571
faststone,fsviewer-ACCESS_VIOLATION_WRITE_c0000005__unknown+168a6ec6__c25d9f69ab023cff.png,WRITE,4270441493,1000000.0,235,124,30,4,0,0,0,0,0,0,0,0,0,0,72,0.125,0.0,15,6,53,3.521986649965759,0.2222222222222222
faststone,fsviewer-ACCESS_VIOLATION_WRITE_c0000005__unknown+168b6ec6__975cac17a9025284.png,WRITE,4294917492,1000000.0,114,59,9,1,0,0,0,0,0,0,0,0,0,0,34,0.5882352941176471,0.058823529411764705,4,2,14,4.028639311838575,0.14705882352941177
faststone,fsviewer-ACCESS_VIOLATION_WRITE_c0000005__unknown+168fabe2__ae8acaa54bea9b03.png,WRITE,4294967041,1000000.0,126,67,30,1,0,0,0,0,0,0,0,0,0,0,38,0.02631578947368421,0.0,9,3,15,3.018713448170826,0.4473684210526316
faststone,fsviewer-ACCESS_VIOLATION_WRITE_c0000005__unknown+16916ec6__f796a8f86cbcefd0.png,WRITE,4279240455,1000000.0,200,103,6,1,0,0,0,0,0,0,0,0,0,0,56,0.07142857142857142,0.0,6,6,53,2.334777968899006,0.05357142857142857
faststone,fsviewer-ACCESS_VIOLATION_WRITE_c0000005__unknown+16956ec6__b28eb1e329cc5003.png,WRITE,4292109356,1000000.0,90,46,10,0,0,0,0,0,0,0,0,0,0,0,27,0.14814814814814814,0.0,2,5,12,2.382374301757175,0.18518518518518517
faststone,fsviewer-ACCESS_VIOLATION_WRITE_c0000005__unknown+16966ec6__8bd76a31c755ef76.png,WRITE,4294312192,1000000.0,169,86,11,2,1,1,1,0,0,0,0,0,0,0,48,0.2916666666666667,0.0,5,10,35,2.825492202205515,0.125
faststone,fsviewer-ACCESS_VIOLATION_WRITE_c0000005__unknown+16976ec6__2efa2a9440184d51.png,WRITE,4281084972,1000000.0,146,73,10,3,0,0,0,0,0,0,0,0,0,0,42,0.21428571428571427,0.0,5,10,13,2.662120029912131,0.11904761904761904
faststone,fsviewer-ACCESS_VIOLATION_WRITE_c0000005__unknown+16996ec6__772c655b36b698c6.png,WRITE,4286578688,1000000.0,195,99,45,3,0,0,0,0,0,0,0,0,0,0,55,0.03636363636363636,0.0,6,8,45,3.1908035905983554,0.45454545454545453
faststone,fsviewer-ACCESS_VIOLATION_WRITE_c0000005__unknown+169e6ec6__0f508f6dbc327401.png,WRITE,4292542465,1000000.0,208,106,43,18,-1,1,0,0,0,0,0,0,0,0,83,0.13253012048192772,0.0,23,7,19,3.855755395018335,0.3253012048192771
faststone,fsviewer-ACCESS_VIOLATION_WRITE_c0000005__unknown+16ab6ec6__749ab28ac84c37f4.png,WRITE,4261537793,1000000.0,74,38,4,4,0,0,0,0,0,0,0,0,0,0,25,0.0,0.0,4,7,16,1.5443814577244939,0.08
faststone,fsviewer-ACCESS_VIOLATION_WRITE_c0000005__unknown+16ac6ec6__612ab32713e8f65b.png,WRITE,4294443118,1000000.0,249,127,40,1,0,0,0,1,0,1,0,0,0,0,68,0.4411764705882353,0.0,5,10,42,4.322326357436393,0.29411764705882354
faststone,fsviewer-ACCESS_VIOLATION_WRITE_c0000005__unknown+16ad6ec6__688276ecf9318086.png,WRITE,4294910978,1000000.0,167,86,15,6,1,1,1,0,0,0,0,0,0,0,50,0.34,0.0,9,5,19,3.898688570451097,0.16
faststone,fsviewer-ACCESS_VIOLATION_WRITE_c0000005__unknown+16ae6ec6__e4881836189ffa7e.png,WRITE,4292542466,1000000.0,137,72,20,8,0,0,0,0,0,0,1,0,0,0,44,0.18181818181818182,0.0,12,3,44,3.649232971097648,0.22727272727272727
faststone,fsviewer-ACCESS_VIOLATION_WRITE_c0000005__unknown+16af6ec6__409e76d84134b2b7.png,WRITE,4211345689,1000000.0,55,27,2,5,0,0,0,0,0,0,0,0,0,0,20,0.05,0.0,6,3,9,2.765957320949175,0.05
faststone,fsviewer-ACCESS_VIOLATION_WRITE_c0000005__unknown+16b06ec6__b1c5020173f2bf78.png,WRITE,4278191104,1000000.0,80,41,7,5,0,0,0,0,0,0,0,0,0,0,27,0.18518518518518517,0.0,8,3,18,3.0640917816300153,0.14814814814814814
faststone,fsviewer-ACCESS_VIOLATION_WRITE_c0000005__unknown+16b16ec6__d7f95df5d66ff7a7.png,WRITE,4294312192,1000000.0,217,110,11,6,1,1,1,0,0,0,0,0,0,0,62,0.24193548387096775,0.0,7,8,30,3.4177823716272253,0.0967741935483871
faststone,fsviewer-ACCESS_VIOLATION_WRITE_c0000005__unknown+16b26ec6__552b2b32103f9a17.png,WRITE,4294312192,1000000.0,114,58,10,2,1,1,1,0,0,0,0,0,0,0,34,0.08823529411764706,0.0,4,10,32,2.4458882080701896,0.17647058823529413
faststone,fsviewer-ACCESS_VIOLATION_WRITE_c0000005__unknown+16b36ec6__38dd3cf2e15cde3c.png,WRITE,4292935937,1000000.0,231,115,48,13,0,0,0,0,0,0,0,0,0,0,108,0.23148148148148148,0.0,14,15,26,3.657640565781337,0.2962962962962963
faststone,fsviewer-ACCESS_VIOLATION_WRITE_c0000005__unknown+16b46ec6__a779ab819ded076f.png,WRITE,4294574336,1000000.0,69,36,8,2,0,0,0,0,0,0,0,0,0,0,23,0.17391304347826086,0.0,5,2,23,3.340114958279899,0.17391304347826086
faststone,fsviewer-ACCESS_VIOLATION_WRITE_c0000005__unknown+16b66ec6__ee03d0a06d2d937d.png,WRITE,4293918788,1000000.0,232,116,65,12,0,0,0,0,0,0,0,0,0,0,113,0.3185840707964602,0.0,25,5,87,4.961147341216912,0.34513274336283184
faststone,fsviewer-ACCESS_VIOLATION_WRITE_c0000005__unknown+16ba6ec6__1cf89c59edfd9d17.png,WRITE,3925934343,1000000.0,88,45,2,1,0,0,0,0,0,0,0,0,0,0,27,0.07407407407407407,0.0,3,4,24,2.3854738558287614,0.037037037037037035
faststone,fsviewer-ACCESS_VIOLATION_WRITE_c0000005__unknown+16bd6ec6__95b0adb2caf040f9.png,WRITE,4244718403,1000000.0,124,63,12,1,0,0,0,0,0,0,0,0,0,0,36,0.16666666666666666,0.0,3,16,36,2.1213571991456206,0.16666666666666666
faststone,fsviewer-ACCESS_VIOLATION_WRITE_c0000005__unknown+16be6ec6__dfba32f64f7643f9.png,WRITE,4278256644,1000000.0,103,53,6,3,0,0,0,0,0,0,0,0,0,0,32,0.125,0.0,6,5,25,2.5509256611773563,0.09375
faststone,fsviewer-ACCESS_VIOLATION_WRITE_c0000005__unknown+16bf6ec6__3fd9f451476e5e30.png,WRITE,3840140259,1000000.0,181,95,31,3,0,0,0,0,0,0,0,0,0,0,53,0.07547169811320754,0.03773584905660377,9,9,46,3.0728922871559825,0.32075471698113206
faststone,fsviewer-ACCESS_VIOLATION_WRITE_c0000005__unknown+16c06ec6__15e4e2d39ed7b568.png,WRITE,4294967295,1000000.0,225,113,38,9,0,0,0,0,0,0,0,0,0,0,84,0.09523809523809523,0.0,17,9,58,3.307986701160891,0.30952380952380953
faststone,fsviewer-ACCESS_VIOLATION_WRITE_c0000005__unknown+16c16ec6__d1b04a0dc881b044.png,WRITE,4294902016,1000000.0,70,35,14,3,0,0,0,0,0,0,0,0,0,0,23,0.13043478260869565,0.0,5,4,12,3.464234652726566,0.30434782608695654
faststone,fsviewer-ACCESS_VIOLATION_WRITE_c0000005__unknown+16c26ec6__44d939500b5799ee.png,WRITE,4294967295,1000000.0,236,121,51,7,0,0,0,0,0,0,0,0,0,0,73,0.2465753424657534,0.0,17,8,13,3.2528454125170168,0.3698630136986301
faststone,fsviewer-ACCESS_VIOLATION_WRITE_c0000005__unknown+16c36ec6__85488f6e7ad2e9fb.png,WRITE,4264165453,1000000.0,173,87,8,3,0,0,0,0,0,0,0,0,0,0,49,0.1836734693877551,0.0,8,5,31,3.324121457226892,0.08163265306122448
faststone,fsviewer-ACCESS_VIOLATION_WRITE_c0000005__unknown+16c46ec6__d66c661f83b6a15c.png,WRITE,4287185162,1000000.0,220,111,21,17,0,0,0,0,0,0,0,0,0,0,82,0.13414634146341464,0.0,18,10,29,3.942083944658863,0.2926829268292683
faststone,fsviewer-ACCESS_VIOLATION_WRITE_c0000005__unknown+16c56ec6__32eba912de395f48.png,WRITE,4278256644,1000000.0,117,58,14,8,-1,1,0,0,0,0,0,0,0,0,37,0.16216216216216217,0.0,12,4,25,3.246502271491364,0.1891891891891892
faststone,fsviewer-ACCESS_VIOLATION_WRITE_c0000005__unknown+16c66ec6__2075d46a92085352.png,WRITE,4228121604,1000000.0,89,45,5,5,0,0,0,0,0,0,0,0,0,0,29,0.06896551724137931,0.0,7,5,20,2.827954601911129,0.1724137931034483
faststone,fsviewer-ACCESS_VIOLATION_WRITE_c0000005__unknown+16cb6ec6__20086a3f3b9ed54d.png,WRITE,3758415177,1000000.0,246,126,16,2,0,0,0,1,0,1,0,0,0,0,86,0.5,0.0,12,5,22,4.797042267045647,0.18604651162790697
faststone,fsviewer-ACCESS_VIOLATION_WRITE_c0000005__unknown+16cd6ec6__7ee6c8e3e263c91c.png,WRITE,4261478656,1000000.0,49,24,6,4,0,0,0,0,0,0,0,0,0,0,20,0.0,0.0,8,5,18,2.541446071165522,0.15
faststone,fsviewer-ACCESS_VIOLATION_WRITE_c0000005__unknown+16ce6ec6__8c197e229c447fe4.png,WRITE,4294312192,1000000.0,180,94,12,2,1,1,1,0,0,0,0,0,0,0,52,0.23076923076923078,0.0,8,6,40,2.9467195373735784,0.11538461538461539
faststone,fsviewer-ACCESS_VIOLATION_WRITE_c0000005__unknown+16cf6ec6__f7bafb0538e0b7b1.png,WRITE,4290118528,1000000.0,172,91,23,3,0,0,0,0,0,0,0,0,0,0,51,0.13725490196078433,0.0196078431372549,11,4,18,3.4797158259748753,0.2549019607843137
faststone,fsviewer-ACCESS_VIOLATION_WRITE_c0000005__unknown+16d06ec6__e4c22bbf74583243.png,WRITE,4294967295,1000000.0,251,127,43,1,0,0,0,0,0,0,0,0,0,0,73,0.1095890410958904,0.0,4,10,70,2.8433466931891145,0.3013698630136986
faststone,fsviewer-ACCESS_VIOLATION_WRITE_c0000005__unknown+16d16ec6__952b67c6e8513f98.png,WRITE,4286579060,1000000.0,79,40,8,4,0,0,0,0,0,0,0,0,0,0,26,0.4230769230769231,0.0,6,8,26,2.302797547847347,0.15384615384615385
faststone,fsviewer-ACCESS_VIOLATION_WRITE_c0000005__unknown+16d26ec6__8862a260c49596bb.png,WRITE,4278197887,1000000.0,226,114,24,14,0,0,0,0,0,0,0,0,0,0,103,0.22330097087378642,0.0,24,7,31,4.160947635536366,0.21359223300970873
faststone,fsviewer-ACCESS_VIOLATION_WRITE_c0000005__unknown+16d36ec6__eba837d68b3acadb.png,WRITE,3574595585,1000000.0,227,119,14,5,0,0,0,0,0,0,0,0,0,0,66,0.12121212121212122,0.0,14,8,39,2.9985732620129717,0.10606060606060606
faststone,fsviewer-ACCESS_VIOLATION_WRITE_c0000005__unknown+16d46ec6__7031bc9786d6c16a.png,WRITE,4047243881,1000000.0,64,32,6,6,0,0,0,0,0,0,0,0,0,0,23,0.2608695652173913,0.0,7,3,9,2.490044567658449,0.13043478260869565
faststone,fsviewer-ACCESS_VIOLATION_WRITE_c0000005__unknown+16d56ec6__b21a4e1c9a813c93.png,WRITE,4294704123,1000000.0,203,103,29,5,0,0,0,0,0,0,0,0,0,0,58,0.22413793103448276,0.0,8,5,17,4.113545272890785,0.29310344827586204
faststone,fsviewer-ACCESS_VIOLATION_WRITE_c0000005__unknown+16d66ec6__ab536d96a302b6a7.png,WRITE,2147551615,1000000.0,81,40,2,4,0,0,0,0,0,0,0,0,0,0,26,0.038461538461538464,0.0,7,5,14,2.8207948949381363,0.038461538461538464
faststone,fsviewer-ACCESS_VIOLATION_WRITE_c0000005__unknown+16d76ec6__f370295e50a650a4.png,WRITE,4294443052,1000000.0,105,53,12,5,0,0,0,0,0,0,0,0,0,0,33,0.09090909090909091,0.0,8,6,26,3.10451495478259,0.21212121212121213
faststone,fsviewer-ACCESS_VIOLATION_WRITE_c0000005__unknown+16d86ec6__7f0de5b090ab412e.png,WRITE,4250101106,1000000.0,149,75,28,7,0,0,0,0,0,0,0,0,0,0,46,0.21739130434782608,0.0,9,5,42,3.8976057056337257,0.30434782608695654
faststone,fsviewer-ACCESS_VIOLATION_WRITE_c0000005__unknown+16d96ec6__b3028e9ab769e9fa.png,WRITE,3959619588,1000000.0,50,24,1,4,0,0,0,0,0,0,0,0,0,0,18,0.05555555555555555,0.0,4,3,10,2.969389419529156,0.1111111111111111
faststone,fsviewer-ACCESS_VIOLATION_WRITE_c0000005__unknown+16da6ec6__48d45ee63ce23455.png,WRITE,4294312964,1000000.0,83,43,16,1,0,0,0,0,0,0,0,0,0,0,26,0.15384615384615385,0.0,4,5,23,3.0113571427221064,0.3076923076923077
faststone,fsviewer-ACCESS_VIOLATION_WRITE_c0000005__unknown+16db6ec6__793b98fdb7914a0b.png,WRITE,4294967295,1000000.0,249,127,51,1,0,0,0,0,0,0,0,0,0,0,72,0.09722222222222222,0.0,5,10,29,3.25593706351008,0.375
faststone,fsviewer-ACCESS_VIOLATION_WRITE_c0000005__unknown+16e36ec6__2388efebbadefb84.png,WRITE,4193908995,1000000.0,246,125,33,3,0,0,0,0,0,0,0,0,0,0,119,0.21008403361344538,0.008403361344537815,12,9,70,4.3115352849722814,0.2605042016806723
faststone,fsviewer-ACCESS_VIOLATION_WRITE_c0000005__unknown+16ea6ec6__59d37549d580c048.png,WRITE,4193909008,1000000.0,139,73,13,7,0,0,0,0,0,0,0,0,0,0,44,0.045454545454545456,0.0,10,5,23,3.2378723922315147,0.20454545454545456
faststone,fsviewer-ACCESS_VIOLATION_WRITE_c0000005__unknown+1714b84c__ce8c85afcd9749d1.png,WRITE,4294967295,1000000.0,233,117,16,5,0,0,0,0,0,0,0,0,0,0,80,0.6375,0.1375,10,6,31,4.496762239033052,0.175
faststone,fsviewer-ACCESS_VIOLATION_WRITE_c0000005__unknown+1716bb12__964bec0456dc24d5.png,WRITE,3875667990,1000000.0,108,56,12,0,0,0,0,0,0,0,0,0,0,0,32,0.5625,0.0,2,4,17,4.015319531114783,0.1875
faststone,fsviewer-ACCESS_VIOLATION_WRITE_c0000005__unknown+1718b851__054410e894529d71.png,WRITE,4244907780,1000000.0,107,55,20,3,0,0,0,0,0,0,0,0,0,0,33,0.09090909090909091,0.030303030303030304,6,4,18,3.3648207264729817,0.36363636363636365
faststone,fsviewer-ACCESS_VIOLATION_WRITE_c0000005__unknown+171c5fb4__4894f0a4cfe2a64a.png,WRITE,4294967284,1000000.0,224,113,15,1,0,0,0,0,0,0,0,0,0,0,61,0.08196721311475409,0.0,4,15,49,3.2069302235339934,0.13114754098360656
faststone,fsviewer-ACCESS_VIOLATION_WRITE_c0000005__unknown+171cbe72__d139aa7b7b870c97.png,DoS,4284571905,1000000.0,54,28,10,0,0,0,0,0,0,0,0,0,0,0,18,0.2777777777777778,0.0,3,2,18,3.266332639970623,0.2777777777777778
faststone,fsviewer-ACCESS_VIOLATION_WRITE_c0000005__unknown+171d9939__e2544e73dea7018c.png,WRITE,4294967295,1000000.0,173,85,44,13,0,0,0,0,0,0,0,0,0,0,108,0.26851851851851855,0.0,31,16,37,4.169650710975876,0.28703703703703703
faststone,fsviewer-ACCESS_VIOLATION_WRITE_c0000005__unknown+17237d33__6df993dd793abb5e.png,WRITE,4294967295,1000000.0,54,28,19,0,0,0,0,0,0,0,0,0,0,0,18,0.1111111111111111,0.0,3,8,18,2.4613201402110083,0.5555555555555556
faststone,fsviewer-ACCESS_VIOLATION_WRITE_c0000005__unknown+17237e7b__66d1b57a8ccafbcc.png,DoS,4284571905,1000000.0,54,28,8,0,0,0,0,0,0,0,0,0,0,0,18,0.2777777777777778,0.0,3,2,18,3.086048612313038,0.2222222222222222
faststone,fsviewer-ACCESS_VIOLATION_WRITE_c0000005__unknown+1723b7b2__2e3d222eb33b6a0a.png,WRITE,4282384385,1000000.0,118,60,6,4,0,0,0,0,0,0,0,0,0,0,38,0.3684210526315789,0.0,9,5,12,3.0323297952217985,0.07894736842105263
faststone,fsviewer-ACCESS_VIOLATION_WRITE_c0000005__unknown+1725ab9e__41b90c90182afa78.png,WRITE,4290118528,1000000.0,169,89,19,3,0,0,0,0,0,0,0,0,0,0,50,0.26,0.02,10,8,30,3.538688570451097,0.22
faststone,fsviewer-ACCESS_VIOLATION_WRITE_c0000005__unknown+1725ae87__fc018c2c50a14cb5.png,WRITE,4278198524,1000000.0,86,45,6,1,-1,1,0,0,0,0,0,0,0,0,27,0.25925925925925924,0.0,5,3,4,3.704349428956051,0.1111111111111111
faststone,fsviewer-ACCESS_VIOLATION_WRITE_c0000005__unknown+1725b21e__9b57521b4e5f904a.png,WRITE,4278256697,1000000.0,115,63,4,5,0,0,0,0,0,0,0,0,0,0,38,0.07894736842105263,0.07894736842105263,11,3,16,2.310630918329178,0.05263157894736842
faststone,fsviewer-ACCESS_VIOLATION_WRITE_c0000005__unknown+1725b853__99b29c1b4a36b28e.png,WRITE,4194767113,1000000.0,212,107,17,21,0,0,0,0,0,0,0,0,0,0,111,0.08108108108108109,0.0,27,6,68,4.036980082547149,0.21621621621621623
faststone,fsviewer-ACCESS_VIOLATION_WRITE_c0000005__unknown+1725bdf9__23be7adbfc33ed83.png,WRITE,4047241572,1000000.0,170,88,8,2,0,0,0,0,0,0,0,0,0,0,49,0.3469387755102041,0.0,9,4,8,2.937207486699305,0.08163265306122448
faststone,fsviewer-ACCESS_VIOLATION_WRITE_c0000005__unknown+17266f77__446ee38930c1308c.png,DoS,1667457891,1000000.0,73,37,0,1,0,0,0,0,0,0,0,0,0,0,23,0.6086956521739131,0.0,2,12,22,2.061423239400896,0.0
faststone,fsviewer-ACCESS_VIOLATION_WRITE_c0000005__unknown+1726f489__78183ae0277ce0d1.png,WRITE,4294967262,1000000.0,219,112,21,4,1,1,1,0,0,0,0,0,0,0,62,0.3064516129032258,0.0,8,8,30,3.999724183133106,0.1774193548387097
faststone,fsviewer-ACCESS_VIOLATION_WRITE_c0000005__unknown+1727ab3c__3d4e7190549397fd.png,WRITE,4294318080,1000000.0,177,87,32,19,0,0,0,0,0,0,0,0,0,0,72,0.08333333333333333,0.0,30,9,33,3.2584667563052827,0.25
faststone,fsviewer-ACCESS_VIOLATION_WRITE_c0000005__unknown+1727ac08__80c330cebdd4ee55.png,WRITE,4281479730,1000000.0,134,68,10,7,0,0,0,0,0,0,0,0,0,0,41,0.3170731707317073,0.24390243902439024,10,10,16,3.35881208017725,0.12195121951219512
faststone,fsviewer-ACCESS_VIOLATION_WRITE_c0000005__unknown+1727ae27__54a55f74920dd4ba.png,WRITE,3925934343,1000000.0,148,75,4,3,0,0,0,0,0,0,0,0,0,0,43,0.06976744186046512,0.0,6,6,40,2.528888442517197,0.046511627906976744
faststone,fsviewer-ACCESS_VIOLATION_WRITE_c0000005__unknown+1727aee9__02c5fbfec224782b.png,WRITE,4288724225,1000000.0,163,83,17,5,0,0,0,0,0,0,0,0,0,0,50,0.36,0.02,9,5,11,4.4777809392987615,0.2
faststone,fsviewer-ACCESS_VIOLATION_WRITE_c0000005__unknown+1727b19b__b7d772b472bc1292.png,WRITE,4281479730,1000000.0,171,88,20,5,0,0,0,0,0,0,0,0,0,0,50,0.26,0.2,10,10,16,3.6546939516467023,0.24
faststone,fsviewer-ACCESS_VIOLATION_WRITE_c0000005__unknown+1727e919__ffd328178fa8bed5.png,WRITE,4244907777,1000000.0,239,120,18,6,-11,11,0,0,0,0,0,0,0,0,80,0.2375,0.025,8,8,29,3.94919851741401,0.1375
faststone,fsviewer-ACCESS_VIOLATION_WRITE_c0000005__unknown+1728ada4__ce3f121efd6b47f9.png,WRITE,4043506689,1000000.0,82,41,4,5,0,0,0,0,0,0,0,0,0,0,27,0.2962962962962963,0.2222222222222222,8,3,13,3.2915625020032113,0.07407407407407407
faststone,fsviewer-ACCESS_VIOLATION_WRITE_c0000005__unknown+1728af5c__85b28b79586bef12.png,WRITE,4211343364,1000000.0,83,42,2,4,0,0,0,0,0,0,0,0,0,0,27,0.4074074074074074,0.0,5,4,19,2.9174934105176606,0.037037037037037035
faststone,fsviewer-ACCESS_VIOLATION_WRITE_c0000005__unknown+1728b412__362737a07b73bbec.png,WRITE,4294940824,1000000.0,241,121,79,5,0,0,0,0,0,0,0,0,0,0,130,0.14615384615384616,0.0,8,16,52,4.137709267571696,0.6461538461538462
faststone,fsviewer-ACCESS_VIOLATION_WRITE_c0000005__unknown+1728b80f__78cd85f872ca2f2f.png,WRITE,4294874260,1000000.0,242,119,38,9,0,0,0,0,0,0,0,0,0,0,75,0.04,0.0,13,8,53,3.372429032137771,0.25333333333333335
faststone,fsviewer-ACCESS_VIOLATION_WRITE_c0000005__unknown+1728bafb__273b0e2d916db581.png,WRITE,4286513153,1000000.0,106,55,7,3,0,0,0,0,0,0,0,0,0,0,33,0.030303030303030304,0.0,8,5,30,2.9350110746785503,0.18181818181818182
faststone,fsviewer-ACCESS_VIOLATION_WRITE_c0000005__unknown+1729abbb__1bda00213213c2d8.png,WRITE,4294967295,1000000.0,216,109,44,13,0,0,0,0,0,0,0,0,0,0,80,0.225,0.0,20,10,33,3.6797630991762142,0.325
faststone,fsviewer-ACCESS_VIOLATION_WRITE_c0000005__unknown+1729b41c__e78813187b106b6d.png,WRITE,4286648320,1000000.0,56,30,9,0,0,0,0,0,0,0,0,0,0,0,19,0.21052631578947367,0.0,3,2,19,3.3660913291191923,0.2631578947368421
faststone,fsviewer-ACCESS_VIOLATION_WRITE_c0000005__unknown+1729b461__b5ef5aac1056ca96.png,WRITE,4290118528,1000000.0,137,73,13,7,0,0,0,0,0,0,0,0,0,0,44,0.11363636363636363,0.022727272727272728,15,3,19,3.144329712660756,0.1590909090909091
faststone,fsviewer-ACCESS_VIOLATION_WRITE_c0000005__unknown+1729f431__3326f4958346b822.png,DoS,4294967295,1000000.0,233,120,48,6,4,4,4,0,0,0,0,0,0,0,99,0.1717171717171717,0.0,20,7,20,4.11900980629411,0.3838383838383838
faststone,fsviewer-ACCESS_VIOLATION_WRITE_c0000005__unknown+172aab9b__67cb84efb859c9fa.png,WRITE,4288724225,1000000.0,121,61,10,5,0,0,0,0,0,0,0,0,0,0,39,0.46153846153846156,0.0,8,12,16,3.3105419622300976,0.1282051282051282
faststone,fsviewer-ACCESS_VIOLATION_WRITE_c0000005__unknown+172aae8d__e15875502d8c986d.png,WRITE,4294928745,1000000.0,78,39,5,5,0,0,0,0,0,0,0,0,0,0,26,0.11538461538461539,0.0,6,4,18,2.8441065448145384,0.15384615384615385
faststone,fsviewer-ACCESS_VIOLATION_WRITE_c0000005__unknown+172aaea7__21e937cd79f94576.png,WRITE,1099511627776,1000000.0,217,112,19,7,0,0,0,0,0,0,0,0,0,0,174,0.23563218390804597,0.08045977011494253,62,28,41,4.043929153100727,0.1724137931034483
faststone,fsviewer-ACCESS_VIOLATION_WRITE_c0000005__unknown+172abafb__18e0f765ec991bd7.png,WRITE,4290118528,1000000.0,169,89,27,3,0,0,0,0,0,0,0,0,0,0,50,0.14,0.02,10,3,17,3.644889451733241,0.3
faststone,fsviewer-ACCESS_VIOLATION_WRITE_c0000005__unknown+172b0279__1ec1d13c2d1d6b04.png,WRITE,4288724225,1000000.0,230,118,8,9,0,0,0,0,0,0,0,0,0,0,97,0.28865979381443296,0.1134020618556701,15,6,25,4.407168442636141,0.15463917525773196
faststone,fsviewer-ACCESS_VIOLATION_WRITE_c0000005__unknown+172bac99__64221f28144484c2.png,WRITE,4294574336,1000000.0,238,121,40,5,0,0,0,0,0,0,0,0,0,0,94,0.32978723404255317,0.010638297872340425,18,10,54,4.55952170336895,0.2765957446808511
faststone,fsviewer-ACCESS_VIOLATION_WRITE_c0000005__unknown+172bb3ff__1ea4bb0f6d935f85.png,WRITE,4278209098,1000000.0,213,109,10,9,0,0,0,0,0,0,0,0,0,0,63,0.4444444444444444,0.015873015873015872,13,3,27,4.300843553021168,0.1111111111111111
faststone,fsviewer-ACCESS_VIOLATION_WRITE_c0000005__unknown+172bb56a__359d6483b6bb8c10.png,WRITE,4278255833,1000000.0,79,40,17,4,0,0,0,0,0,0,0,0,0,0,26,0.0,0.0,5,3,26,3.1134733747241676,0.4230769230769231
faststone,fsviewer-ACCESS_VIOLATION_WRITE_c0000005__unknown+172bb7df__8740781ff445e0f8.png,WRITE,4292335405,1000000.0,220,114,35,14,0,0,0,1,0,1,0,0,0,0,230,0.6608695652173913,0.004347826086956522,26,16,35,5.244484515302967,0.10434782608695652
faststone,fsviewer-ACCESS_VIOLATION_WRITE_c0000005__unknown+172bb7f6__d45988816c0f5ede.png,WRITE,4294901760,1000000.0,215,107,37,19,0,0,0,0,0,0,0,0,0,0,137,0.26277372262773724,0.021897810218978103,45,10,40,4.266863649179895,0.20437956204379562
faststone,fsviewer-ACCESS_VIOLATION_WRITE_c0000005__unknown+172bb851__e2135d90b2a1c9f5.png,WRITE,4288724225,1000000.0,219,115,30,13,0,0,0,0,0,0,0,0,0,0,68,0.11764705882352941,0.0,21,3,23,3.7737532852480626,0.25
faststone,fsviewer-ACCESS_VIOLATION_WRITE_c0000005__unknown+172bb880__a1ed1f42cbd8e091.png,WRITE,4288724225,1000000.0,159,81,14,5,0,0,0,0,0,0,0,0,0,0,49,0.3469387755102041,0.02040816326530612,9,5,11,4.521875660000214,0.1836734693877551
faststone,fsviewer-ACCESS_VIOLATION_WRITE_c0000005__unknown+172bba02__4cd1037b70934bbe.png,WRITE,4294310912,1000000.0,225,113,28,15,-1,1,0,0,0,0,0,0,0,0,86,0.313953488372093,0.011627906976744186,19,6,20,4.158299109377303,0.19767441860465115
faststone,fsviewer-ACCESS_VIOLATION_WRITE_c0000005__unknown+172bbc3e__55fc7759b308abe9.png,WRITE,4287759364,1000000.0,141,77,17,1,0,0,0,0,0,0,0,0,0,0,43,0.09302325581395349,0.046511627906976744,9,3,33,3.267015095993226,0.20930232558139536
faststone,fsviewer-ACCESS_VIOLATION_WRITE_c0000005__unknown+172bc673__baab5538e8eb5816.png,WRITE,4288724225,1000000.0,163,83,15,5,0,0,0,0,0,0,0,0,0,0,49,0.3673469387755102,0.02040816326530612,8,4,11,4.410229231693701,0.1836734693877551
faststone,fsviewer-ACCESS_VIOLATION_WRITE_c0000005__unknown+172cab40__9633c8241bd7560e.png,WRITE,4290118633,1000000.0,116,61,15,3,0,0,0,0,0,0,0,0,0,0,36,0.1111111111111111,0.027777777777777776,8,3,16,3.4120302093549713,0.25
faststone,fsviewer-ACCESS_VIOLATION_WRITE_c0000005__unknown+172cab56__693a173aaa40920a.png,WRITE,4288724226,1000000.0,63,31,12,5,0,0,0,0,0,0,0,0,0,0,24,0.25,0.0,8,5,11,3.5016291673878226,0.25
faststone,fsviewer-ACCESS_VIOLATION_WRITE_c0000005__unknown+172cb057__f6048ccad1db546a.png,WRITE,4294115329,1000000.0,112,58,7,0,0,0,0,0,0,0,0,0,0,0,33,0.36363636363636365,0.0,4,4,11,3.0134986645507604,0.12121212121212122
faststone,fsviewer-ACCESS_VIOLATION_WRITE_c0000005__unknown+172cb894__3265d7eec93cd73c.png,WRITE,4282384385,1000000.0,93,48,8,0,0,0,0,0,0,0,0,0,0,0,28,0.2857142857142857,0.0,5,4,8,2.920607728367946,0.14285714285714285
faststone,fsviewer-ACCESS_VIOLATION_WRITE_c0000005__unknown+172cbafe__ebbef263465d9560.png,WRITE,4294913587,1000000.0,149,75,19,27,0,0,0,0,0,0,0,0,0,0,153,0.22875816993464052,0.026143790849673203,63,16,41,3.721347926651023,0.2549019607843137
faststone,fsviewer-ACCESS_VIOLATION_WRITE_c0000005__unknown+172cbca1__d72d37f469e40f58.png,WRITE,4290182148,1000000.0,142,73,16,5,0,0,0,0,0,0,0,0,0,0,43,0.09302325581395349,0.0,9,3,15,3.2181810152929966,0.20930232558139536
faststone,fsviewer-ACCESS_VIOLATION_WRITE_c0000005__unknown+172cebc6__a26206f3d5735900.png,WRITE,4294443052,1000000.0,244,124,36,2,0,0,0,0,0,0,0,0,0,0,67,0.1044776119402985,0.014925373134328358,6,6,18,3.1617226848418616,0.26865671641791045
faststone,fsviewer-ACCESS_VIOLATION_WRITE_c0000005__unknown+172daa8c__d6639ce7a3f083bb.png,WRITE,4244907780,1000000.0,84,45,5,5,0,0,0,0,0,0,0,0,0,0,31,0.0967741935483871,0.03225806451612903,11,5,21,2.6529717839302767,0.0967741935483871
faststone,fsviewer-ACCESS_VIOLATION_WRITE_c0000005__unknown+172dabb7__4dfd06bfbd369dc7.png,WRITE,4294836481,1000000.0,51,26,6,4,0,0,0,0,0,0,0,0,0,0,19,0.0,0.0,5,3,19,2.715326698771809,0.2631578947368421
faststone,fsviewer-ACCESS_VIOLATION_WRITE_c0000005__unknown+172db7de__b1e6bf2edb27888f.png,WRITE,4293787905,1000000.0,98,50,12,4,0,0,0,0,0,0,0,0,0,0,31,0.22580645161290322,0.0,6,4,14,3.533580180796302,0.1935483870967742
faststone,fsviewer-ACCESS_VIOLATION_WRITE_c0000005__unknown+172db82f__37862f2f2b546d93.png,WRITE,4290118529,1000000.0,127,67,15,3,0,0,0,0,0,0,0,0,0,0,39,0.1282051282051282,0.02564102564102564,9,4,18,3.475955423213824,0.23076923076923078
faststone,fsviewer-ACCESS_VIOLATION_WRITE_c0000005__unknown+172dbd2d__f22d5379ebc39dde.png,WRITE,4278322500,1000000.0,194,97,39,19,0,0,0,0,0,0,0,0,0,0,160,0.175,0.0,41,9,35,4.25578580689817,0.34375
faststone,fsviewer-ACCESS_VIOLATION_WRITE_c0000005__unknown+172dfb0c__799406a237d1df02.png,DoS,4294901761,1000000.0,232,120,16,4,0,0,0,0,0,0,0,0,0,0,66,0.12121212121212122,0.0,9,8,39,3.271584722523005,0.15151515151515152
faststone,fsviewer-ACCESS_VIOLATION_WRITE_c0000005__unknown+172eabf1__04aaa0e70e569200.png,WRITE,4294967295,1000000.0,106,53,18,9,0,0,0,0,0,0,0,0,0,0,38,0.15789473684210525,0.0,18,6,27,2.2008826192551068,0.23684210526315788
faststone,fsviewer-ACCESS_VIOLATION_WRITE_c0000005__unknown+172fab82__70bbc948a624d0b2.png,WRITE,4198498305,1000000.0,95,48,4,6,0,0,0,0,0,0,0,0,0,0,33,0.30303030303030304,0.0,9,5,16,3.1126181811204403,0.06060606060606061
faststone,fsviewer-ACCESS_VIOLATION_WRITE_c0000005__unknown+172fbe45__5dc3e2c1b4b3f800.png,WRITE,4294898178,1000000.0,155,77,28,21,-1,1,0,0,0,0,0,0,0,0,62,0.04838709677419355,0.0,31,11,28,2.8461398410198284,0.24193548387096775
faststone,fsviewer-ACCESS_VIOLATION_WRITE_c0000005__unknown+172fcb3d__0ab3467abb34c388.png,WRITE,4261478657,1000000.0,46,24,3,4,0,0,0,0,0,0,0,0,0,0,18,0.0,0.0,5,3,18,2.4331958387289765,0.16666666666666666
faststone,fsviewer-ACCESS_VIOLATION_WRITE_c0000005__unknown+17307765__f732e759f40e9629.png,DoS,4294967295,1000000.0,103,53,14,1,-1,1,0,0,0,0,0,0,0,0,31,0.41935483870967744,0.03225806451612903,4,8,14,3.3940502466255755,0.25806451612903225
faststone,fsviewer-ACCESS_VIOLATION_WRITE_c0000005__unknown+1730a2df__d21eadb7a63f786a.png,DoS,4294967295,1000000.0,44,22,9,4,0,0,0,0,0,0,0,0,0,0,18,0.05555555555555555,0.0,6,4,9,2.4410685859554375,0.2777777777777778
faststone,fsviewer-ACCESS_VIOLATION_WRITE_c0000005__unknown+1730acaa__2cb8f907fd1bdb74.png,WRITE,4294851151,1000000.0,190,97,29,5,0,0,0,0,0,0,0,0,0,0,57,0.2807017543859649,0.017543859649122806,10,5,15,4.5154587171506915,0.2807017543859649
faststone,fsviewer-ACCESS_VIOLATION_WRITE_c0000005__unknown+1731afc9__4b2b5865191a81fc.png,WRITE,4094165252,1000000.0,111,56,4,6,0,0,0,0,0,0,1,0,0,0,35,0.08571428571428572,0.0,7,3,14,3.194847809533152,0.05714285714285714
faststone,fsviewer-ACCESS_VIOLATION_WRITE_c0000005__unknown+1732b2ca__c8780ad40bc4dc70.png,WRITE,4294967084,1000000.0,217,105,45,21,0,0,0,0,0,0,0,0,0,0,70,0.04285714285714286,0.0,26,4,23,3.4385630432437373,0.34285714285714286
faststone,fsviewer-ACCESS_VIOLATION_WRITE_c0000005__unknown+1732c2bf__47086690fbbbe4da.png,WRITE,4261478657,1000000.0,103,52,9,2,0,0,0,0,0,0,0,0,0,0,31,0.22580645161290322,0.0,6,4,14,3.404547922731786,0.16129032258064516
faststone,fsviewer-ACCESS_VIOLATION_WRITE_c0000005__unknown+173320a9__8f4c5d14100ee2aa.png,DoS,4294967295,1000000.0,68,35,14,3,-1,1,0,0,0,0,0,0,0,0,23,0.17391304347826086,0.0,5,6,14,3.0507661742775687,0.34782608695652173
faststone,fsviewer-ACCESS_VIOLATION_WRITE_c0000005__unknown+17338649__b46307c33dd53364.png,DoS,4286513216,1000000.0,54,28,6,0,0,0,0,0,0,0,0,0,0,0,18,0.16666666666666666,0.0,5,1,15,3.4138338639736006,0.16666666666666666
faststone,fsviewer-ACCESS_VIOLATION_WRITE_c0000005__unknown+1733ae57__22d5228ca787ba9a.png,WRITE,4278292996,1000000.0,150,79,29,5,0,0,0,0,0,0,0,0,0,0,46,0.043478260869565216,0.0,10,7,31,2.974268840381846,0.34782608695652173
faststone,fsviewer-ACCESS_VIOLATION_WRITE_c0000005__unknown+1733c353__719f28954affd3a4.png,WRITE,4141744160,1000000.0,98,50,25,4,0,0,0,0,0,0,0,0,0,0,31,0.06451612903225806,0.0,6,10,16,2.748372426270624,0.41935483870967744
faststone,fsviewer-ACCESS_VIOLATION_WRITE_c0000005__unknown+17340c05__23f90a9ce4470947.png,DoS,4294934528,1000000.0,53,28,12,0,0,0,0,0,0,0,0,0,0,0,18,0.1111111111111111,0.0,4,2,15,3.2390979179887864,0.3333333333333333
faststone,fsviewer-ACCESS_VIOLATION_WRITE_c0000005__unknown+17344dad__f5b746c6da5b1e83.png,DoS,4294967231,1000000.0,54,28,21,0,0,0,0,0,0,0,0,0,0,0,18,0.05555555555555555,0.0,2,3,15,3.2390979179887864,0.6111111111111112
faststone,fsviewer-ACCESS_VIOLATION_WRITE_c0000005__unknown+1734b08b__6640fd01c4eb1815.png,WRITE,4281073664,1000000.0,166,84,15,9,0,0,0,0,0,0,0,0,0,0,50,0.22,0.14,12,6,16,4.058171939471839,0.2
faststone,fsviewer-ACCESS_VIOLATION_WRITE_c0000005__unknown+1734d1ff__2f214e571cf21e05.png,WRITE,4047241572,1000000.0,173,88,6,2,0,0,0,0,0,0,0,0,0,0,49,0.5510204081632653,0.0,6,16,21,2.8946238744183863,0.061224489795918366
faststone,fsviewer-ACCESS_VIOLATION_WRITE_c0000005__unknown+17358024__e2a472e044ef2952.png,DoS,4194369537,1000000.0,49,24,7,4,0,0,0,0,0,0,0,0,0,0,18,0.2222222222222222,0.0,6,2,18,2.9329993066372895,0.2222222222222222
faststone,fsviewer-ACCESS_VIOLATION_WRITE_c0000005__unknown+1735972d__04b7eebbe19875b8.png,DoS,4294967271,1000000.0,71,37,14,1,-1,1,0,0,0,0,0,0,0,0,23,0.34782608695652173,0.0,3,5,7,3.2203372407945308,0.30434782608695654
faststone,fsviewer-ACCESS_VIOLATION_WRITE_c0000005__unknown+173634f4__85a85ac6f9678809.png,WRITE,4294966861,1000000.0,53,28,10,0,0,0,0,0,0,0,0,0,0,0,18,0.2222222222222222,0.0,3,2,15,3.5724312513221195,0.2777777777777778
faststone,fsviewer-ACCESS_VIOLATION_WRITE_c0000005__unknown+17367095__87717a098a9f6c80.png,DoS,4279828496,1000000.0,79,42,2,0,0,0,0,0,0,0,0,0,0,0,25,0.04,0.0,3,8,14,2.3524876891689535,0.04
faststone,fsviewer-ACCESS_VIOLATION_WRITE_c0000005__unknown+17367a49__5725854c0a07937b.png,WRITE,4278846080,1000000.0,54,28,12,0,0,0,0,0,0,0,0,0,0,0,18,0.1111111111111111,0.0,2,2,9,3.1279868068776753,0.3333333333333333
faststone,fsviewer-ACCESS_VIOLATION_WRITE_c0000005__unknown+1736890b__0aaa9c39c592dfe3.png,WRITE,4141744160,1000000.0,105,54,29,4,0,0,0,0,0,0,0,0,0,0,33,0.09090909090909091,0.0,5,6,16,3.215948773066412,0.45454545454545453
faststone,fsviewer-ACCESS_VIOLATION_WRITE_c0000005__unknown+173689e8__c2183fa39d033e21.png,DoS,4294835969,1000000.0,201,105,46,7,0,0,0,0,0,0,0,0,0,0,91,0.07692307692307693,0.0,36,7,52,3.2957275026238912,0.34065934065934067
faststone,fsviewer-ACCESS_VIOLATION_WRITE_c0000005__unknown+17368ed1__df1dd0a329371a4b.png,WRITE,4141744160,1000000.0,105,54,25,4,0,0,0,0,0,0,0,0,0,0,33,0.12121212121212122,0.030303030303030304,5,5,16,3.0904424260944032,0.3939393939393939
faststone,fsviewer-ACCESS_VIOLATION_WRITE_c0000005__unknown+1736cbe6__3590a363efa6b460.png,WRITE,4141744160,1000000.0,105,54,29,4,0,0,0,0,0,0,0,0,0,0,33,0.09090909090909091,0.0,5,6,16,3.0694497774259077,0.45454545454545453
faststone,fsviewer-ACCESS_VIOLATION_WRITE_c0000005__unknown+1736dfac__72ccb845cd5364c4.png,WRITE,4294933504,1000000.0,54,28,12,0,0,0,0,0,0,0,0,0,0,0,18,0.16666666666666666,0.0,3,2,15,3.5724312513221195,0.3333333333333333
faststone,fsviewer-ACCESS_VIOLATION_WRITE_c0000005__unknown+1736ee51__95dbc5575321d477.png,WRITE,4294967295,1000000.0,163,81,40,11,0,0,0,0,0,0,0,0,0,0,55,0.09090909090909091,0.0,19,9,37,2.891078510907221,0.36363636363636365
faststone,fsviewer-ACCESS_VIOLATION_WRITE_c0000005__unknown+17372c46__8dbdb5be008af65e.png,WRITE,4294926608,1000000.0,53,28,12,0,0,0,0,0,0,0,0,0,0,0,18,0.16666666666666666,0.0,4,2,15,3.1279868068776753,0.3333333333333333
faststone,fsviewer-ACCESS_VIOLATION_WRITE_c0000005__unknown+17374d48__24eb610711c342b7.png,WRITE,4141744160,1000000.0,105,54,27,4,0,0,0,0,0,0,0,0,0,0,33,0.12121212121212122,0.0,5,7,16,3.215948773066412,0.42424242424242425
faststone,fsviewer-ACCESS_VIOLATION_WRITE_c0000005__unknown+17377615__ca510e7cc2e09e02.png,DoS,4294901939,1000000.0,52,26,12,2,0,0,0,0,0,0,0,0,0,0,18,0.1111111111111111,0.0,5,2,15,3.080500530640267,0.3333333333333333
faststone,fsviewer-ACCESS_VIOLATION_WRITE_c0000005__unknown+1737b8fa__f315ff49a1fce1b1.png,WRITE,4280326912,1000000.0,89,45,7,5,0,0,0,0,0,0,0,0,0,0,29,0.10344827586206896,0.0,7,3,13,3.3696617034472216,0.20689655172413793
faststone,fsviewer-ACCESS_VIOLATION_WRITE_c0000005__unknown+1737cc52__eadf8dd344358102.png,WRITE,4141744160,1000000.0,105,54,27,4,0,0,0,0,0,0,0,0,0,0,33,0.12121212121212122,0.0,5,10,16,3.0088437168198467,0.42424242424242425
faststone,fsviewer-ACCESS_VIOLATION_WRITE_c0000005__unknown+17386822__abe5875da0dacece.png,DoS,4294934527,1000000.0,125,63,16,1,0,0,0,0,0,0,0,0,0,0,36,0.08333333333333333,0.0,3,10,23,2.8292399318175785,0.2222222222222222
faststone,fsviewer-ACCESS_VIOLATION_WRITE_c0000005__unknown+1738a0ba__cd3e86e8a7bd331c.png,DoS,4264165453,1000000.0,52,26,4,2,0,0,0,0,0,0,0,0,0,0,18,0.2777777777777778,0.0,5,2,15,3.4138338639736006,0.1111111111111111
faststone,fsviewer-ACCESS_VIOLATION_WRITE_c0000005__unknown+1738aea0__e624586c3b728b04.png,WRITE,4261478657,1000000.0,226,119,16,5,0,0,0,0,0,0,0,0,0,0,66,0.12121212121212122,0.0,15,6,39,3.161786552299782,0.12121212121212122
faststone,fsviewer-ACCESS_VIOLATION_WRITE_c0000005__unknown+1738db96__dbb6642ec92a83b5.png,DoS,4294934627,1000000.0,171,87,31,1,0,0,0,0,0,0,0,0,0,0,48,0.4583333333333333,0.0,3,15,29,2.688143726022662,0.3541666666666667
faststone,fsviewer-ACCESS_VIOLATION_WRITE_c0000005__unknown+173977ec__5db9cbb387a2eca8.png,DoS,4294965761,1000000.0,54,28,8,0,0,0,0,0,0,0,0,0,0,0,18,0.5,0.0,2,7,18,2.0985798617120746,0.2222222222222222
faststone,fsviewer-ACCESS_VIOLATION_WRITE_c0000005__unknown+17397a45__16d5eea7d14bb2e3.png,WRITE,4278256127,1000000.0,153,79,12,1,0,0,0,0,0,0,0,0,0,0,44,0.045454545454545456,0.0,6,3,41,2.735970393142132,0.13636363636363635
faststone,fsviewer-ACCESS_VIOLATION_WRITE_c0000005__unknown+17397ef7__861ace3aaad9d3a2.png,DoS,4280335189,1000000.0,52,28,10,0,0,0,0,0,0,0,0,0,0,0,18,0.2777777777777778,0.0,3,1,7,3.016875695766564,0.2777777777777778
faststone,fsviewer-ACCESS_VIOLATION_WRITE_c0000005__unknown+17398cc0__44915bcb45b94339.png,WRITE,4294967295,1000000.0,71,37,22,1,-1,1,0,0,0,0,0,0,0,0,23,0.13043478260869565,0.0,3,11,14,2.455582703477134,0.5217391304347826
faststone,fsviewer-ACCESS_VIOLATION_WRITE_c0000005__unknown+1739df31__441ac4e3e0e72fc3.png,DoS,4294910978,1000000.0,211,106,17,10,1,1,1,0,0,0,0,0,0,0,62,0.25806451612903225,0.0,13,8,30,3.886150338220925,0.14516129032258066
faststone,fsviewer-ACCESS_VIOLATION_WRITE_c0000005__unknown+1739f83e__1f3cd9f3573238be.png,DoS,4294967295,1000000.0,240,124,48,4,0,0,0,0,0,0,0,0,0,0,120,0.3,0.0,24,8,120,4.228177688726993,0.31666666666666665
faststone,fsviewer-ACCESS_VIOLATION_WRITE_c0000005__unknown+173a1a36__2d9a3a728c02ce9b.png,DoS,4294934783,1000000.0,54,28,17,0,0,0,0,0,0,0,0,0,0,0,18,0.05555555555555555,0.0,2,2,15,3.03856233607563,0.5
faststone,fsviewer-ACCESS_VIOLATION_WRITE_c0000005__unknown+173a7acc__ad0c335e92729b8e.png,WRITE,4294967167,1000000.0,52,26,16,2,0,0,0,0,0,0,0,0,0,0,18,0.05555555555555555,0.0,4,3,15,2.969389419529156,0.4444444444444444
faststone,fsviewer-ACCESS_VIOLATION_WRITE_c0000005__unknown+173ae832__75c0255181d0378b.png,WRITE,4278255864,1000000.0,54,28,8,2,0,0,0,0,0,0,0,0,0,0,19,0.0,0.0,4,3,19,2.792586226369731,0.2631578947368421
faststone,fsviewer-ACCESS_VIOLATION_WRITE_c0000005__unknown+173b054d__5af1665d027a2db2.png,DoS,4286611456,1000000.0,54,28,10,0,0,0,0,0,0,0,0,0,0,0,18,0.2777777777777778,0.0,4,3,15,3.350209029099897,0.2777777777777778
faststone,fsviewer-ACCESS_VIOLATION_WRITE_c0000005__unknown+173b53a9__532d44290ce7f2e9.png,DoS,1633771873,1000000.0,54,28,0,0,0,0,0,0,0,0,0,0,0,0,18,0.6666666666666666,0.0,2,11,15,1.6688388898504305,0.0
faststone,fsviewer-ACCESS_VIOLATION_WRITE_c0000005__unknown+173b9831__c9beeff4f4f9f110.png,DoS,4286611456,1000000.0,52,26,8,2,0,0,0,0,0,0,0,0,0,0,18,0.2222222222222222,0.0,6,2,15,3.197159723424149,0.2222222222222222
faststone,fsviewer-ACCESS_VIOLATION_WRITE_c0000005__unknown+173bac18__373d702dd7d13514.png,WRITE,4278256118,1000000.0,51,24,9,6,0,0,0,0,0,0,0,0,0,0,20,0.05,0.0,6,4,9,2.7709505944546686,0.3
faststone,fsviewer-ACCESS_VIOLATION_WRITE_c0000005__unknown+173bb919__53b43f842cbcd4a9.png,WRITE,1099511627776,1000000.0,226,115,22,11,0,0,0,0,0,0,0,0,0,0,174,0.26436781609195403,0.13218390804597702,47,12,41,4.216871143228658,0.21839080459770116
faststone,fsviewer-ACCESS_VIOLATION_WRITE_c0000005__unknown+173c5923__578e463cd316a17f.png,DoS,4278255201,1000000.0,54,28,8,0,0,0,0,0,0,0,0,0,0,0,18,0.2222222222222222,0.0,4,2,18,2.905764584655453,0.2222222222222222
faststone,fsviewer-ACCESS_VIOLATION_WRITE_c0000005__unknown+173c7e75__63a1ff62f875e3ef.png,WRITE,4294835969,1000000.0,91,47,19,3,0,0,0,0,0,0,0,0,0,0,29,0.034482758620689655,0.0,9,2,15,2.920711703148812,0.3793103448275862
faststone,fsviewer-ACCESS_VIOLATION_WRITE_c0000005__unknown+173c9eff__f39f0cb701f57bfd.png,WRITE,4284572157,1000000.0,51,26,13,2,0,0,0,0,0,0,0,0,0,0,18,0.1111111111111111,0.0,4,5,18,2.7052290027422967,0.4444444444444444
faststone,fsviewer-ACCESS_VIOLATION_WRITE_c0000005__unknown+173ca5ac__c1a261b1ef6bc1ec.png,WRITE,4284571904,1000000.0,53,28,8,0,0,0,0,0,0,0,0,0,0,0,18,0.2777777777777778,0.0,4,2,18,3.086048612313038,0.2222222222222222
faststone,fsviewer-ACCESS_VIOLATION_WRITE_c0000005__unknown+173cb83d__218c9ebbe20934a8.png,DoS,4294902016,1000000.0,65,33,15,1,0,0,0,0,0,0,0,0,0,0,21,0.14285714285714285,0.0,3,3,11,3.3320953986601696,0.38095238095238093
faststone,fsviewer-ACCESS_VIOLATION_WRITE_c0000005__unknown+173e7301__8166006d664ab77d.png,DoS,4286513152,1000000.0,121,59,26,5,0,0,0,0,0,0,0,0,0,0,36,0.027777777777777776,0.0,5,8,33,2.936084007508686,0.3611111111111111
faststone,fsviewer-ACCESS_VIOLATION_WRITE_c0000005__unknown+173f6c24__5e94a71c5f43f822.png,DoS,4278808648,1000000.0,51,26,8,2,0,0,0,0,0,0,0,0,0,0,18,0.2222222222222222,0.0,4,2,6,3.5032583347756456,0.2222222222222222
faststone,fsviewer-ACCESS_VIOLATION_WRITE_c0000005__unknown+17402425__f8411ae0e446a14d.png,WRITE,4292345872,1000000.0,54,28,9,0,1,1,1,0,0,0,0,0,0,0,18,0.16666666666666666,0.0,2,2,7,3.4613201402110083,0.2777777777777778
faststone,fsviewer-ACCESS_VIOLATION_WRITE_c0000005__unknown+1740ae72__e0b7386153e2c29b.png,WRITE,4294967295,1000000.0,223,113,39,9,-5,5,0,0,0,0,0,0,0,0,177,0.4011299435028249,0.0,30,8,19,4.89479931843954,0.2768361581920904
faststone,fsviewer-ACCESS_VIOLATION_WRITE_c0000005__unknown+17479928__0d2dc901d02e5991.png,WRITE,4294967295,1000000.0,71,37,22,1,0,0,0,0,0,0,0,0,0,0,23,0.13043478260869565,0.0,4,5,8,2.4342685732304794,0.5217391304347826
faststone,fsviewer-ACCESS_VIOLATION_WRITE_c0000005__unknown+174f9146__c5ef82aaf972a0be.png,WRITE,4244941739,1000000.0,207,105,43,3,0,0,0,0,0,0,0,0,0,0,58,0.05172413793103448,0.0,6,9,30,3.3814478679933453,0.41379310344827586
faststone,fsviewer-ACCESS_VIOLATION_WRITE_c0000005__unknown+175317ce__8ee0c7421f1adc3c.png,DoS,4290361785,1000000.0,173,90,23,2,1,1,1,0,0,0,0,0,0,0,50,0.2,0.0,7,6,39,3.0072651905921526,0.24
faststone,fsviewer-ACCESS_VIOLATION_WRITE_c0000005__unknown+17548b49__aa740a188dd51c6c.png,WRITE,4265675818,1000000.0,73,38,6,0,0,0,0,0,0,0,0,0,0,0,23,0.30434782608695654,0.0,3,2,7,3.642489673166126,0.13043478260869565
faststone,fsviewer-ACCESS_VIOLATION_WRITE_c0000005__unknown+1755b390__01b90e3448316ae4.png,DoS,4294967295,1000000.0,60,31,10,3,-1,1,0,0,0,0,0,0,0,0,21,0.19047619047619047,0.0,5,4,7,3.0602141632055657,0.23809523809523808
faststone,fsviewer-INVALID_POINTER_READ_c0000005__driver_x32+18b996__85e8d7fdab186496.png,DoS,4293726720,1000000.0,53,28,8,0,0,0,0,0,0,0,0,0,0,0,18,0.2222222222222222,0.0,4,1,15,3.2810361125534233,0.2222222222222222
faststone,fsviewer-INVALID_POINTER_READ_c0000005__fsviewer+1b97c0__b818bc2dcfdb6fe6.png,WRITE,4043416592,1000000.0,177,88,41,4,0,0,0,1,0,1,0,0,0,0,50,0.12,0.0,5,5,21,3.4506993328423072,0.46
faststone,fsviewer-INVALID_POINTER_READ_c0000005__fsviewer+2419c4__e4ff64234b800065.png,DoS,4294967256,1000000.0,252,128,52,0,-1,1,0,0,0,0,0,0,0,0,100,0.27,0.02,5,10,56,3.6949900622236562,0.31
faststone,fsviewer-INVALID_POINTER_READ_c0000005__fsviewer+2419f2__d355b3e8bdc8b6f5.png,DoS,4294876416,1000000.0,210,107,43,3,0,0,0,0,0,0,0,0,0,0,59,0.23728813559322035,0.0,11,5,29,4.006661044478775,0.3728813559322034
faststone,fsviewer-INVALID_POINTER_READ_c0000005__fsviewer+24d845__2abc8dc420b0d620.png,DoS,4261520606,1000000.0,64,30,18,4,0,0,0,0,0,0,0,0,0,0,24,0.041666666666666664,0.0,6,7,20,2.4736693980937767,0.4166666666666667
faststone,fsviewer-INVALID_POINTER_READ_c0000005__fsviewer+24d909__77d0e18d37a885d2.png,DoS,4261143266,1000000.0,208,112,42,14,0,0,0,0,0,2,0,0,0,0,407,0.5184275184275184,0.007371007371007371,68,13,50,5.7594029773003825,0.19901719901719903
faststone,fsviewer-INVALID_POINTER_READ_c0000005__fsviewer+2d6d__925450db98b31799.png,DoS,4294836735,1000000.0,244,124,8,4,0,0,0,1,0,1,0,0,0,0,79,0.4810126582278481,0.012658227848101266,9,11,40,4.318366376981135,0.05063291139240506
faststone,fsviewer-INVALID_POINTER_READ_c0000005__fsviewer+4394__066660f07e6adb74.png,DoS,4278222976,1000000.0,16,8,5,0,0,0,0,0,0,0,0,0,0,0,8,0.125,0.0,1,2,8,2.4056390622295662,0.625
faststone,fsviewer-INVALID_POINTER_READ_c0000005__fsviewer+5e10d3__317dab2538828666.png,WRITE,4238648331,1000000.0,122,62,12,0,0,0,0,0,0,0,8,0,0,0,35,0.42857142857142855,0.0,1,14,24,2.682914190008348,0.22857142857142856
faststone,fsviewer-INVALID_POINTER_READ_c0000005__fsviewer+9590__94ba8d4d9a6d028e.png,DoS,4286513385,1000000.0,251,128,10,0,0,0,0,0,0,0,0,0,0,0,78,0.46153846153846156,0.0,10,12,78,3.8309010104185397,0.15384615384615385
faststone,fsviewer-INVALID_POINTER_READ_c0000005__fsviewer+95a7__3b31798e1c6ce970.png,WRITE,4294967295,1000000.0,72,37,18,1,-1,1,0,0,0,0,0,0,0,0,23,0.17391304347826086,0.0,4,5,9,2.848373912014369,0.43478260869565216
faststone,fsviewer-INVALID_POINTER_READ_c0000005__fsviewer+f60fd__eb0f881faa3df143.png,DoS,4294926432,1000000.0,246,126,29,2,-1,1,0,0,0,0,0,0,0,0,135,0.5851851851851851,0.007407407407407408,12,13,67,4.709481821154336,0.2074074074074074
faststone,fsviewer-INVALID_POINTER_READ_c0000005__ntdll+883aa__fe07969ce7ab5157.png,WRITE,4294311701,1000000.0,143,74,15,12,0,0,0,0,0,0,0,0,0,0,55,0.14545454545454545,0.05454545454545454,24,11,29,3.0192978408294784,0.16363636363636364
faststone,fsviewer-INVALID_POINTER_READ_c0000005__unknown+1671ab75__7b05385a4e0dcb65.png,DoS,3991200996,1000000.0,54,28,22,0,0,0,0,0,0,0,0,0,0,0,18,0.05555555555555555,0.0,2,10,18,1.991076059838222,0.6111111111111112
faststone,fsviewer-INVALID_POINTER_READ_c0000005__unknown+1672ab75__e90a429d97ba386c.png,WRITE,4278258688,1000000.0,111,59,31,1,2,2,2,0,0,0,0,0,0,0,34,0.11764705882352941,0.0,7,8,11,2.4107060503475606,0.5
faststone,fsviewer-INVALID_POINTER_READ_c0000005__unknown+1673ab75__e63d6d56c5402de5.png,WRITE,4292935680,1000000.0,150,74,8,2,0,0,0,0,0,0,0,0,0,0,42,0.23809523809523808,0.09523809523809523,5,5,29,3.4955700827919247,0.09523809523809523
faststone,fsviewer-INVALID_POINTER_READ_c0000005__unknown+1674ab75__bcdb559a85f7134d.png,WRITE,4294443052,1000000.0,182,93,22,3,0,0,0,0,0,0,0,0,0,0,52,0.11538461538461539,0.0,7,6,18,3.4175525165956144,0.21153846153846154
faststone,fsviewer-INVALID_POINTER_READ_c0000005__unknown+1675ab75__649ee2637aaa09d2.png,WRITE,3925934400,1000000.0,243,123,30,5,0,0,0,0,0,0,0,0,0,0,121,0.4132231404958678,0.008264462809917356,17,6,58,4.8697830829989925,0.1652892561983471
faststone,fsviewer-INVALID_POINTER_READ_c0000005__unknown+1677ab75__1478e996e28306e3.png,WRITE,4280295936,1000000.0,144,75,23,1,0,0,0,1,0,1,0,0,0,0,42,0.16666666666666666,0.0,6,2,12,3.778640339187871,0.3333333333333333
faststone,fsviewer-INVALID_POINTER_READ_c0000005__unknown+167fab75__e324572cd95782e3.png,WRITE,4294904191,1000000.0,134,66,10,2,0,0,0,0,0,0,0,0,0,0,38,0.15789473684210525,0.10526315789473684,5,6,25,3.2691525292354084,0.13157894736842105
faststone,fsviewer-INVALID_POINTER_READ_c0000005__unknown+1680ab75__24e2d12608c3ad4b.png,WRITE,3925934337,1000000.0,126,63,17,1,0,0,0,0,0,0,0,0,0,0,36,0.1388888888888889,0.1111111111111111,2,10,33,2.7241416022149774,0.3055555555555556
faststone,fsviewer-INVALID_POINTER_READ_c0000005__unknown+1682ab75__ebcc564d65be408b.png,WRITE,3858825473,1000000.0,228,126,2,2,0,0,0,1,0,3,0,0,0,0,325,0.7876923076923077,0.018461538461538463,10,10,21,5.464727589254409,0.052307692307692305
faststone,fsviewer-INVALID_POINTER_READ_c0000005__unknown+1683ab75__60d6a49b23c5cc23.png,DoS,4294967295,1000000.0,72,37,19,1,-1,1,0,0,0,0,0,0,0,0,23,0.2608695652173913,0.0,4,4,9,3.321323501517742,0.4782608695652174
faststone,fsviewer-INVALID_POINTER_READ_c0000005__unknown+1684ab75__987768291556d5db.png,WRITE,4294443052,1000000.0,215,109,24,5,0,0,0,0,0,0,0,0,0,0,61,0.09836065573770492,0.0,9,6,24,3.1192117180639816,0.19672131147540983
faststone,fsviewer-INVALID_POINTER_READ_c0000005__unknown+1686ab75__c757f6090a4ffd07.png,WRITE,3925934337,1000000.0,178,88,4,2,1,1,1,0,0,0,0,0,0,0,49,0.3469387755102041,0.08163265306122448,5,9,32,3.2430159786342982,0.04081632653061224
faststone,fsviewer-INVALID_POINTER_READ_c0000005__unknown+1688ab75__d6cb472a860b21c5.png,WRITE,4244907780,1000000.0,181,93,18,3,0,0,0,0,0,0,0,0,0,0,52,0.1346153846153846,0.0,7,6,18,3.049589761471263,0.17307692307692307
faststone,fsviewer-INVALID_POINTER_READ_c0000005__unknown+1694ab75__e209cbe2d14cd8f2.png,DoS,4294967295,1000000.0,83,43,22,1,-1,1,0,0,0,0,0,0,0,0,26,0.23076923076923078,0.0,4,4,7,2.9612366047228758,0.46153846153846156
faststone,fsviewer-INVALID_POINTER_READ_c0000005__unknown+1696ab75__dc140d8c747e3950.png,WRITE,4292935937,1000000.0,158,78,10,2,0,0,0,0,0,0,0,0,0,0,44,0.1590909090909091,0.09090909090909091,6,5,17,3.2855966074612843,0.11363636363636363
faststone,fsviewer-INVALID_POINTER_READ_c0000005__unknown+16aaab75__c7336d7b8c56d2d1.png,WRITE,3860005121,1000000.0,67,35,2,3,0,0,0,0,0,0,0,0,0,0,23,0.043478260869565216,0.0,6,6,18,2.402084237819134,0.043478260869565216
faststone,fsviewer-INVALID_POINTER_READ_c0000005__unknown+16acab75__cb537e4e15743cb3.png,WRITE,4292935680,1000000.0,193,96,6,2,0,0,0,0,0,0,0,0,0,0,53,0.1320754716981132,0.07547169811320754,5,11,25,2.9101881293081275,0.05660377358490566
faststone,fsviewer-INVALID_POINTER_READ_c0000005__unknown+16adab75__fe716535a1a48738.png,WRITE,4290118660,1000000.0,179,91,33,11,0,0,0,0,0,0,0,0,0,0,59,0.11864406779661017,0.01694915254237288,17,10,43,2.920859163473076,0.3050847457627119
faststone,fsviewer-INVALID_POINTER_READ_c0000005__unknown+16afab75__b6888d27208af293.png,WRITE,4294901985,1000000.0,134,68,10,0,0,0,0,0,0,0,0,0,0,0,38,0.15789473684210525,0.10526315789473684,4,5,25,3.204154137668662,0.18421052631578946
faststone,fsviewer-INVALID_POINTER_READ_c0000005__unknown+16b0ab75__54561656b5339514.png,DoS,4294967295,1000000.0,72,37,16,1,-1,1,0,1,0,1,0,0,0,0,23,0.34782608695652173,0.0,4,4,9,3.1474104580394813,0.34782608695652173
faststone,fsviewer-INVALID_POINTER_READ_c0000005__unknown+16b3ab75__ca0ff96bb31674c0.png,WRITE,4294967295,1000000.0,49,25,14,1,0,0,0,0,0,0,0,0,0,0,17,0.17647058823529413,0.0,4,4,7,2.4609049321677965,0.4117647058823529
faststone,fsviewer-INVALID_POINTER_READ_c0000005__unknown+16baab75__2a1195b2c26b30f6.png,WRITE,4292935680,1000000.0,134,66,6,2,0,0,0,1,0,1,0,0,0,0,38,0.18421052631578946,0.07894736842105263,4,6,25,3.316767566463213,0.07894736842105263
faststone,fsviewer-INVALID_POINTER_READ_c0000005__unknown+16bdab75__966c21070c0f9ff4.png,WRITE,4292935680,1000000.0,134,66,6,2,0,0,0,1,0,1,0,0,0,1,38,0.18421052631578946,0.10526315789473684,5,5,25,3.3196899146571672,0.07894736842105263
faststone,fsviewer-INVALID_POINTER_READ_c0000005__unknown+16beab75__73d860efd6ef2a1e.png,DoS,4294967295,1000000.0,71,37,19,1,-1,1,0,0,0,0,0,0,0,0,23,0.13043478260869565,0.0,4,4,7,3.1145892622932436,0.4782608695652174
faststone,fsviewer-INVALID_POINTER_READ_c0000005__unknown+16c0ab75__2f61c4dca917f97c.png,WRITE,4294443052,1000000.0,119,61,10,3,0,0,0,0,0,0,0,0,0,0,36,0.1388888888888889,0.0,7,4,18,3.1892869761976885,0.1388888888888889
faststone,fsviewer-INVALID_POINTER_READ_c0000005__unknown+16c1ab75__acabcfc02395ffd1.png,DoS,4294967295,1000000.0,71,37,16,1,-1,1,0,0,0,0,0,0,0,0,23,0.21739130434782608,0.0,4,4,7,3.2343669797786117,0.391304347826087
faststone,fsviewer-INVALID_POINTER_READ_c0000005__unknown+16c2ab75__1ec7390abbf5963d.png,WRITE,4294443052,1000000.0,149,75,20,3,0,0,0,0,0,0,0,0,0,0,43,0.11627906976744186,0.0,6,6,18,3.082819267015858,0.23255813953488372
faststone,fsviewer-INVALID_POINTER_READ_c0000005__unknown+16c3ab75__cd0cc2b4f38bf7f9.png,WRITE,4294443052,1000000.0,182,93,24,3,0,0,0,0,0,0,0,0,0,0,52,0.11538461538461539,0.0,7,6,18,3.2983269215913884,0.23076923076923078
faststone,fsviewer-INVALID_POINTER_READ_c0000005__unknown+16c6ab75__d8c9cc06a6dfd79f.png,WRITE,4294443052,1000000.0,182,93,24,3,0,0,0,0,0,0,0,0,0,0,52,0.11538461538461539,0.0,7,6,18,3.269011098667745,0.23076923076923078
faststone,fsviewer-INVALID_POINTER_READ_c0000005__unknown+16ccab75__9115b5435aaedcb9.png,WRITE,4292935680,1000000.0,134,66,11,2,0,0,0,0,0,0,0,0,0,0,38,0.15789473684210525,0.10526315789473684,5,4,25,3.489271686514363,0.15789473684210525
faststone,fsviewer-INVALID_POINTER_READ_c0000005__unknown+16cdab75__8b4ef62ba734156a.png,WRITE,4294443052,1000000.0,182,93,15,3,0,0,0,0,0,0,0,0,0,0,52,0.11538461538461539,0.0,7,6,18,3.0680845809348325,0.15384615384615385
faststone,fsviewer-INVALID_POINTER_READ_c0000005__unknown+16ceab75__00f4a19586cd83b6.png,WRITE,4292935680,1000000.0,134,66,22,2,0,0,0,0,0,0,0,0,0,0,38,0.13157894736842105,0.10526315789473684,4,8,35,3.2711007903182234,0.2894736842105263
faststone,fsviewer-INVALID_POINTER_READ_c0000005__unknown+16cfab75__b2e01273a08a63d6.png,WRITE,4286558127,1000000.0,166,83,18,1,1,1,1,0,0,0,0,0,0,0,46,0.17391304347826086,0.08695652173913043,4,6,26,3.2401801638905483,0.1956521739130435
faststone,fsviewer-INVALID_POINTER_READ_c0000005__unknown+16d0ab75__93b20880aa6366f9.png,WRITE,4220292236,1000000.0,62,34,20,0,0,0,0,0,0,0,0,0,0,0,21,0.0,0.0,5,3,18,2.7199643047423914,0.47619047619047616
faststone,fsviewer-INVALID_POINTER_READ_c0000005__unknown+16d1ab75__d99880fd09814a12.png,WRITE,3925935873,1000000.0,156,78,4,4,0,0,0,0,0,0,0,0,0,0,45,0.06666666666666667,0.0,8,5,33,2.8637494850743326,0.044444444444444446
faststone,fsviewer-INVALID_POINTER_READ_c0000005__unknown+16d26ec6__767bad95389d9cf1.png,DoS,4294836352,1000000.0,52,26,10,2,0,0,0,0,0,0,0,0,0,0,18,0.1111111111111111,0.0,6,2,18,2.9329993066372895,0.2777777777777778
faststone,fsviewer-INVALID_POINTER_READ_c0000005__unknown+16d2ab75__b5fe2b675b77893a.png,DoS,4294967295,1000000.0,71,37,14,1,-1,1,0,0,0,0,0,0,0,0,23,0.21739130434782608,0.0,5,4,7,3.137722696016699,0.34782608695652173
faststone,fsviewer-INVALID_POINTER_READ_c0000005__unknown+16d3ab75__75f7083b6ebcf84d.png,WRITE,4244806296,1000000.0,53,28,8,0,0,0,0,0,0,0,0,0,0,0,18,0.05555555555555555,0.0,3,4,8,3.149673447186741,0.2222222222222222
faststone,fsviewer-INVALID_POINTER_READ_c0000005__unknown+16d4ab75__f8e34ee970b62d76.png,WRITE,4294967295,1000000.0,65,30,14,8,-1,1,0,0,0,0,0,0,0,0,23,0.08695652173913043,0.0,9,4,7,2.6088184770436325,0.34782608695652173
faststone,fsviewer-INVALID_POINTER_READ_c0000005__unknown+16d5ab75__f82df1e9d662ca5e.png,DoS,4294967295,1000000.0,243,123,24,5,-1,1,0,0,0,0,0,0,0,0,118,0.7627118644067796,0.01694915254237288,10,11,27,4.831630661383969,0.11864406779661017
faststone,fsviewer-INVALID_POINTER_READ_c0000005__unknown+16d6ab75__98dff67369403666.png,WRITE,3520188881,1000000.0,184,93,19,3,0,0,0,0,0,0,0,0,0,0,52,0.25,0.0,6,12,47,3.3116719440169318,0.21153846153846154
faststone,fsviewer-INVALID_POINTER_READ_c0000005__unknown+16d7ab75__96fe8c7d4c088b76.png,DoS,4286611456,1000000.0,52,26,8,2,0,0,0,0,0,0,0,0,0,0,18,0.2222222222222222,0.0,6,2,10,3.197159723424149,0.2222222222222222
faststone,fsviewer-INVALID_POINTER_READ_c0000005__unknown+16d8ab75__b7197fb45a489ea0.png,WRITE,4286605682,1000000.0,149,75,24,11,0,0,0,0,0,0,0,0,0,0,48,0.20833333333333334,0.0,13,10,33,3.1666315676613372,0.25
faststone,fsviewer-INVALID_POINTER_READ_c0000005__unknown+16d9ab75__3c007c685974b4c5.png,WRITE,4294902017,1000000.0,144,74,18,0,0,0,0,0,0,0,0,0,0,0,41,0.04878048780487805,0.0,6,9,38,2.629990096467062,0.24390243902439024
faststone,fsviewer-INVALID_POINTER_READ_c0000005__unknown+16daab75__95273535f645c2ee.png,WRITE,4261488388,1000000.0,181,93,18,3,0,0,0,0,0,0,0,0,0,0,52,0.07692307692307693,0.0,8,6,18,2.911625762004987,0.17307692307692307
faststone,fsviewer-INVALID_POINTER_READ_c0000005__unknown+16e7ab75__8d90d07836ec2b91.png,WRITE,4294836481,1000000.0,142,70,12,4,0,0,0,0,0,0,0,0,0,0,41,0.12195121951219512,0.0975609756097561,7,4,28,3.689103908116457,0.14634146341463414
faststone,fsviewer-INVALID_POINTER_READ_c0000005__unknown+17164b5b__1dd747e756c4020f.png,DoS,4294967295,1000000.0,228,117,38,11,0,0,0,0,0,0,0,0,0,0,175,0.1657142857142857,0.005714285714285714,36,8,79,4.786622564994847,0.33714285714285713
faststone,fsviewer-INVALID_POINTER_READ_c0000005__unknown+17175b9e__1ce0e8458ac44468.png,DoS,2449473792,1000000.0,42,25,1,1,0,0,0,0,0,0,0,0,0,0,17,0.058823529411764705,0.058823529411764705,6,2,14,2.212503842372268,0.058823529411764705
faststone,fsviewer-INVALID_POINTER_READ_c0000005__unknown+17184821__5def64feede6c084.png,WRITE,4265607168,1000000.0,185,90,18,10,0,0,0,0,0,0,0,0,0,0,54,0.018518518518518517,0.0,10,10,51,2.7786083955696235,0.16666666666666666
faststone,fsviewer-INVALID_POINTER_READ_c0000005__unknown+1719502f__d131d2140601be99.png,WRITE,4287927444,1000000.0,241,120,34,8,0,0,0,0,0,0,0,0,0,0,79,0.02531645569620253,0.0,13,8,48,3.3554447828820084,0.24050632911392406
faststone,fsviewer-INVALID_POINTER_READ_c0000005__unknown+171a5803__0f7906e268977d98.png,DoS,4290118528,1000000.0,169,89,21,3,0,0,0,0,0,0,0,0,0,0,50,0.2,0.02,10,4,17,3.7331023645672388,0.24
faststone,fsviewer-INVALID_POINTER_READ_c0000005__unknown+171a5cef__0ebf381beee063fd.png,DoS,4244907780,1000000.0,241,125,8,3,0,0,0,1,0,3,0,0,0,0,165,0.7212121212121212,0.012121212121212121,11,8,24,5.435696317174343,0.048484848484848485
faststone,fsviewer-INVALID_POINTER_READ_c0000005__unknown+171b619e__5b446df6471fd9af.png,DoS,4294312192,1000000.0,155,80,8,2,1,1,1,0,0,0,0,0,0,0,45,0.24444444444444444,0.0,7,8,35,2.7192202259652736,0.08888888888888889
faststone,fsviewer-INVALID_POINTER_READ_c0000005__unknown+171c3d43__09698485495e3033.png,WRITE,4278453252,1000000.0,144,73,6,5,0,0,0,0,0,0,0,0,0,0,43,0.13953488372093023,0.0,8,7,18,2.978054783681542,0.06976744186046512
faststone,fsviewer-INVALID_POINTER_READ_c0000005__unknown+171d4b88__5dea7e8a4cafdc07.png,DoS,4294443052,1000000.0,174,89,12,1,0,0,0,0,0,0,0,0,0,0,49,0.12244897959183673,0.0,4,9,20,2.939245557517874,0.12244897959183673
faststone,fsviewer-INVALID_POINTER_READ_c0000005__unknown+171d4e6c__2a589a62567f166f.png,DoS,4294911745,1000000.0,236,123,12,3,0,0,0,0,0,0,0,0,0,0,67,0.08955223880597014,0.0,9,13,19,2.617963496280919,0.08955223880597014
faststone,fsviewer-INVALID_POINTER_READ_c0000005__unknown+171d4e8c__2f48fcef4c7fdc8a.png,DoS,4293322470,1000000.0,244,127,51,1,0,0,0,0,0,0,0,0,0,0,68,0.22058823529411764,0.014705882352941176,7,8,36,3.8154970420435967,0.39705882352941174
faststone,fsviewer-INVALID_POINTER_READ_c0000005__unknown+171f4196__5e702df9f3cc3259.png,DoS,4294443052,1000000.0,91,45,10,5,0,0,0,0,0,0,0,0,0,0,30,0.16666666666666666,0.0,7,4,12,3.1348486136508464,0.16666666666666666
faststone,fsviewer-INVALID_POINTER_READ_c0000005__unknown+17215cb4__93166ae331d9e8d9.png,DoS,4294312964,1000000.0,90,45,8,3,1,1,1,0,0,0,0,0,0,0,28,0.25,0.0,5,5,14,2.9780948881692604,0.14285714285714285
faststone,fsviewer-INVALID_POINTER_READ_c0000005__unknown+172243ce__0f1cd3a45c6e2150.png,WRITE,4294443009,1000000.0,160,83,10,3,0,0,0,0,0,0,0,0,0,0,47,0.1276595744680851,0.0,7,7,16,2.79154806176122,0.10638297872340426
faststone,fsviewer-INVALID_POINTER_READ_c0000005__unknown+1729ae5a__54cc40460c93b1a0.png,WRITE,4294967295,1000000.0,71,37,24,1,-1,1,0,0,0,0,0,0,0,0,23,0.13043478260869565,0.0,3,9,14,2.662316942701633,0.5652173913043478
faststone,fsviewer-INVALID_POINTER_READ_c0000005__unknown+172a3ac5__f278e2569242349b.png,WRITE,3926720769,1000000.0,151,75,18,5,0,0,0,0,0,0,0,0,0,0,44,0.022727272727272728,0.0,9,11,19,2.8631916806283355,0.20454545454545456
faststone,fsviewer-INVALID_POINTER_READ_c0000005__unknown+172a3d99__bca2cbe7e87636a0.png,DoS,4293322470,1000000.0,244,127,51,1,0,0,0,0,0,0,0,0,0,0,68,0.22058823529411764,0.014705882352941176,7,10,36,3.9115165275286086,0.39705882352941174
faststone,fsviewer-INVALID_POINTER_READ_c0000005__unknown+172a4e17__cceb98798749535d.png,DoS,4294903270,1000000.0,244,127,57,1,0,0,0,0,0,0,0,0,0,0,68,0.17647058823529413,0.014705882352941176,7,10,36,3.9495681684447526,0.4411764705882353
faststone,fsviewer-INVALID_POINTER_READ_c0000005__unknown+172a5152__9c061120e0b451e2.png,WRITE,4294874260,1000000.0,238,121,33,5,0,0,0,0,0,0,0,0,0,0,81,0.024691358024691357,0.0,14,6,27,3.5230890422518946,0.24691358024691357
faststone,fsviewer-INVALID_POINTER_READ_c0000005__unknown+172a99e4__a463de5fa15b0e01.png,DoS,4284571905,1000000.0,56,28,8,0,0,0,0,0,0,0,0,0,0,0,18,0.3333333333333333,0.0,2,2,12,3.3082708345352603,0.2222222222222222
faststone,fsviewer-INVALID_POINTER_READ_c0000005__unknown+172b3d76__d45f3d1b2cbbdedc.png,DoS,4292335405,1000000.0,230,116,40,12,0,0,0,1,0,1,0,0,0,0,248,0.7580645161290323,0.012096774193548387,23,15,35,5.150548344286202,0.0967741935483871
faststone,fsviewer-INVALID_POINTER_READ_c0000005__unknown+172b4fdf__8b694a4e219f83b3.png,WRITE,4290118660,1000000.0,189,97,10,3,0,0,0,0,0,0,0,0,0,0,54,0.3148148148148148,0.0,7,8,18,2.8415730329077284,0.1111111111111111
faststone,fsviewer-INVALID_POINTER_READ_c0000005__unknown+172b5e8d__e0b3a25941d857b8.png,DoS,3925934400,1000000.0,244,123,28,5,0,0,0,0,0,0,0,0,0,0,75,0.02666666666666667,0.0,11,10,50,2.768719744534485,0.18666666666666668
faststone,fsviewer-INVALID_POINTER_READ_c0000005__unknown+172b6399__3da3f49f424b24a2.png,WRITE,4294443052,1000000.0,172,89,10,1,0,0,0,0,0,0,0,0,0,0,49,0.16326530612244897,0.0,5,7,11,2.8692384007804246,0.10204081632653061
faststone,fsviewer-INVALID_POINTER_READ_c0000005__unknown+172ba2b1__7f09a501c1dd5e81.png,WRITE,4292542465,1000000.0,205,105,43,13,0,0,0,0,0,0,0,0,0,0,88,0.14772727272727273,0.0,29,9,26,3.8093865302718437,0.3068181818181818
faststone,fsviewer-INVALID_POINTER_READ_c0000005__unknown+172c4640__62689dd7c6c66de1.png,DoS,4294443052,1000000.0,114,58,8,0,0,0,0,0,0,0,0,0,0,0,33,0.15151515151515152,0.0,2,7,18,2.5732160883998265,0.12121212121212122
faststone,fsviewer-INVALID_POINTER_READ_c0000005__unknown+172c4aa1__68c887a6c1cb19c5.png,DoS,4290179844,1000000.0,217,110,14,18,0,0,0,0,0,2,0,0,0,0,183,0.25136612021857924,0.01639344262295082,30,11,56,4.793179866136408,0.20765027322404372
faststone,fsviewer-INVALID_POINTER_READ_c0000005__unknown+172d3db3__dea4e708ce6dc4cd.png,WRITE,4292335424,1000000.0,193,97,32,5,0,0,0,0,0,0,0,0,0,0,55,0.18181818181818182,0.0,10,6,33,4.018307224238695,0.32727272727272727
faststone,fsviewer-INVALID_POINTER_READ_c0000005__unknown+172d3e8a__3d4a58fc2aa1d7bd.png,WRITE,4291743438,1000000.0,225,111,21,11,0,0,0,0,0,0,0,0,0,0,86,0.03488372093023256,0.0,22,8,51,3.1929442016762204,0.18604651162790697
faststone,fsviewer-INVALID_POINTER_READ_c0000005__unknown+172d510c__71a24b31e40ad1fe.png,DoS,4277731372,1000000.0,125,67,15,1,0,0,0,0,0,0,0,0,0,0,38,0.15789473684210525,0.02631578947368421,8,4,17,3.6292492238560343,0.23684210526315788
faststone,fsviewer-INVALID_POINTER_READ_c0000005__unknown+172d5c75__5f79b9c23040934a.png,WRITE,4294967295,1000000.0,105,55,14,3,0,0,0,0,0,0,0,0,0,0,33,0.12121212121212122,0.0,7,6,11,3.3698145760602705,0.24242424242424243
faststone,fsviewer-INVALID_POINTER_READ_c0000005__unknown+172d69aa__630b57e66bf251af.png,WRITE,4292870080,1000000.0,159,79,22,17,0,0,0,1,0,1,0,0,0,0,145,0.1103448275862069,0.006896551724137931,50,12,49,4.116867839589853,0.2896551724137931
faststone,fsviewer-INVALID_POINTER_READ_c0000005__unknown+172e3f85__7639019185d806ee.png,DoS,4292335405,1000000.0,233,116,40,12,0,0,0,0,0,0,0,0,0,0,169,0.7100591715976331,0.011834319526627219,14,16,35,5.141041692711254,0.15384615384615385
faststone,fsviewer-INVALID_POINTER_READ_c0000005__unknown+172e43d7__c8e8bc86336d6fe4.png,WRITE,4228908064,1000000.0,217,109,14,19,-2,2,0,0,0,0,0,0,0,0,116,0.3706896551724138,0.0,21,9,20,4.369047134839564,0.16379310344827586
faststone,fsviewer-INVALID_POINTER_READ_c0000005__unknown+172e48e1__b92ac16310c4f936.png,WRITE,3925934343,1000000.0,183,95,9,1,0,0,0,0,0,0,0,0,0,0,52,0.038461538461538464,0.0,7,6,42,2.586133984722487,0.09615384615384616
faststone,fsviewer-INVALID_POINTER_READ_c0000005__unknown+172e50db__297b765a865a651f.png,DoS,1099511627776,1000000.0,231,119,39,11,15,15,15,0,0,0,0,0,0,0,187,0.4117647058823529,0.13368983957219252,41,15,35,4.218032953590421,0.16042780748663102
faststone,fsviewer-INVALID_POINTER_READ_c0000005__unknown+172e5180__1172c4f69dafa1e5.png,DoS,4286611456,1000000.0,52,26,10,2,0,0,0,0,0,0,0,0,0,0,18,0.2222222222222222,0.0,5,2,18,3.1916116417513782,0.2777777777777778
faststone,fsviewer-INVALID_POINTER_READ_c0000005__unknown+172e58cf__777a4c33811fee69.png,DoS,4294443052,1000000.0,194,99,24,5,0,0,0,0,0,0,0,0,0,0,61,0.09836065573770492,0.0,12,11,28,3.120944772749788,0.19672131147540983
faststone,fsviewer-INVALID_POINTER_READ_c0000005__unknown+172f3ed8__6594577c96165681.png,DoS,4278255617,1000000.0,50,24,6,4,0,0,0,0,0,0,0,0,0,0,18,0.16666666666666666,0.0,8,2,18,2.5032583347756456,0.16666666666666666
faststone,fsviewer-INVALID_POINTER_READ_c0000005__unknown+172f3f84__3187a38af95e3922.png,WRITE,4294443052,1000000.0,188,97,10,1,0,0,0,0,0,0,0,0,0,0,53,0.22641509433962265,0.0,5,11,14,2.9162539315617377,0.09433962264150944
faststone,fsviewer-INVALID_POINTER_READ_c0000005__unknown+172f4953__d49f79bcb0499eca.png,WRITE,4294914134,1000000.0,126,63,9,7,0,0,0,0,0,0,0,0,0,0,39,0.41025641025641024,0.02564102564102564,8,3,9,4.169766962341045,0.15384615384615385
faststone,fsviewer-INVALID_POINTER_READ_c0000005__unknown+172f4e8a__2ee571a3c4c2b6d1.png,WRITE,4294934655,1000000.0,105,55,12,3,0,0,0,0,0,0,0,0,0,0,33,0.09090909090909091,0.0,8,2,14,3.297379438921992,0.21212121212121213
faststone,fsviewer-INVALID_POINTER_READ_c0000005__unknown+172f503f__70df9dfb2c2a3a76.png,WRITE,4291690753,1000000.0,230,117,12,11,0,0,0,0,0,0,0,0,0,0,130,0.12307692307692308,0.0,20,8,53,4.326419952655446,0.23846153846153847
faststone,fsviewer-INVALID_POINTER_READ_c0000005__unknown+172f51a5__959d41787c7d4719.png,WRITE,3925934343,1000000.0,178,91,2,1,0,0,0,0,0,0,0,0,0,0,50,0.1,0.0,5,7,47,2.392935039619369,0.02
faststone,fsviewer-INVALID_POINTER_READ_c0000005__unknown+172f5540__33567945e3d4cce1.png,WRITE,3925934337,1000000.0,135,68,4,4,0,0,0,0,0,0,0,0,0,0,40,0.025,0.0,9,5,28,2.7143340317924087,0.05
faststone,fsviewer-INVALID_POINTER_READ_c0000005__unknown+172f5cf3__bcaef0cbafab8544.png,DoS,4244907959,1000000.0,188,105,18,23,0,0,0,1,0,3,0,0,0,0,376,0.6462765957446809,0.034574468085106384,52,7,65,5.912955063883435,0.09308510638297872
faststone,fsviewer-INVALID_POINTER_READ_c0000005__unknown+172fbcae__97b009c5b5c8ecb2.png,DoS,4177592321,1000000.0,50,26,2,2,0,0,0,0,0,0,0,0,0,0,18,0.2777777777777778,0.0,5,2,18,2.7052290027422967,0.05555555555555555
faststone,fsviewer-INVALID_POINTER_READ_c0000005__unknown+17303dcb__662678ecd11bfd55.png,WRITE,4294443052,1000000.0,216,109,18,3,0,0,0,0,0,0,0,0,0,0,60,0.26666666666666666,0.0,6,9,19,3.4585325434503225,0.15
faststone,fsviewer-INVALID_POINTER_READ_c0000005__unknown+17303dfd__bcea3cea6165277f.png,DoS,4294967295,1000000.0,242,121,39,5,-1,1,0,0,0,0,0,0,0,0,82,0.036585365853658534,0.0,9,15,35,3.2659099740629345,0.32926829268292684
faststone,fsviewer-INVALID_POINTER_READ_c0000005__unknown+173045b6__d6d047aabd8f9612.png,DoS,3910979246,1000000.0,214,108,52,20,0,0,0,1,0,1,0,0,0,0,235,0.6595744680851063,0.01702127659574468,29,12,43,5.23297258344607,0.14042553191489363
faststone,fsviewer-INVALID_POINTER_READ_c0000005__unknown+17304b94__b92287791dcb6336.png,WRITE,4291743438,1000000.0,232,117,21,11,0,0,0,0,0,0,0,0,0,0,90,0.044444444444444446,0.0,19,8,31,3.6345317663151624,0.24444444444444444
faststone,fsviewer-INVALID_POINTER_READ_c0000005__unknown+17304bb8__0eb91e72e40ee23e.png,DoS,4293467342,1000000.0,231,118,19,10,0,0,0,0,0,0,0,0,0,0,146,0.2808219178082192,0.0273972602739726,25,9,37,4.773434595203965,0.22602739726027396
faststone,fsviewer-INVALID_POINTER_READ_c0000005__unknown+17304c03__1c6dcd6eab08e595.png,DoS,1293484048,1000000.0,45,22,0,6,0,0,0,0,0,0,0,0,0,0,18,0.16666666666666666,0.0,8,2,15,2.5032583347756456,0.0
faststone,fsviewer-INVALID_POINTER_READ_c0000005__unknown+17304ed8__6886068e3601ed93.png,WRITE,4244907780,1000000.0,243,125,4,3,0,0,0,0,0,0,0,0,0,0,79,0.08860759493670886,0.0,8,16,43,2.9198732597739694,0.05063291139240506
faststone,fsviewer-INVALID_POINTER_READ_c0000005__unknown+17304f04__1bcd4a77d3c9e8f6.png,WRITE,4291743438,1000000.0,231,117,23,7,0,0,0,0,0,0,0,0,0,0,85,0.09411764705882353,0.0,16,8,36,3.5166623111866677,0.2235294117647059
faststone,fsviewer-INVALID_POINTER_READ_c0000005__unknown+1730531b__a514dd94eedba60b.png,DoS,4294967295,1000000.0,144,75,29,3,0,0,0,0,0,0,0,0,0,0,43,0.09302325581395349,0.0,9,7,17,3.1819974648412166,0.37209302325581395
faststone,fsviewer-INVALID_POINTER_READ_c0000005__unknown+17305540__b59291472c51b762.png,WRITE,4294443052,1000000.0,204,105,10,1,0,0,0,0,0,0,0,0,0,0,57,0.2982456140350877,0.0,5,10,18,2.8059510961643044,0.08771929824561403
faststone,fsviewer-INVALID_POINTER_READ_c0000005__unknown+17305563__af267b412508924e.png,DoS,4286669179,1000000.0,54,28,4,0,1,1,1,0,0,0,0,0,0,0,18,0.3888888888888889,0.0,2,2,12,3.350209029099897,0.1111111111111111
faststone,fsviewer-INVALID_POINTER_READ_c0000005__unknown+173059fd__249d97c86fc79c11.png,WRITE,4294443052,1000000.0,166,85,14,5,0,0,0,0,0,0,0,0,0,0,54,0.12962962962962962,0.0,12,8,18,2.974427940068247,0.12962962962962962
faststone,fsviewer-INVALID_POINTER_READ_c0000005__unknown+17306014__0861544f8ab9a3f4.png,DoS,4290118660,1000000.0,217,110,12,18,1,1,1,0,0,2,0,0,0,0,192,0.23958333333333334,0.015625,32,14,65,4.674568010782569,0.19791666666666666
faststone,fsviewer-INVALID_POINTER_READ_c0000005__unknown+1730b001__c754d136716e4de5.png,DoS,4265803870,1000000.0,54,28,4,0,0,0,0,0,0,0,0,0,0,0,18,0.3888888888888889,0.0,3,4,15,3.2390979179887864,0.1111111111111111
faststone,fsviewer-INVALID_POINTER_READ_c0000005__unknown+17313ff7__324bfd3b8ad3d604.png,DoS,4294443052,1000000.0,209,107,11,9,0,0,0,0,0,0,0,0,0,0,70,0.07142857142857142,0.0,17,11,41,2.5752232425796615,0.08571428571428572
faststone,fsviewer-INVALID_POINTER_READ_c0000005__unknown+17314258__6758b79123e95ac8.png,WRITE,4278453264,1000000.0,128,65,8,5,0,0,0,0,0,0,0,0,0,0,39,0.46153846153846156,0.02564102564102564,6,3,9,4.560667282798391,0.15384615384615385
faststone,fsviewer-INVALID_POINTER_READ_c0000005__unknown+173143e8__d2921d035d44efb8.png,WRITE,4284611840,1000000.0,92,47,19,1,0,0,0,0,0,0,0,0,0,0,28,0.07142857142857142,0.0,6,2,16,3.5121884039686613,0.35714285714285715
faststone,fsviewer-INVALID_POINTER_READ_c0000005__unknown+173145c8__45a570c8afb6d407.png,WRITE,4261478657,1000000.0,250,127,18,1,0,0,0,0,0,0,0,0,0,0,78,0.2948717948717949,0.0,5,11,28,3.1679782383406914,0.15384615384615385
faststone,fsviewer-INVALID_POINTER_READ_c0000005__unknown+17314767__ac72a56d18cbdf6d.png,WRITE,4294641415,1000000.0,94,47,9,3,1,1,1,0,0,0,0,0,0,0,29,0.06896551724137931,0.0,6,5,12,3.181112357779617,0.1724137931034483
faststone,fsviewer-INVALID_POINTER_READ_c0000005__unknown+17314ecb__0f5338a16970c965.png,DoS,4294874260,1000000.0,243,121,40,7,0,0,0,0,0,0,0,0,0,0,75,0.02666666666666667,0.0,13,8,48,3.3190956988044378,0.26666666666666666
faststone,fsviewer-INVALID_POINTER_READ_c0000005__unknown+1731525d__7ff1d6835f2d56f6.png,DoS,4290118633,1000000.0,151,79,31,3,0,0,0,0,0,0,0,0,0,0,45,0.08888888888888889,0.022222222222222223,8,9,21,3.302886574907055,0.37777777777777777
faststone,fsviewer-INVALID_POINTER_READ_c0000005__unknown+173155a4__8a59ac9814663447.png,DoS,4286611200,1000000.0,52,26,6,2,0,0,0,0,0,0,0,0,0,0,18,0.2222222222222222,0.0,6,2,15,3.197159723424149,0.16666666666666666
faststone,fsviewer-INVALID_POINTER_READ_c0000005__unknown+173155f0__c7f7184a090a08ae.png,DoS,4292542465,1000000.0,214,112,56,14,-1,1,0,0,0,0,0,0,0,0,99,0.15151515151515152,0.0,26,11,35,4.042758917332362,0.35353535353535354
faststone,fsviewer-INVALID_POINTER_READ_c0000005__unknown+17315c56__6d606db68162f9db.png,WRITE,4286514177,1000000.0,75,39,4,1,0,0,0,0,0,0,0,0,0,0,24,0.16666666666666666,0.0,4,6,15,2.7720552088742005,0.125
faststone,fsviewer-INVALID_POINTER_READ_c0000005__unknown+17323d73__d8e9801cb3f394b8.png,WRITE,4294913587,1000000.0,245,125,36,3,0,0,0,0,0,0,0,0,0,0,71,0.2535211267605634,0.04225352112676056,10,8,36,3.9631090094922787,0.2535211267605634
faststone,fsviewer-INVALID_POINTER_READ_c0000005__unknown+17324266__0a011c813549d985.png,WRITE,4228121088,1000000.0,143,73,12,5,0,0,0,0,0,0,0,0,0,0,43,0.27906976744186046,0.0,8,10,40,3.108511538901003,0.13953488372093023
faststone,fsviewer-INVALID_POINTER_READ_c0000005__unknown+173242e3__a8aae5350dab7c09.png,DoS,4279769353,1000000.0,90,45,7,5,0,0,0,0,0,0,0,0,0,0,29,0.06896551724137931,0.0,6,6,20,2.970772169155139,0.20689655172413793
faststone,fsviewer-INVALID_POINTER_READ_c0000005__unknown+1732487a__9a8aed4744d1e1ba.png,DoS,4292335405,1000000.0,229,116,40,12,0,0,0,1,0,1,0,0,0,0,259,0.7451737451737451,0.011583011583011582,22,11,35,5.3771452196259,0.11196911196911197
faststone,fsviewer-INVALID_POINTER_READ_c0000005__unknown+17324c16__55d39d85b5b0fc67.png,DoS,4234216854,1000000.0,200,106,30,22,0,0,0,1,0,5,0,0,0,0,341,0.6744868035190615,0.0469208211143695,44,12,51,5.723701247409652,0.11143695014662756
faststone,fsviewer-INVALID_POINTER_READ_c0000005__unknown+17324fd6__ee8e07204beb3e90.png,DoS,4294902271,1000000.0,223,113,48,5,1,1,1,0,0,0,0,0,0,0,100,0.11,0.0,16,16,47,3.5664408817091875,0.38
faststone,fsviewer-INVALID_POINTER_READ_c0000005__unknown+1732529b__ab808505774bd578.png,WRITE,4294934655,1000000.0,111,57,15,1,0,0,0,0,0,0,0,0,0,0,33,0.030303030303030304,0.0,3,6,15,2.874227715111146,0.24242424242424243
faststone,fsviewer-INVALID_POINTER_READ_c0000005__unknown+17333d8a__295e38caf3b8cb30.png,WRITE,3925934343,1000000.0,209,107,4,3,0,0,0,0,0,0,0,0,0,0,59,0.1694915254237288,0.0,8,5,28,3.0506673496667736,0.03389830508474576
faststone,fsviewer-INVALID_POINTER_READ_c0000005__unknown+17333e55__eb113ac0dff2a4f3.png,WRITE,4268060276,1000000.0,232,117,20,11,-1,1,0,0,0,0,8,0,0,0,248,0.592741935483871,0.004032258064516129,16,16,35,5.216807200005342,0.18548387096774194
faststone,fsviewer-INVALID_POINTER_READ_c0000005__unknown+17334040__47a4f7f5d3731278.png,WRITE,2857185366,1000000.0,231,117,8,3,0,0,0,0,0,0,0,0,0,0,64,0.671875,0.015625,5,15,24,3.9115095581336394,0.078125
faststone,fsviewer-INVALID_POINTER_READ_c0000005__unknown+17335203__ed5fa67f88981ad3.png,DoS,4294287872,1000000.0,229,117,14,11,0,0,0,0,0,0,0,0,0,0,97,0.12371134020618557,0.010309278350515464,20,13,30,3.685799482515734,0.13402061855670103
faststone,fsviewer-INVALID_POINTER_READ_c0000005__unknown+1733564f__a1b7e793ccdd3ee4.png,DoS,4292335405,1000000.0,230,116,40,12,0,0,0,1,0,1,0,0,0,0,238,0.7521008403361344,0.004201680672268907,21,10,35,5.3328030334889505,0.10084033613445378
faststone,fsviewer-INVALID_POINTER_READ_c0000005__unknown+173359d5__d88a722e09deebe3.png,DoS,4294903041,1000000.0,188,97,8,1,0,0,0,0,0,0,0,0,0,0,53,0.05660377358490566,0.0,6,6,50,2.512337323968459,0.07547169811320754
faststone,fsviewer-INVALID_POINTER_READ_c0000005__unknown+17335c60__155931f8814c4dd3.png,DoS,4294934272,1000000.0,211,107,12,11,0,0,0,0,0,0,0,0,0,0,63,0.15873015873015872,0.0,14,6,21,3.22473286764552,0.09523809523809523
faststone,fsviewer-INVALID_POINTER_READ_c0000005__unknown+17343d46__c31525bc41730008.png,WRITE,4294312319,1000000.0,238,119,20,9,0,0,0,0,0,0,0,0,0,0,87,0.08045977011494253,0.0,15,8,48,3.5859155546495014,0.1724137931034483
faststone,fsviewer-INVALID_POINTER_READ_c0000005__unknown+17343e27__8a838f69a2536cf2.png,DoS,4294934528,1000000.0,233,119,26,7,0,0,0,0,0,0,0,0,0,0,86,0.12790697674418605,0.0,13,12,33,3.552072200329628,0.16279069767441862
faststone,fsviewer-INVALID_POINTER_READ_c0000005__unknown+173451a5__7827aa8adaf89be9.png,DoS,4276421636,1000000.0,209,107,33,1,0,0,0,0,0,0,0,0,0,0,58,0.3275862068965517,0.017241379310344827,5,15,36,3.23313762159978,0.3103448275862069
faststone,fsviewer-INVALID_POINTER_READ_c0000005__unknown+17345702__07c02ece85ada24d.png,DoS,4294246656,1000000.0,191,100,25,24,0,0,0,1,0,3,0,0,0,0,273,0.5714285714285714,0.01098901098901099,50,12,47,5.43982171495856,0.12454212454212454
faststone,fsviewer-INVALID_POINTER_READ_c0000005__unknown+17345d06__203ab0ffd9840807.png,DoS,150994944,1000000.0,19,11,0,5,0,0,0,0,0,0,0,0,0,0,17,0.0,0.0,11,8,14,1.4516607643577666,0.0
faststone,fsviewer-INVALID_POINTER_READ_c0000005__unknown+173480f1__f9e61036d180447f.png,WRITE,4244907780,1000000.0,225,113,9,9,0,0,0,0,0,0,0,0,0,0,74,0.08108108108108109,0.0,14,11,45,2.6042131399311956,0.0945945945945946
faststone,fsviewer-INVALID_POINTER_READ_c0000005__unknown+17353da0__72432983c0456f0d.png,WRITE,4271150228,1000000.0,244,123,33,5,0,0,0,0,0,0,0,0,0,0,82,0.0975609756097561,0.0,12,7,48,3.5762990462251336,0.25609756097560976
faststone,fsviewer-INVALID_POINTER_READ_c0000005__unknown+17353dc2__89d3fc9b98f316d2.png,DoS,4294376452,1000000.0,167,85,14,3,0,0,0,0,0,0,0,0,0,0,48,0.041666666666666664,0.0,7,12,45,2.209265687954138,0.14583333333333334
faststone,fsviewer-INVALID_POINTER_READ_c0000005__unknown+1735451a__671fb246fad37d94.png,DoS,4294443052,1000000.0,164,85,10,1,0,0,0,0,0,0,0,0,0,0,47,0.1276595744680851,0.0,5,9,24,2.8520712831866275,0.10638297872340426
faststone,fsviewer-INVALID_POINTER_READ_c0000005__unknown+173546ec__1b79d1cca0a62cfa.png,WRITE,4291743438,1000000.0,139,71,18,3,0,0,0,0,0,0,0,0,0,0,41,0.024390243902439025,0.0,6,8,21,3.312962118866191,0.24390243902439024
faststone,fsviewer-INVALID_POINTER_READ_c0000005__unknown+17355fb0__c905fadba7ae33c7.png,DoS,4290118633,1000000.0,120,61,17,3,0,0,0,0,0,0,0,0,0,0,36,0.1388888888888889,0.027777777777777776,7,4,16,3.5537914051260886,0.2777777777777778
faststone,fsviewer-INVALID_POINTER_READ_c0000005__unknown+17356066__c61dc1719d4af9f5.png,WRITE,4294967167,1000000.0,143,75,11,1,0,0,0,0,0,0,0,0,0,0,42,0.09523809523809523,0.0,5,4,18,3.0446184005376224,0.14285714285714285
faststone,fsviewer-INVALID_POINTER_READ_c0000005__unknown+173565a8__6afcd61d372870b8.png,DoS,4262002688,1000000.0,75,39,5,3,0,0,0,0,0,0,0,0,0,0,25,0.12,0.04,6,4,16,2.8022921890824146,0.12
faststone,fsviewer-INVALID_POINTER_READ_c0000005__unknown+17364bc1__43869000a2873003.png,DoS,4292335405,1000000.0,227,116,38,12,0,0,0,1,0,1,0,0,0,0,272,0.7867647058823529,0.007352941176470588,21,15,35,5.323339770695648,0.08088235294117647
faststone,fsviewer-INVALID_POINTER_READ_c0000005__unknown+17365175__983de68d9bb1c223.png,DoS,4294705152,1000000.0,146,76,8,6,0,0,0,0,0,0,0,0,0,0,45,0.2222222222222222,0.0,12,3,14,2.6901153177826638,0.08888888888888889
faststone,fsviewer-INVALID_POINTER_READ_c0000005__unknown+173745f9__001f28bd06286d97.png,DoS,4286611968,1000000.0,52,26,8,2,0,0,0,0,0,0,0,0,0,0,18,0.2222222222222222,0.0,6,2,15,3.3082708345352603,0.2222222222222222
faststone,fsviewer-INVALID_POINTER_READ_c0000005__unknown+173851a5__310667f57a9e4167.png,WRITE,3148318208,1000000.0,137,69,12,1,0,0,0,0,0,0,0,0,0,0,39,0.05128205128205128,0.0,6,7,27,3.3898111730689795,0.15384615384615385
faststone,fsviewer-INVALID_POINTER_READ_c0000005__unknown+1738534f__8333ca64c1bb4299.png,DoS,4292072447,1000000.0,119,61,34,1,0,0,0,0,0,0,0,0,0,0,35,0.05714285714285714,0.0,3,11,17,3.001851023757053,0.5428571428571428
faststone,fsviewer-INVALID_POINTER_READ_c0000005__unknown+17385bc0__ec22e2fa6df503d8.png,DoS,4293322470,1000000.0,244,127,49,1,0,0,0,0,0,0,0,0,0,0,73,0.273972602739726,0.0136986301369863,7,10,36,3.8288972820190716,0.3698630136986301
faststone,fsviewer-INVALID_POINTER_READ_c0000005__unknown+1738fd59__b3657e4a05e6bf87.png,WRITE,4290118404,1000000.0,107,55,8,3,0,0,0,0,0,0,0,0,0,0,33,0.12121212121212122,0.0,6,3,15,2.991406059908319,0.15151515151515152
faststone,fsviewer-INVALID_POINTER_READ_c0000005__unknown+17394323__4d92ba8806a2e6d4.png,DoS,4278255617,1000000.0,98,48,6,4,0,0,0,0,0,0,0,0,0,0,30,0.1,0.0,8,12,30,2.2634582986483034,0.1
faststone,fsviewer-INVALID_POINTER_READ_c0000005__unknown+173bc0d5__2cf96eb537e73387.png,DoS,4278255617,1000000.0,52,26,8,2,0,0,0,0,0,0,0,0,0,0,18,0.16666666666666666,0.0,7,2,18,2.744842531753244,0.2222222222222222
faststone,fsviewer-INVALID_POINTER_READ_c0000005__unknown+173e4d51__59863c9819fee866.png,DoS,4290118633,1000000.0,114,59,11,5,0,0,0,0,0,0,0,0,0,0,36,0.1388888888888889,0.05555555555555555,9,4,18,3.4120302093549713,0.19444444444444445
faststone,fsviewer-INVALID_POINTER_READ_c0000005__unknown+173e5348__2e1b5e5ff491590e.png,WRITE,4294934655,1000000.0,105,55,27,3,0,0,0,0,0,0,0,0,0,0,33,0.06060606060606061,0.0,6,9,15,2.8906578219746915,0.48484848484848486
faststone,fsviewer-INVALID_POINTER_READ_c0000005__unknown+173f43bd__1dbe8a9535dd6533.png,WRITE,4294967168,1000000.0,175,93,14,1,0,0,0,0,0,0,0,0,0,0,51,0.0784313725490196,0.0392156862745098,7,3,20,3.117787581124079,0.1568627450980392
faststone,fsviewer-INVALID_POINTER_READ_c0000005__unknown+17414ef1__6e5f6644ffca5116.png,DoS,4294443012,1000000.0,236,123,10,3,0,0,0,0,0,0,0,0,0,0,67,0.08955223880597014,0.0,9,11,22,2.610646705300724,0.07462686567164178
faststone,fsviewer-INVALID_POINTER_READ_c0000005__unknown+1743556d__aec08a411f8bda7f.png,DoS,4211344388,1000000.0,90,45,7,5,0,0,0,0,0,0,0,0,0,0,29,0.06896551724137931,0.0,6,3,20,2.970772169155139,0.20689655172413793
faststone,fsviewer-INVALID_POINTER_READ_c0000005__unknown+17435f35__e58a9910e8b5f907.png,DoS,4247004932,1000000.0,235,119,17,9,0,0,0,0,0,0,0,0,0,0,94,0.1276595744680851,0.0,11,11,24,3.482944277096037,0.1595744680851064
faststone,fsviewer-INVALID_POINTER_READ_c0000005__unknown+17445048__020ffbfd26061b90.png,WRITE,4293322470,1000000.0,235,121,49,5,0,0,0,0,0,0,0,0,0,0,76,0.21052631578947367,0.013157894736842105,11,10,36,3.8309187084594347,0.3815789473684211
faststone,fsviewer-INVALID_POINTER_READ_c0000005__unknown+174508f7__20bab70f2cb9fad4.png,DoS,2449736708,1000000.0,246,128,2,1,0,0,0,1,0,5,0,0,0,0,205,0.8195121951219512,0.09268292682926829,9,4,36,5.239280350985095,0.05853658536585366
faststone,fsviewer-INVALID_POINTER_READ_c0000005__unknown+17464ffa__a4158621ff2aee69.png,DoS,4294874260,1000000.0,247,125,36,3,0,0,0,0,0,0,0,0,0,0,75,0.09333333333333334,0.0,12,6,48,3.519053565988615,0.25333333333333335
faststone,fsviewer-INVALID_POINTER_READ_c0000005__unknown+17485084__b49385c5e641a0c6.png,DoS,4294444036,1000000.0,173,89,12,1,0,0,0,0,0,0,0,0,0,0,49,0.12244897959183673,0.0,4,7,18,2.559484431486536,0.12244897959183673
faststone,fsviewer-INVALID_POINTER_READ_c0000005__unknown+174a525e__5ea68f3cba212c84.png,WRITE,4278206464,1000000.0,112,57,6,1,0,0,0,0,0,0,0,0,0,0,33,0.030303030303030304,0.0,5,5,21,3.0520121205143798,0.12121212121212122
faststone,fsviewer-INVALID_POINTER_WRITE_c0000005__fsviewer+1b987b__82d4b82c6397749d.png,DoS,4294909590,1000000.0,60,30,16,0,0,0,0,0,0,0,0,0,0,0,19,0.05263157894736842,0.0,3,2,16,3.3263604079526936,0.42105263157894735
faststone,fsviewer-INVALID_POINTER_WRITE_c0000005__fsviewer+2d53__b3ef480578883faa.png,DoS,4294967295,1000000.0,254,128,14,0,0,0,0,1,0,1,29,0,0,0,204,0.5294117647058824,0.00980392156862745,13,9,33,4.075806804221187,0.11764705882352941
faststone,fsviewer-INVALID_POINTER_WRITE_c0000005__fsviewer+938f__2a30e868c758c642.png,DoS,4294574080,1000000.0,215,122,17,8,-3,3,0,0,0,0,0,0,0,0,292,0.3767123287671233,0.04452054794520548,43,11,58,5.094802678123959,0.1952054794520548
faststone,fsviewer-INVALID_POINTER_WRITE_c0000005__fsviewer+9522__613d8832c7c13947.png,DoS,4279263489,1000000.0,54,28,6,0,1,1,1,0,0,0,0,0,0,0,18,0.2777777777777778,0.0,3,2,13,3.086048612313038,0.16666666666666666
faststone,fsviewer-INVALID_POINTER_WRITE_c0000005__fsviewer+9611__be777ca4cd270528.png,DoS,4153606153,1000000.0,238,124,26,4,0,0,0,0,0,0,0,0,0,0,160,0.2875,0.0125,33,10,74,4.881146816359911,0.2625
faststone,fsviewer-INVALID_POINTER_WRITE_c0000005__unknown+16cfabe2__43958a268562d40c.png,DoS,4294312964,1000000.0,82,41,10,3,1,1,1,0,0,0,0,0,0,0,26,0.19230769230769232,0.0,5,5,14,3.1613623169486496,0.19230769230769232
faststone,fsviewer-INVALID_POINTER_WRITE_c0000005__unknown+1711eca0__5748356a3512a168.png,DoS,4284571905,1000000.0,99,52,16,0,0,0,0,0,0,0,0,0,0,0,30,0.23333333333333334,0.0,6,2,30,3.323231428797621,0.26666666666666666
faststone,fsviewer-INVALID_POINTER_WRITE_c0000005__unknown+1712f66d__76c678dbe3b974e5.png,DoS,4294574336,1000000.0,54,28,4,0,0,0,0,0,0,0,0,0,0,0,18,0.5555555555555556,0.0,2,2,9,3.614369445886757,0.1111111111111111
faststone,fsviewer-INVALID_POINTER_WRITE_c0000005__unknown+1712f8cc__2d820a628e0082fe.png,WRITE,4293215297,1000000.0,240,121,12,7,0,0,0,0,0,0,0,0,0,0,76,0.25,0.013157894736842105,12,4,41,4.021982987596002,0.10526315789473684
faststone,fsviewer-INVALID_POINTER_WRITE_c0000005__unknown+1713f5c4__843830c1f1faf24c.png,DoS,4284571905,1000000.0,56,28,6,0,0,0,0,0,0,0,0,0,0,0,18,0.2777777777777778,0.0,2,3,18,2.927451224964519,0.2222222222222222
faststone,fsviewer-INVALID_POINTER_WRITE_c0000005__unknown+1713f898__2aa5c2d6fad02306.png,DoS,4286406913,1000000.0,54,28,10,0,-1,1,0,0,0,0,0,0,0,0,18,0.2777777777777778,0.0,3,1,9,3.4193819456463714,0.2777777777777778
faststone,fsviewer-INVALID_POINTER_WRITE_c0000005__unknown+1713f8b5__53b6c189671c78aa.png,DoS,4294574336,1000000.0,52,28,8,0,0,0,0,0,0,0,0,0,0,0,18,0.2777777777777778,0.0,3,2,18,3.127986806877675,0.2222222222222222
faststone,fsviewer-INVALID_POINTER_WRITE_c0000005__unknown+1713f8f9__86cec6588b7b6b42.png,DoS,4294874260,1000000.0,236,119,34,9,0,0,0,0,0,0,0,0,0,0,75,0.02666666666666667,0.0,16,8,48,3.1509980029862663,0.22666666666666666
faststone,fsviewer-INVALID_POINTER_WRITE_c0000005__unknown+1714f88b__96946b565b783fbc.png,WRITE,4294967295,1000000.0,232,119,42,9,0,0,0,0,0,0,0,0,0,0,115,0.3130434782608696,0.0,19,8,21,5.029066674769127,0.2956521739130435
faststone,fsviewer-INVALID_POINTER_WRITE_c0000005__unknown+1714f8ce__20a7459049faa67a.png,DoS,3410519041,1000000.0,54,28,4,0,0,0,0,0,0,0,0,0,0,0,18,0.4444444444444444,0.0,2,2,7,3.530493056757482,0.1111111111111111
faststone,fsviewer-INVALID_POINTER_WRITE_c0000005__unknown+1715ef44__23682b9792ce92a7.png,DoS,4286538595,1000000.0,53,27,4,1,0,0,0,0,0,0,0,0,0,0,18,0.3333333333333333,0.0,4,2,18,2.905764584655453,0.1111111111111111
faststone,fsviewer-INVALID_POINTER_WRITE_c0000005__unknown+1715f8e3__dd108a8315ab9826.png,DoS,4294967295,1000000.0,225,115,34,3,0,0,0,0,0,0,0,0,0,0,63,0.31746031746031744,0.0,9,7,23,3.7462126017693107,0.2698412698412698
faststone,fsviewer-INVALID_POINTER_WRITE_c0000005__unknown+1715f93a__ce61fc3836410cbc.png,DoS,4201102281,1000000.0,54,28,18,0,0,0,0,0,0,0,0,0,0,0,18,0.16666666666666666,0.0,2,4,18,3.1916116417513782,0.5
faststone,fsviewer-INVALID_POINTER_WRITE_c0000005__unknown+1715fe46__f9628e729549552f.png,WRITE,4294967041,1000000.0,54,28,12,0,0,0,0,0,0,0,0,0,0,0,18,0.16666666666666666,0.0,3,3,18,3.086048612313038,0.3333333333333333
faststone,fsviewer-INVALID_POINTER_WRITE_c0000005__unknown+1716f3a1__9eeea661363284ec.png,DoS,4201102080,1000000.0,53,28,4,0,1,1,1,0,0,0,0,0,0,0,18,0.3333333333333333,0.0,3,2,13,3.2390979179887864,0.1111111111111111
faststone,fsviewer-INVALID_POINTER_WRITE_c0000005__unknown+17180279__72b2177f624ec4a2.png,WRITE,3925934337,1000000.0,109,54,4,4,0,0,0,0,0,0,0,0,0,0,33,0.030303030303030304,0.0,8,5,21,2.776851045924804,0.06060606060606061
faststone,fsviewer-INVALID_POINTER_WRITE_c0000005__unknown+1719f6f4__db762e13e5a76da0.png,DoS,4284571905,1000000.0,54,28,8,0,0,0,0,0,0,0,0,0,0,0,18,0.3333333333333333,0.0,3,2,18,3.266332639970623,0.2222222222222222
faststone,fsviewer-INVALID_POINTER_WRITE_c0000005__unknown+1719f922__cb33b8fe124d4604.png,DoS,4294934528,1000000.0,50,24,10,4,0,0,0,0,0,0,0,0,0,0,18,0.1111111111111111,0.0,6,3,18,2.974937501201927,0.2777777777777778
faststone,fsviewer-INVALID_POINTER_WRITE_c0000005__unknown+171bebbf__c8fd58c85d20183a.png,DoS,4294967089,1000000.0,249,127,39,2,0,0,0,0,0,0,0,0,0,0,134,0.3880597014925373,0.08955223880597014,19,9,44,4.3477510650919955,0.3656716417910448
faststone,fsviewer-INVALID_POINTER_WRITE_c0000005__unknown+1721eea6__4df76747a88a1a43.png,DoS,4294967295,1000000.0,62,31,19,5,0,0,0,0,0,0,0,0,0,0,25,0.04,0.0,10,7,25,2.093911951300547,0.44
faststone,fsviewer-INVALID_POINTER_WRITE_c0000005__unknown+1722064d__57a3d34969d8dbe9.png,WRITE,4294443052,1000000.0,179,91,16,5,0,0,0,0,0,0,0,0,0,0,52,0.09615384615384616,0.0,9,7,34,3.014774499728229,0.15384615384615385
faststone,fsviewer-INVALID_POINTER_WRITE_c0000005__unknown+1722f4bf__c83b15e9d74d7f92.png,WRITE,4294443052,1000000.0,181,93,28,3,0,0,0,0,0,0,0,0,0,0,52,0.11538461538461539,0.019230769230769232,8,5,18,3.5180561901533225,0.2692307692307692
faststone,fsviewer-INVALID_POINTER_WRITE_c0000005__unknown+1723ec55__cd8739eb744fa87c.png,WRITE,4294443052,1000000.0,184,95,26,1,0,0,0,0,0,0,0,0,0,0,52,0.11538461538461539,0.0,6,6,18,3.1792967413040696,0.25
faststone,fsviewer-INVALID_POINTER_WRITE_c0000005__unknown+1723eeb2__a8ee472a323dfd4f.png,WRITE,4294902015,1000000.0,125,67,28,1,0,0,0,0,0,0,0,0,0,0,38,0.02631578947368421,0.0,10,2,15,3.01448631862051,0.42105263157894735
faststone,fsviewer-INVALID_POINTER_WRITE_c0000005__unknown+1723ef1e__06dde4906fe9b44c.png,DoS,4294967295,1000000.0,71,37,17,1,-1,1,0,0,0,0,0,0,0,0,23,0.13043478260869565,0.0,4,4,14,3.1145892622932436,0.43478260869565216
faststone,fsviewer-INVALID_POINTER_WRITE_c0000005__unknown+1723ef5e__9da1651124cea845.png,WRITE,4244907780,1000000.0,139,71,17,3,0,0,0,0,0,0,0,0,0,0,41,0.04878048780487805,0.0,6,6,18,2.9765054450380433,0.21951219512195122
faststone,fsviewer-INVALID_POINTER_WRITE_c0000005__unknown+1723f0ef__46d495fcd3dfb711.png,WRITE,4294443052,1000000.0,182,93,24,3,0,0,0,0,0,0,0,0,0,0,52,0.11538461538461539,0.0,7,6,18,3.238480808588634,0.23076923076923078
faststone,fsviewer-INVALID_POINTER_WRITE_c0000005__unknown+1724eba5__480a4392c1d8a78f.png,WRITE,4244907777,1000000.0,144,73,14,5,0,0,0,0,0,0,0,0,0,0,43,0.06976744186046512,0.0,8,6,18,2.8959603390195974,0.16279069767441862
faststone,fsviewer-INVALID_POINTER_WRITE_c0000005__unknown+1724ef3c__18a6e4da91444cf8.png,WRITE,4294443052,1000000.0,237,123,24,5,0,0,0,0,0,0,0,0,0,0,68,0.10294117647058823,0.014705882352941176,12,8,38,3.084649106352248,0.17647058823529413
faststone,fsviewer-INVALID_POINTER_WRITE_c0000005__unknown+1724f282__5865c18c30525e4c.png,WRITE,4294443052,1000000.0,182,93,26,3,0,0,0,0,0,0,0,0,0,0,52,0.11538461538461539,0.0,7,6,18,3.266763019877464,0.25
faststone,fsviewer-INVALID_POINTER_WRITE_c0000005__unknown+1724f8fd__8be1d2d2f4bcebd8.png,DoS,4294965761,1000000.0,53,28,8,0,0,0,0,0,0,0,0,0,0,0,18,0.16666666666666666,0.0,3,2,18,2.6213526136130225,0.2222222222222222
faststone,fsviewer-INVALID_POINTER_WRITE_c0000005__unknown+1724f906__1b818402f731a030.png,WRITE,1099511627776,1000000.0,236,120,31,9,0,0,0,0,0,0,0,0,0,0,119,0.23529411764705882,0.11764705882352941,29,8,42,3.9350010835661138,0.19327731092436976
faststone,fsviewer-INVALID_POINTER_WRITE_c0000005__unknown+1724f962__e195f7b361fe0b31.png,WRITE,4294835969,1000000.0,127,67,30,3,0,0,0,0,0,0,0,0,0,0,39,0.02564102564102564,0.0,11,2,22,2.952931521727542,0.4358974358974359
faststone,fsviewer-INVALID_POINTER_WRITE_c0000005__unknown+1724f9a2__b8f7d72b11df4300.png,WRITE,4294443052,1000000.0,182,93,24,3,0,0,0,0,0,0,0,0,0,0,52,0.1346153846153846,0.019230769230769232,7,6,18,3.3938231178153035,0.23076923076923078
faststone,fsviewer-INVALID_POINTER_WRITE_c0000005__unknown+1724fb34__c91fe64e15707f8a.png,WRITE,4261160705,1000000.0,182,93,16,7,0,0,0,0,0,0,0,0,0,0,54,0.018518518518518517,0.0,11,6,18,3.0459475087453507,0.14814814814814814
faststone,fsviewer-INVALID_POINTER_WRITE_c0000005__unknown+1724fb97__12271254b907152f.png,WRITE,4244907780,1000000.0,151,77,12,3,0,0,0,0,0,0,0,0,0,0,44,0.06818181818181818,0.0,7,6,18,2.857471238104616,0.13636363636363635
faststone,fsviewer-INVALID_POINTER_WRITE_c0000005__unknown+17250279__bc76bc73da8ca1ff.png,WRITE,4244907780,1000000.0,228,117,18,3,0,0,0,0,0,0,0,0,0,0,64,0.328125,0.0,8,18,18,3.094005445167,0.140625
faststone,fsviewer-INVALID_POINTER_WRITE_c0000005__unknown+17250b1c__93fd2c2103dfcbbd.png,DoS,4294967295,1000000.0,88,45,20,5,-1,1,0,0,0,0,0,0,0,0,32,0.125,0.0,11,6,14,2.6692789744377787,0.34375
faststone,fsviewer-INVALID_POINTER_WRITE_c0000005__unknown+1725e5df__e0241f9507678737.png,WRITE,4290118660,1000000.0,184,93,16,3,0,0,0,0,0,0,0,0,0,0,52,0.28846153846153844,0.019230769230769232,6,8,22,3.126318135493234,0.17307692307692307
faststone,fsviewer-INVALID_POINTER_WRITE_c0000005__unknown+1725e7db__70b0111bad4937de.png,WRITE,4294967294,1000000.0,169,85,32,13,0,0,0,0,0,0,0,0,0,0,78,0.08974358974358974,0.0,32,16,34,3.3377593091072018,0.24358974358974358
faststone,fsviewer-INVALID_POINTER_WRITE_c0000005__unknown+1725eadb__103974a208106edd.png,WRITE,4294902015,1000000.0,125,67,30,1,0,0,0,0,0,0,0,0,0,0,38,0.02631578947368421,0.0,10,2,15,2.919495779819542,0.4473684210526316
faststone,fsviewer-INVALID_POINTER_WRITE_c0000005__unknown+1725eba4__0e8107de90117e36.png,WRITE,4294443052,1000000.0,182,93,30,3,0,0,0,0,0,0,0,0,0,0,52,0.09615384615384616,0.019230769230769232,7,6,34,3.3235200766703725,0.28846153846153844
faststone,fsviewer-INVALID_POINTER_WRITE_c0000005__unknown+1725ec2d__e86c2949f63a99c7.png,WRITE,4280775459,1000000.0,247,125,11,3,0,0,0,0,0,0,0,0,0,0,90,0.4777777777777778,0.022222222222222223,7,6,27,4.735620170618168,0.14444444444444443
faststone,fsviewer-INVALID_POINTER_WRITE_c0000005__unknown+1725ecbd__4e87aeeccd258ec1.png,WRITE,4277665836,1000000.0,182,93,22,3,0,0,0,0,0,0,0,0,0,0,52,0.11538461538461539,0.0,7,6,18,3.1910886269211307,0.21153846153846154
faststone,fsviewer-INVALID_POINTER_WRITE_c0000005__unknown+1725ecd4__18da6fb9543aeb9b.png,WRITE,4294967295,1000000.0,161,83,22,7,0,0,0,0,0,0,0,0,0,0,52,0.09615384615384616,0.0,15,7,18,3.0220859989644597,0.21153846153846154
faststone,fsviewer-INVALID_POINTER_WRITE_c0000005__unknown+1725ecdf__ea68b98ec685b7f8.png,DoS,4294967295,1000000.0,54,28,16,0,0,0,0,0,0,0,0,0,0,0,18,0.16666666666666666,0.0,2,5,15,3.3027227528624894,0.4444444444444444
faststone,fsviewer-INVALID_POINTER_WRITE_c0000005__unknown+1725ed9a__58c56ca13778a9e7.png,WRITE,4294443052,1000000.0,225,115,26,3,0,0,0,0,0,0,0,0,0,0,63,0.09523809523809523,0.0,8,6,29,3.1343853260171084,0.20634920634920634
faststone,fsviewer-INVALID_POINTER_WRITE_c0000005__unknown+1725eeb2__475b2724b4ef03ad.png,WRITE,4294443052,1000000.0,180,93,22,3,0,0,0,0,0,0,0,0,0,0,52,0.11538461538461539,0.0,8,5,18,3.242487073369456,0.21153846153846154
faststone,fsviewer-INVALID_POINTER_WRITE_c0000005__unknown+1725eedb__4d1f7664bdac2c27.png,WRITE,4294902015,1000000.0,166,89,37,1,0,0,0,0,0,0,0,0,0,0,49,0.04081632653061224,0.0,14,3,15,2.7609895599971006,0.42857142857142855
faststone,fsviewer-INVALID_POINTER_WRITE_c0000005__unknown+1725ef0f__5cfae12f2c1d4a30.png,WRITE,4294453209,1000000.0,195,99,25,3,-1,1,0,0,0,0,0,0,0,0,55,0.16363636363636364,0.01818181818181818,6,6,18,3.7956821989595366,0.23636363636363636
faststone,fsviewer-INVALID_POINTER_WRITE_c0000005__unknown+1725ef5d__85b8e64fec5cf42c.png,WRITE,4294902015,1000000.0,242,127,46,1,0,0,0,1,0,1,0,0,0,0,238,0.6554621848739496,0.008403361344537815,26,16,46,5.188510529652125,0.15966386554621848
faststone,fsviewer-INVALID_POINTER_WRITE_c0000005__unknown+1725ef66__2a63409fc985a07a.png,DoS,4294967104,1000000.0,56,28,12,0,0,0,0,0,0,0,0,0,0,0,18,0.2777777777777778,0.0,2,3,18,3.197159723424149,0.3333333333333333
faststone,fsviewer-INVALID_POINTER_WRITE_c0000005__unknown+1725ef97__fdd52ab2862606f6.png,WRITE,4294507773,1000000.0,202,103,30,3,0,0,0,0,0,0,0,0,0,0,57,0.08771929824561403,0.0,7,6,34,3.3743331510447203,0.2631578947368421
faststone,fsviewer-INVALID_POINTER_WRITE_c0000005__unknown+1725f033__62dce3b841bcda64.png,DoS,4194369537,1000000.0,49,26,2,2,0,0,0,0,0,0,0,0,0,0,18,0.2222222222222222,0.0,5,2,18,2.4410685859554375,0.05555555555555555
faststone,fsviewer-INVALID_POINTER_WRITE_c0000005__unknown+1725f15e__8eadbdaaaa42bd57.png,WRITE,4294902015,1000000.0,196,103,34,11,0,0,0,0,0,0,0,0,0,0,63,0.015873015873015872,0.0,20,5,38,2.6869918260301864,0.30158730158730157
faststone,fsviewer-INVALID_POINTER_WRITE_c0000005__unknown+1725f1f1__913cfd05000768a3.png,WRITE,4294443052,1000000.0,182,93,26,3,0,0,0,0,0,0,0,0,0,0,52,0.057692307692307696,0.0,7,6,34,3.2743824504791474,0.28846153846153844
faststone,fsviewer-INVALID_POINTER_WRITE_c0000005__unknown+1725f32e__14cb7304293158c8.png,WRITE,4261160705,1000000.0,127,65,18,3,0,0,0,0,0,0,0,0,0,0,38,0.10526315789473684,0.02631578947368421,6,6,18,3.429675304764616,0.23684210526315788
faststone,fsviewer-INVALID_POINTER_WRITE_c0000005__unknown+1725f398__18ebe1a875b00317.png,DoS,4294574336,1000000.0,54,28,6,0,0,0,0,0,0,0,0,0,0,0,18,0.3888888888888889,0.0,2,2,18,3.2390979179887864,0.16666666666666666
faststone,fsviewer-INVALID_POINTER_WRITE_c0000005__unknown+1725f3bf__4a62abf9df7df59e.png,WRITE,4294443052,1000000.0,166,85,22,3,0,0,0,0,0,0,0,0,0,0,48,0.125,0.0,7,6,18,3.159248162958363,0.22916666666666666
faststone,fsviewer-INVALID_POINTER_WRITE_c0000005__unknown+1725f6d1__95314fef02482e24.png,WRITE,4294446892,1000000.0,183,93,22,3,0,0,0,0,0,0,0,0,0,0,52,0.11538461538461539,0.0,6,6,18,3.2177582797656084,0.21153846153846154
faststone,fsviewer-INVALID_POINTER_WRITE_c0000005__unknown+1725f801__7b41afbc01e81d8b.png,WRITE,4294443052,1000000.0,182,93,20,3,0,0,0,0,0,0,0,0,0,0,52,0.11538461538461539,0.019230769230769232,7,6,18,3.360372231287049,0.19230769230769232
faststone,fsviewer-INVALID_POINTER_WRITE_c0000005__unknown+1725f81a__401faba4cd680455.png,WRITE,4294443052,1000000.0,246,125,24,3,0,0,0,0,0,0,0,0,0,0,68,0.10294117647058823,0.0,7,16,31,2.917304924803832,0.17647058823529413
faststone,fsviewer-INVALID_POINTER_WRITE_c0000005__unknown+1725f8cc__ba9458162674dd4f.png,WRITE,4294443052,1000000.0,119,61,10,3,0,0,0,0,0,0,0,0,0,0,36,0.1388888888888889,0.0,7,4,18,3.2313013919472886,0.1388888888888889
faststone,fsviewer-INVALID_POINTER_WRITE_c0000005__unknown+1725f986__c80f8ef7f1ff3e68.png,DoS,4294934528,1000000.0,51,26,10,2,0,0,0,0,0,0,0,0,0,0,18,0.1111111111111111,0.0,6,2,18,2.8218881955261788,0.2777777777777778
faststone,fsviewer-INVALID_POINTER_WRITE_c0000005__unknown+1725fd43__9d15c5f718b410c8.png,WRITE,4294443052,1000000.0,182,93,22,3,0,0,0,0,0,0,0,0,0,0,52,0.09615384615384616,0.019230769230769232,7,6,26,3.3733295087046598,0.21153846153846154
faststone,fsviewer-INVALID_POINTER_WRITE_c0000005__unknown+1725febc__b65b405ca881f00a.png,DoS,4284551168,1000000.0,55,28,6,0,0,0,0,0,0,0,0,0,0,0,18,0.3333333333333333,0.0,2,3,18,3.058813890331201,0.16666666666666666
faststone,fsviewer-INVALID_POINTER_WRITE_c0000005__unknown+1726043f__7fb0604dba357558.png,WRITE,4294443052,1000000.0,182,93,22,3,0,0,0,0,0,0,0,0,0,0,52,0.1346153846153846,0.0,7,6,18,3.235920912017609,0.21153846153846154
faststone,fsviewer-INVALID_POINTER_WRITE_c0000005__unknown+1726eb76__9e630a756c63f247.png,DoS,4294967295,1000000.0,71,37,20,1,-1,1,0,0,0,0,0,0,0,0,23,0.17391304347826086,0.0,3,9,14,2.782731520521893,0.43478260869565216
faststone,fsviewer-INVALID_POINTER_WRITE_c0000005__unknown+1726ebd4__de8884d7b62c18b8.png,WRITE,4244907780,1000000.0,159,81,17,3,0,0,0,0,0,0,0,0,0,0,46,0.043478260869565216,0.0,6,6,18,2.975751080717121,0.21739130434782608
faststone,fsviewer-INVALID_POINTER_WRITE_c0000005__unknown+1726ebec__944ee5df1a995a32.png,WRITE,4294443040,1000000.0,182,93,26,3,0,0,0,0,0,0,0,0,0,0,52,0.09615384615384616,0.019230769230769232,7,6,34,3.389767065863763,0.25
faststone,fsviewer-INVALID_POINTER_WRITE_c0000005__unknown+1726ec73__e0a084c0dcb15ba3.png,WRITE,4294443052,1000000.0,222,113,44,3,0,0,0,0,0,0,0,0,0,0,62,0.0967741935483871,0.016129032258064516,7,10,25,3.403726207653678,0.3548387096774194
faststone,fsviewer-INVALID_POINTER_WRITE_c0000005__unknown+1726ec96__022c8f3d52db370b.png,WRITE,4261160705,1000000.0,182,93,24,3,0,0,0,0,0,0,0,0,0,0,52,0.1346153846153846,0.019230769230769232,7,6,18,3.3938231178153035,0.23076923076923078
faststone,fsviewer-INVALID_POINTER_WRITE_c0000005__unknown+1726ecaf__9fc2124377663c00.png,WRITE,4244907777,1000000.0,151,77,14,3,0,0,0,0,0,0,0,0,0,0,44,0.25,0.0,6,6,18,3.5960184167727385,0.1590909090909091
faststone,fsviewer-INVALID_POINTER_WRITE_c0000005__unknown+1726ecb7__9a4cfce6fc37e4bd.png,DoS,4278255617,1000000.0,47,24,6,4,0,0,0,0,0,0,0,0,0,0,18,0.1111111111111111,0.0,8,3,18,2.5724312513221195,0.16666666666666666
faststone,fsviewer-INVALID_POINTER_WRITE_c0000005__unknown+1726eccf__b4213cd985fd2234.png,WRITE,4261215236,1000000.0,243,123,36,3,0,0,0,0,0,0,0,0,0,0,67,0.11940298507462686,0.014925373134328358,6,6,30,3.2191451715408,0.26865671641791045
faststone,fsviewer-INVALID_POINTER_WRITE_c0000005__unknown+1726ed53__180869fef5153b2e.png,DoS,4294967039,1000000.0,67,33,8,5,0,0,0,1,0,1,0,0,0,0,23,0.2608695652173913,0.0,7,3,10,3.2556811100252667,0.21739130434782608
faststone,fsviewer-INVALID_POINTER_WRITE_c0000005__unknown+1726ee81__810f48ed4acd9946.png,WRITE,4294443052,1000000.0,222,113,38,3,0,0,0,0,0,0,0,0,0,0,62,0.0967741935483871,0.016129032258064516,7,6,25,3.356659194491267,0.3064516129032258
faststone,fsviewer-INVALID_POINTER_WRITE_c0000005__unknown+1726eeba__825c46c617bd3891.png,WRITE,4266983681,1000000.0,152,77,15,1,0,0,0,0,0,0,0,0,0,0,43,0.023255813953488372,0.0,3,10,40,2.4781605880416784,0.23255813953488372
faststone,fsviewer-INVALID_POINTER_WRITE_c0000005__unknown+1726ef68__d457ff7e9590fb9d.png,WRITE,4294443052,1000000.0,182,93,24,3,0,0,0,0,0,0,0,0,0,0,52,0.11538461538461539,0.0,7,6,18,3.2876508338617016,0.23076923076923078
faststone,fsviewer-INVALID_POINTER_WRITE_c0000005__unknown+1726efbb__2460ed6c78f9988f.png,DoS,4294967149,1000000.0,60,31,12,1,0,0,0,0,0,0,0,0,0,0,20,0.2,0.0,4,3,12,3.1037016960573487,0.35
faststone,fsviewer-INVALID_POINTER_WRITE_c0000005__unknown+1726f105__1ae3c98645f0c7c4.png,WRITE,4294443052,1000000.0,182,93,22,3,0,0,0,0,0,0,0,0,0,0,52,0.11538461538461539,0.0,7,6,18,3.185998963334777,0.21153846153846154
faststone,fsviewer-INVALID_POINTER_WRITE_c0000005__unknown+1726f146__0ec4ec3869d66417.png,WRITE,4244907780,1000000.0,216,110,18,14,0,0,0,0,0,0,0,0,0,0,253,0.28063241106719367,0.0,66,6,65,4.890149988887835,0.17786561264822134
faststone,fsviewer-INVALID_POINTER_WRITE_c0000005__unknown+1726f1b7__404c69482209b1d3.png,WRITE,4294967295,1000000.0,164,83,28,7,0,0,0,0,0,0,0,0,0,0,57,0.08771929824561403,0.0,18,11,39,3.1405212074537183,0.24561403508771928
faststone,fsviewer-INVALID_POINTER_WRITE_c0000005__unknown+1726f1f6__c39cb7ba046d82f4.png,WRITE,4294443052,1000000.0,193,99,26,3,0,0,0,0,0,0,0,0,0,0,55,0.12727272727272726,0.0,8,5,18,3.2240678266188683,0.23636363636363636
faststone,fsviewer-INVALID_POINTER_WRITE_c0000005__unknown+1726f2e8__7c53b859cbd94edd.png,WRITE,4261160705,1000000.0,179,91,22,3,0,0,0,0,0,0,0,0,0,0,51,0.058823529411764705,0.0,6,6,18,2.782676641712937,0.23529411764705882
faststone,fsviewer-INVALID_POINTER_WRITE_c0000005__unknown+1726f3e1__fb0d8bf61d74b09f.png,WRITE,4294443052,1000000.0,181,93,24,3,0,0,0,0,0,0,0,0,0,0,52,0.19230769230769232,0.038461538461538464,7,6,15,3.460351795233742,0.23076923076923078
faststone,fsviewer-INVALID_POINTER_WRITE_c0000005__unknown+1726f448__df3c7a282b87047b.png,DoS,4294311680,1000000.0,199,97,28,23,-1,1,0,0,0,0,0,0,0,0,183,0.30601092896174864,0.00546448087431694,50,11,33,4.474583318123342,0.20218579234972678
faststone,fsviewer-INVALID_POINTER_WRITE_c0000005__unknown+1726f4cc__a0562fec09be04fd.png,DoS,4278255617,1000000.0,50,24,6,4,0,0,0,0,0,0,0,0,0,0,18,0.2222222222222222,0.05555555555555555,8,2,18,2.614369445886757,0.16666666666666666
faststone,fsviewer-INVALID_POINTER_WRITE_c0000005__unknown+1726f543__f8b05929d401011f.png,WRITE,4294506744,1000000.0,182,93,24,3,0,0,0,0,0,0,0,0,0,0,52,0.11538461538461539,0.019230769230769232,7,6,18,3.461318790975437,0.23076923076923078
faststone,fsviewer-INVALID_POINTER_WRITE_c0000005__unknown+1726f556__249a8873ea7cd9a2.png,WRITE,4294454316,1000000.0,243,123,26,3,0,0,0,0,0,0,0,0,0,0,67,0.26865671641791045,0.014925373134328358,6,6,26,3.738304035675399,0.19402985074626866
faststone,fsviewer-INVALID_POINTER_WRITE_c0000005__unknown+1726f683__93b3b403923bb28d.png,WRITE,3858825504,1000000.0,67,35,2,3,0,0,0,0,0,0,0,0,0,0,23,0.08695652173913043,0.0,6,6,10,2.402084237819134,0.043478260869565216
faststone,fsviewer-INVALID_POINTER_WRITE_c0000005__unknown+1726f6d7__41d884f16e53b900.png,DoS,4278255617,1000000.0,112,56,6,4,0,0,0,0,0,0,0,0,0,0,34,0.5588235294117647,0.0,8,16,34,2.220202008860464,0.08823529411764706
faststone,fsviewer-INVALID_POINTER_WRITE_c0000005__unknown+1726f715__c9856bc5dc5dd90c.png,DoS,4294967042,1000000.0,67,33,8,5,-1,1,0,0,0,0,0,0,0,0,23,0.21739130434782608,0.0,7,3,14,3.1145892622932436,0.21739130434782608
faststone,fsviewer-INVALID_POINTER_WRITE_c0000005__unknown+1726f7a5__a9cefd262f8e2149.png,DoS,4265803853,1000000.0,105,55,16,1,0,0,0,0,0,0,0,0,0,0,32,0.1875,0.0,8,2,29,3.3125,0.25
faststone,fsviewer-INVALID_POINTER_WRITE_c0000005__unknown+1726f825__39c045242fbe9c96.png,WRITE,4290118660,1000000.0,225,125,20,3,0,0,0,1,0,3,0,0,0,0,405,0.7481481481481481,0.007407407407407408,19,6,21,5.6058419529763395,0.09382716049382717
faststone,fsviewer-INVALID_POINTER_WRITE_c0000005__unknown+1726f82e__b914eccebfba663f.png,DoS,4194369537,1000000.0,50,24,2,4,0,0,0,0,0,0,0,0,0,0,18,0.4444444444444444,0.0,5,7,18,1.9693894195291561,0.05555555555555555
faststone,fsviewer-INVALID_POINTER_WRITE_c0000005__unknown+1726f88b__1a52d5b6717205d2.png,DoS,4294966785,1000000.0,65,33,10,5,-1,1,0,0,0,0,0,0,0,0,23,0.21739130434782608,0.0,6,3,11,3.261842390463366,0.2608695652173913
faststone,fsviewer-INVALID_POINTER_WRITE_c0000005__unknown+1726f8b5__f3955d667f77360b.png,WRITE,4247004929,1000000.0,182,93,28,3,0,0,0,0,0,0,0,0,0,0,52,0.1346153846153846,0.0,7,6,18,3.332947480433316,0.2692307692307692
faststone,fsviewer-INVALID_POINTER_WRITE_c0000005__unknown+1726f8b8__e2d20ddcc42d4787.png,WRITE,4261160705,1000000.0,245,125,28,3,0,0,0,0,0,0,0,0,0,0,81,0.12345679012345678,0.012345679012345678,8,10,21,3.5350563649774256,0.2962962962962963
faststone,fsviewer-INVALID_POINTER_WRITE_c0000005__unknown+1726f8cc__563e782967b755e6.png,WRITE,4294443052,1000000.0,181,93,26,3,0,0,0,0,0,0,0,0,0,0,52,0.1346153846153846,0.019230769230769232,8,6,18,3.4795946516917837,0.25
faststone,fsviewer-INVALID_POINTER_WRITE_c0000005__unknown+1726f8f9__c738be15fe3a33b5.png,DoS,4278255617,1000000.0,50,24,8,4,0,0,0,0,0,0,0,0,0,0,18,0.1111111111111111,0.0,8,3,18,2.5032583347756456,0.2222222222222222
faststone,fsviewer-INVALID_POINTER_WRITE_c0000005__unknown+1726f906__96966416c431b818.png,WRITE,4244907780,1000000.0,155,79,18,3,0,0,0,0,0,0,0,0,0,0,45,0.044444444444444446,0.0,6,6,18,3.038687668937505,0.2222222222222222
faststone,fsviewer-INVALID_POINTER_WRITE_c0000005__unknown+1726f9d6__c166c82870d1b617.png,WRITE,4244907777,1000000.0,173,89,24,5,0,0,0,0,0,0,0,0,0,0,55,0.2727272727272727,0.0,12,10,33,2.7867586348871303,0.21818181818181817
faststone,fsviewer-INVALID_POINTER_WRITE_c0000005__unknown+1726fecf__a227291678a85063.png,WRITE,4290118660,1000000.0,186,95,24,3,0,0,0,0,0,0,0,0,0,0,53,0.09433962264150944,0.0,7,5,18,3.471979181871913,0.24528301886792453
faststone,fsviewer-INVALID_POINTER_WRITE_c0000005__unknown+1726ff54__8a86a05a08fc36d6.png,WRITE,4294443052,1000000.0,221,113,44,3,0,0,0,0,0,0,0,0,0,0,62,0.0967741935483871,0.0,8,10,25,3.329083855399005,0.3548387096774194
faststone,fsviewer-INVALID_POINTER_WRITE_c0000005__unknown+17270261__c1d8d12b2b71151e.png,WRITE,4294966783,1000000.0,123,63,30,5,0,0,0,0,0,0,0,0,0,0,38,0.02631578947368421,0.0,12,2,15,2.849019210915388,0.4473684210526316
faststone,fsviewer-INVALID_POINTER_WRITE_c0000005__unknown+17270378__f5f345398b68290d.png,WRITE,4246873857,1000000.0,175,89,19,3,0,0,0,1,0,1,0,0,0,0,50,0.32,0.0,6,7,16,3.102824692361507,0.22
faststone,fsviewer-INVALID_POINTER_WRITE_c0000005__unknown+17270c65__4d4b58d5679efef2.png,WRITE,4294903043,1000000.0,224,117,27,11,0,0,0,1,0,3,0,0,0,0,243,0.4609053497942387,0.0411522633744856,34,11,41,5.646988739999002,0.18106995884773663
faststone,fsviewer-INVALID_POINTER_WRITE_c0000005__unknown+1727eb9e__3a4161e102f0e2c8.png,WRITE,4294443052,1000000.0,233,119,28,9,0,0,0,0,0,0,0,0,0,0,69,0.15942028985507245,0.028985507246376812,13,6,18,3.3381289320463563,0.2028985507246377
faststone,fsviewer-INVALID_POINTER_WRITE_c0000005__unknown+1727ec16__00f41b69120f0b68.png,WRITE,4244907777,1000000.0,123,63,14,3,0,0,0,0,0,0,0,0,0,0,37,0.02702702702702703,0.0,6,6,18,2.680859382480004,0.1891891891891892
faststone,fsviewer-INVALID_POINTER_WRITE_c0000005__unknown+1727ec52__63f4e688371e18cb.png,WRITE,4261160705,1000000.0,121,63,13,1,0,0,0,0,0,0,0,0,0,0,36,0.05555555555555555,0.0,6,4,18,2.299832986651978,0.19444444444444445
faststone,fsviewer-INVALID_POINTER_WRITE_c0000005__unknown+1727eccd__090c2ab82ddebcbe.png,WRITE,4294443052,1000000.0,193,97,24,5,0,0,0,0,0,0,0,0,0,0,55,0.10909090909090909,0.0,8,6,18,3.243365899139237,0.21818181818181817
faststone,fsviewer-INVALID_POINTER_WRITE_c0000005__unknown+1727ed06__37b0323344de8176.png,WRITE,4294934655,1000000.0,148,77,43,5,0,0,0,0,0,0,0,0,0,0,45,0.044444444444444446,0.0,9,5,15,3.2511178177345865,0.5333333333333333
faststone,fsviewer-INVALID_POINTER_WRITE_c0000005__unknown+1727ed36__476620d04670e5b3.png,DoS,4294967295,1000000.0,69,37,18,1,-1,1,0,0,0,0,0,0,0,0,23,0.13043478260869565,0.0,4,9,14,2.7285961945290005,0.43478260869565216
faststone,fsviewer-INVALID_POINTER_WRITE_c0000005__unknown+1727ee79__6778b8d3c9808a0c.png,DoS,3011544345,1000000.0,53,28,14,0,0,0,0,0,0,0,0,0,0,0,18,0.1111111111111111,0.0,3,4,15,2.927451224964519,0.3888888888888889
faststone,fsviewer-INVALID_POINTER_WRITE_c0000005__unknown+1727ee92__1a3ff00072a8ffcf.png,WRITE,4294902015,1000000.0,114,61,22,5,0,0,0,0,0,0,0,0,0,0,38,0.05263157894736842,0.0,13,4,21,2.708135716275141,0.3157894736842105
faststone,fsviewer-INVALID_POINTER_WRITE_c0000005__unknown+1727ef0f__0c4ab6e963cfff9d.png,WRITE,4294443052,1000000.0,173,89,14,7,0,0,0,0,0,0,0,0,0,0,52,0.09615384615384616,0.019230769230769232,12,6,19,3.171905518598967,0.1346153846153846
faststone,fsviewer-INVALID_POINTER_WRITE_c0000005__unknown+1727ef2c__a92a13ede9eb1203.png,WRITE,4294907543,1000000.0,125,67,24,1,0,0,0,0,0,0,0,0,0,0,38,0.05263157894736842,0.0,10,2,15,3.1090554776582287,0.3684210526315789
faststone,fsviewer-INVALID_POINTER_WRITE_c0000005__unknown+1727ef32__0f1c8026166530fa.png,DoS,4092851187,1000000.0,54,28,14,0,0,0,0,0,0,0,0,0,0,0,18,0.2777777777777778,0.0,2,7,15,2.522620309531022,0.3888888888888889
faststone,fsviewer-INVALID_POINTER_WRITE_c0000005__unknown+1727ef46__63a00c328625e4fd.png,WRITE,4294967295,1000000.0,182,93,30,3,0,0,0,0,0,0,0,0,0,0,52,0.09615384615384616,0.0,8,6,19,3.318820530702032,0.28846153846153844
faststone,fsviewer-INVALID_POINTER_WRITE_c0000005__unknown+1727ef64__b7001886d1975881.png,WRITE,4294902015,1000000.0,174,92,53,0,0,0,0,0,0,0,0,0,0,0,50,0.04,0.0,9,16,31,2.9949467502972356,0.56
faststone,fsviewer-INVALID_POINTER_WRITE_c0000005__unknown+1727ef66__f843dbda0b18335a.png,WRITE,4294443052,1000000.0,198,101,30,3,0,0,0,0,0,0,0,0,0,0,56,0.10714285714285714,0.0,7,9,19,3.11180759723353,0.26785714285714285
faststone,fsviewer-INVALID_POINTER_WRITE_c0000005__unknown+1727efde__98d678ffeb35618a.png,WRITE,4294443052,1000000.0,194,99,32,3,0,0,0,0,0,0,0,0,0,0,55,0.10909090909090909,0.01818181818181818,7,6,18,3.4149055695533663,0.2909090909090909
faststone,fsviewer-INVALID_POINTER_WRITE_c0000005__unknown+1727f125__aab5ec6b352b2acf.png,WRITE,4244907777,1000000.0,175,91,16,5,0,0,0,0,0,0,0,0,0,0,52,0.15384615384615385,0.0,11,6,26,3.150096609628462,0.15384615384615385
faststone,fsviewer-INVALID_POINTER_WRITE_c0000005__unknown+1727f207__0ad517cac145cabb.png,WRITE,4294443052,1000000.0,182,93,25,3,0,0,0,0,0,0,0,0,0,0,52,0.07692307692307693,0.0,7,6,18,3.2198734724765194,0.25
faststone,fsviewer-INVALID_POINTER_WRITE_c0000005__unknown+1727f375__8df8c473241f80b6.png,WRITE,4244907777,1000000.0,105,55,6,1,0,0,0,0,0,0,0,0,0,0,32,0.15625,0.0,6,6,18,2.864415736636332,0.09375
faststone,fsviewer-INVALID_POINTER_WRITE_c0000005__unknown+1727f434__dff31a6b40fc2ad4.png,WRITE,4294443052,1000000.0,182,93,25,3,0,0,0,0,0,0,0,0,0,0,52,0.09615384615384616,0.0,7,6,18,3.2983269215913884,0.25
faststone,fsviewer-INVALID_POINTER_WRITE_c0000005__unknown+1727f474__abd1c60b16ea8686.png,WRITE,4294966531,1000000.0,203,103,29,3,0,0,0,0,0,0,0,0,0,0,57,0.08771929824561403,0.0,6,6,19,3.3394443579051,0.2631578947368421
faststone,fsviewer-INVALID_POINTER_WRITE_c0000005__unknown+1727f51c__2fa3a42559594b94.png,WRITE,4292411332,1000000.0,220,109,32,15,0,0,0,0,0,0,0,0,0,0,87,0.08045977011494253,0.011494252873563218,20,6,50,3.8304573208805817,0.25287356321839083
faststone,fsviewer-INVALID_POINTER_WRITE_c0000005__unknown+1727f6fd__7fb55b39169fefbd.png,DoS,4284743808,1000000.0,52,26,8,2,0,0,0,0,0,0,0,0,0,0,18,0.16666666666666666,0.0,7,2,18,2.855953642864355,0.2222222222222222
faststone,fsviewer-INVALID_POINTER_WRITE_c0000005__unknown+1727f888__ff1577291d9b2bd5.png,DoS,4264165453,1000000.0,53,28,6,0,0,0,0,0,0,0,0,0,0,0,18,0.2222222222222222,0.0,4,2,15,3.2810361125534233,0.16666666666666666
faststone,fsviewer-INVALID_POINTER_WRITE_c0000005__unknown+1727f889__0e8212c3113ce413.png,WRITE,4261160705,1000000.0,119,61,17,3,0,0,0,0,0,0,0,0,0,0,36,0.027777777777777776,0.0,6,6,18,3.007467461665526,0.25
faststone,fsviewer-INVALID_POINTER_WRITE_c0000005__unknown+1727f905__cc282bcc59a98c99.png,DoS,4284571905,1000000.0,54,28,8,0,0,0,0,0,0,0,0,0,0,0,18,0.2777777777777778,0.0,3,2,18,3.266332639970623,0.2222222222222222
faststone,fsviewer-INVALID_POINTER_WRITE_c0000005__unknown+1727fdb1__f5d82e3a377f3117.png,WRITE,4294443052,1000000.0,222,113,46,3,0,0,0,0,0,0,0,0,0,0,62,0.0967741935483871,0.016129032258064516,7,10,25,3.43938612219368,0.3709677419354839
faststone,fsviewer-INVALID_POINTER_WRITE_c0000005__unknown+1727fee6__dc61572dd93fdd28.png,WRITE,4294835239,1000000.0,181,93,23,3,0,0,0,0,0,0,0,0,0,0,52,0.1346153846153846,0.019230769230769232,8,6,18,3.2448719246543978,0.23076923076923078
faststone,fsviewer-INVALID_POINTER_WRITE_c0000005__unknown+17280204__05a0cf408d4253fd.png,WRITE,4294443052,1000000.0,185,95,18,1,0,0,0,0,0,0,0,0,0,0,52,0.11538461538461539,0.0,5,6,15,3.187227277870696,0.17307692307692307
faststone,fsviewer-INVALID_POINTER_WRITE_c0000005__unknown+1728b0e8__fef7c16442c7bd7d.png,DoS,4282731849,1000000.0,243,126,50,2,0,0,0,0,0,0,0,0,0,0,174,0.2471264367816092,0.011494252873563218,38,7,89,4.8077254910796,0.2988505747126437
faststone,fsviewer-INVALID_POINTER_WRITE_c0000005__unknown+1728ec1c__6779951ebcbdbf52.png,WRITE,4294443052,1000000.0,186,95,26,3,0,0,0,0,0,0,0,0,0,0,53,0.11320754716981132,0.018867924528301886,7,6,18,3.3711305409672634,0.24528301886792453
faststone,fsviewer-INVALID_POINTER_WRITE_c0000005__unknown+1728ec27__fdd324594c473bf8.png,WRITE,4294443054,1000000.0,182,93,22,3,0,0,0,0,0,0,0,0,0,0,52,0.11538461538461539,0.0,7,6,18,3.2534946364949104,0.21153846153846154
faststone,fsviewer-INVALID_POINTER_WRITE_c0000005__unknown+1728ec2e__407806acbe382a6d.png,DoS,4194369537,1000000.0,54,28,4,2,0,0,0,0,0,0,0,0,0,0,19,0.3157894736842105,0.0,4,2,19,2.6895253832100687,0.10526315789473684
faststone,fsviewer-INVALID_POINTER_WRITE_c0000005__unknown+1728ec30__ec238bf0c72b675e.png,WRITE,4294443052,1000000.0,182,93,24,3,0,0,0,0,0,0,0,0,0,0,52,0.11538461538461539,0.019230769230769232,7,6,18,3.3885183818970193,0.23076923076923078
faststone,fsviewer-INVALID_POINTER_WRITE_c0000005__unknown+1728ec5a__ea502828e99e366e.png,WRITE,4294443052,1000000.0,182,93,16,3,0,0,0,0,0,0,0,0,0,0,52,0.09615384615384616,0.0,7,7,34,3.136579648918503,0.15384615384615385
faststone,fsviewer-INVALID_POINTER_WRITE_c0000005__unknown+1728ec69__cd2e80cca43e6e1a.png,WRITE,4294443052,1000000.0,217,111,30,3,0,0,0,0,0,0,0,0,0,0,61,0.16393442622950818,0.0,8,6,18,3.239364643922176,0.2459016393442623
faststone,fsviewer-INVALID_POINTER_WRITE_c0000005__unknown+1728ec9f__0f0316f546341521.png,WRITE,4228130561,1000000.0,173,87,16,15,0,0,0,0,0,0,0,0,0,0,77,0.07792207792207792,0.0,29,8,43,2.7931679655955466,0.12987012987012986
faststone,fsviewer-INVALID_POINTER_WRITE_c0000005__unknown+1728ed05__7cf17c3893743265.png,DoS,4294934527,1000000.0,63,33,8,5,0,0,0,1,0,1,0,0,0,0,23,0.21739130434782608,0.0,7,3,7,3.462415349249765,0.21739130434782608
faststone,fsviewer-INVALID_POINTER_WRITE_c0000005__unknown+1728ed1e__0fa3dab2bffdd18d.png,WRITE,4294505772,1000000.0,182,93,22,3,0,0,0,0,0,0,0,0,0,0,52,0.11538461538461539,0.0,7,6,18,3.282528771193505,0.21153846153846154
faststone,fsviewer-INVALID_POINTER_WRITE_c0000005__unknown+1728ed4f__01b2d256a81e447b.png,DoS,4294967295,1000000.0,71,35,21,5,0,0,0,0,0,0,0,0,0,0,24,0.041666666666666664,0.0,7,7,14,2.4636037764193532,0.5416666666666666
faststone,fsviewer-INVALID_POINTER_WRITE_c0000005__unknown+1728eeb2__60eb7e7b45be1db9.png,WRITE,4294443052,1000000.0,182,93,26,3,0,0,0,0,0,0,0,0,0,0,52,0.11538461538461539,0.019230769230769232,7,6,18,3.48679363427947,0.25
faststone,fsviewer-INVALID_POINTER_WRITE_c0000005__unknown+1728eeda__fe0a877932ee971c.png,WRITE,4294443052,1000000.0,181,93,24,3,0,0,0,0,0,0,0,0,0,0,52,0.11538461538461539,0.019230769230769232,8,6,18,3.379223864213445,0.23076923076923078
faststone,fsviewer-INVALID_POINTER_WRITE_c0000005__unknown+1728eef8__8606ea7614c7a5d2.png,WRITE,4294443052,1000000.0,213,109,26,1,0,0,0,0,0,0,0,0,0,0,59,0.13559322033898305,0.01694915254237288,5,7,18,3.41938178008509,0.22033898305084745
faststone,fsviewer-INVALID_POINTER_WRITE_c0000005__unknown+1728ef2d__24fdb2ae71e49ac8.png,WRITE,4294902015,1000000.0,125,67,30,1,0,0,0,0,0,0,0,0,0,0,38,0.0,0.0,10,2,19,2.919495779819542,0.4473684210526316
faststone,fsviewer-INVALID_POINTER_WRITE_c0000005__unknown+1728ef5e__7281af3921105fd7.png,WRITE,4294443009,1000000.0,185,93,24,3,0,0,0,0,0,0,0,0,0,0,52,0.057692307692307696,0.0,6,6,18,3.4584575485643407,0.25
faststone,fsviewer-INVALID_POINTER_WRITE_c0000005__unknown+1728ef8e__4ca25944e230f61c.png,WRITE,4294443052,1000000.0,220,113,30,5,0,0,0,0,0,0,0,0,0,0,63,0.09523809523809523,0.0,11,6,26,3.3693683420989307,0.23809523809523808
faststone,fsviewer-INVALID_POINTER_WRITE_c0000005__unknown+1728f03e__32225dc6159e57ec.png,WRITE,4294965252,1000000.0,228,115,30,7,0,0,0,0,0,0,0,0,0,0,65,0.1076923076923077,0.015384615384615385,11,6,18,3.367211543411908,0.23076923076923078
faststone,fsviewer-INVALID_POINTER_WRITE_c0000005__unknown+1728f1c9__fcfd6d3d0c1430a3.png,WRITE,4294444036,1000000.0,184,94,22,2,0,0,0,0,0,0,0,0,0,0,52,0.057692307692307696,0.0,5,10,26,2.940073258455029,0.23076923076923078
faststone,fsviewer-INVALID_POINTER_WRITE_c0000005__unknown+1728f2d3__e4fc4d9f1dbd6aa8.png,WRITE,4294902015,1000000.0,124,65,28,3,0,0,0,0,0,0,0,0,0,0,38,0.02631578947368421,0.0,11,2,15,2.901265321765322,0.42105263157894735
faststone,fsviewer-INVALID_POINTER_WRITE_c0000005__unknown+1728f408__61542b52787f662d.png,WRITE,4294967167,1000000.0,216,109,28,7,0,0,0,0,0,0,0,0,0,0,62,0.1774193548387097,0.0,11,5,20,3.7593307610149775,0.22580645161290322
faststone,fsviewer-INVALID_POINTER_WRITE_c0000005__unknown+1728f420__eed6154be113141a.png,WRITE,4294312964,1000000.0,215,109,48,5,0,0,0,0,0,0,0,0,0,0,61,0.11475409836065574,0.0,9,8,18,3.3682340621612314,0.39344262295081966
faststone,fsviewer-INVALID_POINTER_WRITE_c0000005__unknown+1728f4f2__a7b5612a80a1ddd1.png,WRITE,4294443052,1000000.0,182,93,24,3,0,0,0,0,0,0,0,0,0,0,52,0.07692307692307693,0.0,7,6,18,3.327361056289983,0.23076923076923078
faststone,fsviewer-INVALID_POINTER_WRITE_c0000005__unknown+1728f50b__e3da2679a27884cd.png,DoS,4294949736,1000000.0,53,28,8,0,0,0,0,0,0,0,0,0,0,0,18,0.3333333333333333,0.0,3,2,18,3.155221528859512,0.2222222222222222
faststone,fsviewer-INVALID_POINTER_WRITE_c0000005__unknown+1728f596__9f67ffccb6fd6f99.png,WRITE,4294443052,1000000.0,182,93,24,3,0,0,0,0,0,0,0,0,0,0,52,0.17307692307692307,0.0,7,6,26,3.710446068713576,0.23076923076923078
faststone,fsviewer-INVALID_POINTER_WRITE_c0000005__unknown+1728f75c__8f723de1a3186974.png,DoS,4294927371,1000000.0,69,35,6,3,-2,2,0,0,0,0,0,0,0,0,23,0.30434782608695654,0.0,5,2,10,3.0792453930625077,0.17391304347826086
faststone,fsviewer-INVALID_POINTER_WRITE_c0000005__unknown+1728f766__f6afafa6e140f576.png,DoS,4294967231,1000000.0,71,37,18,1,-1,1,0,0,0,0,0,0,0,0,23,0.17391304347826086,0.0,4,3,14,3.257500413502067,0.43478260869565216
faststone,fsviewer-INVALID_POINTER_WRITE_c0000005__unknown+1728f801__7fa21bbd4b8c6da5.png,DoS,2155872778,1000000.0,51,26,4,2,0,0,0,0,0,0,0,0,0,0,18,0.2222222222222222,0.0,6,2,15,3.086048612313038,0.1111111111111111
faststone,fsviewer-INVALID_POINTER_WRITE_c0000005__unknown+1728f845__f7154f25c995007b.png,WRITE,4244907780,1000000.0,226,115,16,3,0,0,0,0,0,0,0,0,0,0,63,0.31746031746031744,0.0,7,11,26,3.3725548998164063,0.12698412698412698
faststone,fsviewer-INVALID_POINTER_WRITE_c0000005__unknown+1728f8ce__45543c6ed0a3a883.png,WRITE,4260952312,1000000.0,131,67,16,3,0,0,0,0,0,0,0,0,0,0,39,0.10256410256410256,0.0,6,7,19,3.0009513488673547,0.20512820512820512
faststone,fsviewer-INVALID_POINTER_WRITE_c0000005__unknown+1728f9c7__38d5039d05841134.png,WRITE,4286808963,1000000.0,245,125,33,3,6,6,6,0,0,0,0,0,0,0,78,0.16666666666666666,0.0,8,11,19,3.263315367414921,0.23076923076923078
faststone,fsviewer-INVALID_POINTER_WRITE_c0000005__unknown+1728fa2a__57e66068fc560df4.png,DoS,4286611456,1000000.0,52,26,8,2,0,0,0,0,0,0,0,0,0,0,18,0.16666666666666666,0.0,6,2,15,3.197159723424149,0.2222222222222222
faststone,fsviewer-INVALID_POINTER_WRITE_c0000005__unknown+1728fa99__d1fb55288cc66538.png,WRITE,4294902015,1000000.0,102,53,22,5,0,0,0,0,0,0,0,0,0,0,38,0.02631578947368421,0.0,16,8,15,2.6395218429498026,0.34210526315789475
faststone,fsviewer-INVALID_POINTER_WRITE_c0000005__unknown+1728fa9c__4f7d1a84b7400213.png,WRITE,4294443052,1000000.0,184,93,26,3,0,0,0,0,0,0,0,0,0,0,52,0.11538461538461539,0.0,7,6,18,3.2239637412393365,0.25
faststone,fsviewer-INVALID_POINTER_WRITE_c0000005__unknown+1728fb0f__23f56b8458a45991.png,WRITE,4294902017,1000000.0,126,67,28,1,0,0,0,0,0,0,0,0,0,0,38,0.02631578947368421,0.0,9,2,15,3.023471592049354,0.42105263157894735
faststone,fsviewer-INVALID_POINTER_WRITE_c0000005__unknown+1728fbfe__9797deb0a6ce171d.png,WRITE,4292935680,1000000.0,134,66,8,2,0,0,0,0,0,0,0,0,0,0,38,0.15789473684210525,0.10526315789473684,5,6,18,3.231369869151725,0.10526315789473684
faststone,fsviewer-INVALID_POINTER_WRITE_c0000005__unknown+1728fc05__38bdcf812964fa76.png,DoS,4294967294,1000000.0,79,41,16,1,-1,1,0,0,0,0,0,0,0,0,25,0.2,0.0,4,3,14,3.173660689688186,0.4
faststone,fsviewer-INVALID_POINTER_WRITE_c0000005__unknown+1728fd85__8a5777a9ec6ced84.png,WRITE,4294443052,1000000.0,182,93,22,3,0,0,0,0,0,0,0,0,0,0,52,0.11538461538461539,0.0,7,6,18,3.275518617797346,0.21153846153846154
faststone,fsviewer-INVALID_POINTER_WRITE_c0000005__unknown+1728febc__90e2464a22920d21.png,WRITE,4294967167,1000000.0,239,121,48,3,0,0,0,0,0,0,0,0,0,0,66,0.10606060606060606,0.015151515151515152,9,10,27,3.540056282658018,0.36363636363636365
faststone,fsviewer-INVALID_POINTER_WRITE_c0000005__unknown+1728ff0e__a7f4887cbe08cc3e.png,WRITE,4294443052,1000000.0,182,93,26,3,0,0,0,0,0,0,0,0,0,0,52,0.11538461538461539,0.019230769230769232,7,6,18,3.426308114515496,0.25
faststone,fsviewer-INVALID_POINTER_WRITE_c0000005__unknown+1728ff2a__500fe992f0f0b3e4.png,WRITE,4244907777,1000000.0,131,67,4,3,0,0,0,0,0,0,0,0,0,0,39,0.41025641025641024,0.0,6,15,19,2.5645526306967428,0.05128205128205128
faststone,fsviewer-INVALID_POINTER_WRITE_c0000005__unknown+172901f8__b511590aa9730df3.png,WRITE,4294377516,1000000.0,182,93,22,3,0,0,0,0,0,0,0,0,0,0,52,0.11538461538461539,0.0,7,6,18,3.248517489557101,0.21153846153846154
faststone,fsviewer-INVALID_POINTER_WRITE_c0000005__unknown+1729024f__91fb5301869e13e9.png,WRITE,4294506284,1000000.0,183,93,26,3,0,0,0,0,0,0,0,0,0,0,52,0.1346153846153846,0.0,6,6,26,3.4070093149452965,0.25
faststone,fsviewer-INVALID_POINTER_WRITE_c0000005__unknown+172902b3__7c6552dbb64f4d81.png,WRITE,4244907777,1000000.0,238,121,18,7,0,0,0,0,0,0,0,0,0,0,83,0.10843373493975904,0.0,11,10,25,3.3179890419847777,0.1566265060240964
faststone,fsviewer-INVALID_POINTER_WRITE_c0000005__unknown+1729b66e__57ff42a5583f05a7.png,WRITE,4234216704,1000000.0,190,104,20,24,0,0,0,1,0,1,0,0,0,0,372,0.6317204301075269,0.01881720430107527,45,13,92,5.612589826516287,0.1478494623655914
faststone,fsviewer-INVALID_POINTER_WRITE_c0000005__unknown+1729b94a__e7d7bb530edc644d.png,WRITE,11111111111,1000000.0,248,131,21,0,0,0,0,0,0,2,0,0,0,0,247,0.5748987854251012,0.11336032388663968,19,14,34,5.0410085072526964,0.09716599190283401
faststone,fsviewer-INVALID_POINTER_WRITE_c0000005__unknown+1729c156__fa5e4c7074fb0a74.png,WRITE,111111111111,1000000.0,246,130,16,0,0,0,0,1,0,3,0,0,0,0,389,0.7455012853470437,0.09768637532133675,25,13,35,5.442657519065939,0.07197943444730077
faststone,fsviewer-INVALID_POINTER_WRITE_c0000005__unknown+1729eb62__27554d0f33dd77a5.png,WRITE,4294967044,1000000.0,194,99,29,3,0,0,0,0,0,0,0,0,0,0,55,0.12727272727272726,0.01818181818181818,7,6,18,3.5260155555782804,0.2727272727272727
faststone,fsviewer-INVALID_POINTER_WRITE_c0000005__unknown+1729ebe9__ed428baaae4fb8f8.png,DoS,4285497416,1000000.0,53,28,8,0,0,0,0,0,0,0,0,0,0,0,18,0.3333333333333333,0.0,3,1,18,3.4193819456463714,0.2222222222222222
faststone,fsviewer-INVALID_POINTER_WRITE_c0000005__unknown+1729ebeb__d4b5e9978994fc7b.png,DoS,4294967168,1000000.0,51,28,10,0,0,0,0,0,0,0,0,0,0,0,18,0.05555555555555555,0.0,4,3,15,3.1279868068776753,0.2777777777777778
faststone,fsviewer-INVALID_POINTER_WRITE_c0000005__unknown+1729ebef__0628bcf1e051e5d1.png,WRITE,4294275184,1000000.0,241,123,26,5,0,0,0,0,0,0,0,0,0,0,85,0.5294117647058824,0.011764705882352941,10,11,16,4.547125303637258,0.18823529411764706
faststone,fsviewer-INVALID_POINTER_WRITE_c0000005__unknown+1729ec03__151ae1c942f2d8cf.png,DoS,4294967295,1000000.0,130,67,45,1,-1,1,0,0,0,0,0,0,0,0,38,0.13157894736842105,0.0,4,6,20,3.0147537282331207,0.631578947368421
faststone,fsviewer-INVALID_POINTER_WRITE_c0000005__unknown+1729ec2e__453cea09c31a5893.png,WRITE,4294443052,1000000.0,181,93,26,3,0,0,0,0,0,0,0,0,0,0,52,0.11538461538461539,0.0,8,7,18,3.351305527402224,0.25
faststone,fsviewer-INVALID_POINTER_WRITE_c0000005__unknown+1729ec42__98ae5deab92e844a.png,WRITE,4294443052,1000000.0,182,93,14,3,0,0,0,0,0,0,0,0,0,0,52,0.09615384615384616,0.0,7,14,26,2.9565108156141315,0.1346153846153846
faststone,fsviewer-INVALID_POINTER_WRITE_c0000005__unknown+1729ec49__09dea210fd5114c3.png,WRITE,4261281028,1000000.0,180,91,23,5,0,0,0,0,0,0,0,0,0,0,52,0.07692307692307693,0.0,8,6,23,3.1743195943662608,0.23076923076923078
faststone,fsviewer-INVALID_POINTER_WRITE_c0000005__unknown+1729ec58__1e0758da955e8ade.png,WRITE,4277665836,1000000.0,179,93,22,3,0,0,0,0,0,0,0,0,0,0,52,0.1346153846153846,0.0,8,6,15,3.2292186899869018,0.21153846153846154
faststone,fsviewer-INVALID_POINTER_WRITE_c0000005__unknown+1729ec5b__6a4975269f304c01.png,WRITE,4294443052,1000000.0,178,91,24,3,0,0,0,0,0,0,0,0,0,0,51,0.11764705882352941,0.0,7,6,17,3.151813806487012,0.23529411764705882
faststone,fsviewer-INVALID_POINTER_WRITE_c0000005__unknown+1729ec6e__1413fb0658dfda52.png,WRITE,4294443052,1000000.0,194,99,30,3,0,0,0,0,0,0,0,0,0,0,55,0.10909090909090909,0.01818181818181818,7,6,18,3.3195398877745204,0.2727272727272727
faststone,fsviewer-INVALID_POINTER_WRITE_c0000005__unknown+1729eca3__a593c072a9c773c1.png,DoS,4278288896,1000000.0,54,28,14,0,0,0,0,0,0,0,0,0,0,0,18,0.05555555555555555,0.0,4,2,15,3.350209029099897,0.3888888888888889
faststone,fsviewer-INVALID_POINTER_WRITE_c0000005__unknown+1729ecbc__17433937f8ed3356.png,WRITE,4294443052,1000000.0,175,89,21,3,0,0,0,0,0,0,0,0,0,0,50,0.08,0.0,7,6,18,3.0990333048626955,0.22
faststone,fsviewer-INVALID_POINTER_WRITE_c0000005__unknown+1729ecbd__2f6ca70c62cd2d8e.png,WRITE,4278255879,1000000.0,139,71,16,3,0,0,0,0,0,0,0,0,0,0,41,0.024390243902439025,0.0,6,6,23,3.188455589815917,0.1951219512195122
faststone,fsviewer-INVALID_POINTER_WRITE_c0000005__unknown+1729edab__d2d882bf99bcd401.png,DoS,4294443052,1000000.0,158,81,6,5,0,0,0,0,0,0,0,0,0,0,52,0.34615384615384615,0.0,12,13,23,2.7641168497982984,0.057692307692307696
faststone,fsviewer-INVALID_POINTER_WRITE_c0000005__unknown+1729ee84__8a336e9605bb62fe.png,WRITE,4294967041,1000000.0,244,123,45,5,1,1,1,0,0,0,0,0,0,0,88,0.09090909090909091,0.011363636363636364,10,7,30,3.6219349978344924,0.4090909090909091
faststone,fsviewer-INVALID_POINTER_WRITE_c0000005__unknown+1729eea1__118f1e340839182e.png,WRITE,4294443052,1000000.0,198,101,18,3,0,0,0,0,0,0,0,0,0,0,56,0.125,0.0,7,6,25,2.8801115288581656,0.16071428571428573
faststone,fsviewer-INVALID_POINTER_WRITE_c0000005__unknown+1729eeb2__2a1a7ac668a7a314.png,WRITE,4294443052,1000000.0,181,93,22,3,0,0,0,0,0,0,0,0,0,0,52,0.11538461538461539,0.0,8,6,18,3.144676182462142,0.21153846153846154
faststone,fsviewer-INVALID_POINTER_WRITE_c0000005__unknown+1729eedb__8117f94c8cf1f9f8.png,WRITE,4290118660,1000000.0,185,95,20,3,0,0,0,0,0,0,0,0,0,0,53,0.1320754716981132,0.0,7,6,18,3.287524044832797,0.18867924528301888
faststone,fsviewer-INVALID_POINTER_WRITE_c0000005__unknown+1729eee6__235b76ce3a76bb96.png,WRITE,4261160705,1000000.0,115,59,16,3,0,0,0,0,0,0,0,0,0,0,35,0.02857142857142857,0.0,6,6,18,2.8438492774580917,0.22857142857142856
faststone,fsviewer-INVALID_POINTER_WRITE_c0000005__unknown+1729ef70__5c7657f3b0f238b4.png,WRITE,4294478160,1000000.0,236,119,28,9,0,0,0,0,0,0,0,0,0,0,114,0.15789473684210525,0.03508771929824561,36,16,39,4.067132872047009,0.16666666666666666
faststone,fsviewer-INVALID_POINTER_WRITE_c0000005__unknown+1729efaf__f075cb1096913acf.png,WRITE,4294443052,1000000.0,176,89,20,7,0,0,0,0,0,0,0,0,0,0,52,0.07692307692307693,0.0,10,6,18,3.0043673587567716,0.21153846153846154
faststone,fsviewer-INVALID_POINTER_WRITE_c0000005__unknown+1729efb7__8e5dc45307a1a61c.png,WRITE,4261160705,1000000.0,243,123,20,5,0,0,0,0,0,0,0,0,0,0,143,0.3006993006993007,0.006993006993006993,25,20,32,4.280682943328755,0.16783216783216784
faststone,fsviewer-INVALID_POINTER_WRITE_c0000005__unknown+1729efdd__c53a9d3ca273eeb1.png,WRITE,4294443052,1000000.0,172,89,14,7,0,0,0,0,0,0,0,0,0,0,53,0.33962264150943394,0.018867924528301886,12,14,23,2.9259125619233948,0.1320754716981132
faststone,fsviewer-INVALID_POINTER_WRITE_c0000005__unknown+1729f0ab__8947f1a799945e26.png,WRITE,4294443052,1000000.0,211,109,24,3,0,0,0,0,0,0,0,0,0,0,60,0.1,0.016666666666666666,9,6,23,3.2359735244124503,0.2
faststone,fsviewer-INVALID_POINTER_WRITE_c0000005__unknown+1729f180__6605dcbb6b7c3604.png,WRITE,4294443052,1000000.0,180,93,24,3,0,0,0,0,0,0,0,0,0,0,52,0.09615384615384616,0.0,8,6,26,3.18313772092368,0.23076923076923078
faststone,fsviewer-INVALID_POINTER_WRITE_c0000005__unknown+1729f21f__6bb303bc91835c98.png,WRITE,4294443052,1000000.0,123,63,10,3,0,0,0,0,0,0,0,0,0,0,37,0.21621621621621623,0.02702702702702703,7,6,18,3.361330651909929,0.13513513513513514
faststone,fsviewer-INVALID_POINTER_WRITE_c0000005__unknown+1729f282__9c42c54fe617a206.png,WRITE,4261160705,1000000.0,173,89,23,5,0,0,0,1,0,3,0,0,0,0,51,0.09803921568627451,0.0,10,6,17,3.274531640745265,0.23529411764705882
faststone,fsviewer-INVALID_POINTER_WRITE_c0000005__unknown+1729f51f__79ee30447ddef54a.png,WRITE,4294771751,1000000.0,198,101,24,3,0,0,0,0,0,0,0,0,0,0,56,0.16071428571428573,0.0,7,6,18,3.377071043166983,0.21428571428571427
faststone,fsviewer-INVALID_POINTER_WRITE_c0000005__unknown+1729f6d8__70774687ffcb217f.png,DoS,4294934656,1000000.0,53,28,10,0,0,0,0,0,0,0,0,0,0,0,18,0.16666666666666666,0.0,4,2,15,3.169925001442312,0.2777777777777778
faststone,fsviewer-INVALID_POINTER_WRITE_c0000005__unknown+1729f6ef__6f27cc441cee2715.png,WRITE,4294443052,1000000.0,182,93,24,3,0,0,0,0,0,0,0,0,0,0,52,0.1346153846153846,0.0,7,6,18,3.3314171082415243,0.23076923076923078
faststone,fsviewer-INVALID_POINTER_WRITE_c0000005__unknown+1729f801__880b0eaed1a87ba8.png,WRITE,4294443052,1000000.0,182,93,26,3,0,0,0,0,0,0,0,0,0,0,52,0.11538461538461539,0.019230769230769232,7,5,18,3.532655443755181,0.25
faststone,fsviewer-INVALID_POINTER_WRITE_c0000005__unknown+1729f827__71e054ce31a5b448.png,WRITE,4244907780,1000000.0,157,81,16,3,-8,8,0,0,0,0,0,0,0,0,46,0.1956521739130435,0.0,7,8,30,3.057432947443446,0.17391304347826086
faststone,fsviewer-INVALID_POINTER_WRITE_c0000005__unknown+1729f831__2aa489f8717f655d.png,DoS,4194369537,1000000.0,50,26,4,2,0,0,0,0,0,0,0,0,0,0,18,0.2222222222222222,0.0,5,2,18,2.5046934208291405,0.1111111111111111
faststone,fsviewer-INVALID_POINTER_WRITE_c0000005__unknown+1729f859__43cd82a7cb62906e.png,DoS,4286406145,1000000.0,53,28,10,0,-1,1,0,0,0,0,0,0,0,0,18,0.2222222222222222,0.0,3,1,9,3.377443751081734,0.2777777777777778
faststone,fsviewer-INVALID_POINTER_WRITE_c0000005__unknown+1729f87c__b2531ec84cf4dfa0.png,WRITE,4294443052,1000000.0,182,93,24,3,0,0,0,0,0,0,0,0,0,0,52,0.25,0.019230769230769232,7,8,26,3.506267479135752,0.23076923076923078
faststone,fsviewer-INVALID_POINTER_WRITE_c0000005__unknown+1729f88b__2e431036c49fb50d.png,WRITE,4294967295,1000000.0,159,81,37,3,0,0,0,0,0,0,0,0,0,0,46,0.043478260869565216,0.0,6,6,19,3.3457182719834466,0.41304347826086957
faststone,fsviewer-INVALID_POINTER_WRITE_c0000005__unknown+1729f8b5__1fcc5e44c98f045c.png,WRITE,4294443052,1000000.0,198,101,22,3,0,0,0,0,0,0,0,0,0,0,56,0.10714285714285714,0.0,7,6,18,3.1602358885155692,0.19642857142857142
faststone,fsviewer-INVALID_POINTER_WRITE_c0000005__unknown+1729f922__218198767f0c2d59.png,WRITE,4294961920,1000000.0,184,95,28,1,0,0,0,0,0,0,0,0,0,0,52,0.11538461538461539,0.0,6,6,18,3.224129026400548,0.2692307692307692
faststone,fsviewer-INVALID_POINTER_WRITE_c0000005__unknown+1729f930__0fd89e7398b4da3f.png,WRITE,4294443052,1000000.0,97,49,8,7,0,0,0,0,0,0,0,0,0,0,32,0.1875,0.0,10,6,18,2.757856063692049,0.125
faststone,fsviewer-INVALID_POINTER_WRITE_c0000005__unknown+1729f93a__56afa14b79e59e5d.png,WRITE,4294443052,1000000.0,182,93,10,3,0,0,0,0,0,0,0,0,0,0,52,0.09615384615384616,0.0,7,20,34,2.5993307911584327,0.09615384615384616
faststone,fsviewer-INVALID_POINTER_WRITE_c0000005__unknown+1729f93d__33cca64c3c158489.png,WRITE,4294443052,1000000.0,184,95,22,1,0,0,0,0,0,0,0,0,0,0,52,0.11538461538461539,0.0,6,6,18,3.2542993284173414,0.21153846153846154
faststone,fsviewer-INVALID_POINTER_WRITE_c0000005__unknown+1729fb1d__9bde33c81fd3426e.png,WRITE,4294443052,1000000.0,182,93,40,3,0,0,0,0,0,0,0,0,0,0,52,0.09615384615384616,0.0,7,12,26,3.211976440905368,0.38461538461538464
faststone,fsviewer-INVALID_POINTER_WRITE_c0000005__unknown+1729fc2c__47b43791b9cae7e8.png,WRITE,4294443052,1000000.0,233,119,24,3,0,0,0,0,0,0,0,0,0,0,65,0.09230769230769231,0.0,8,6,31,3.0388805596964574,0.18461538461538463
faststone,fsviewer-INVALID_POINTER_WRITE_c0000005__unknown+1729fe97__1f0931c668a1a85d.png,DoS,4286406913,1000000.0,54,28,10,0,-1,1,0,0,0,0,0,0,0,0,18,0.2777777777777778,0.0,3,1,9,3.4193819456463714,0.2777777777777778
faststone,fsviewer-INVALID_POINTER_WRITE_c0000005__unknown+1729ff97__9e1c46fac9fe893e.png,WRITE,4244907780,1000000.0,155,79,16,3,0,0,0,0,0,0,0,0,0,0,45,0.044444444444444446,0.0,6,6,18,2.7799916047347484,0.17777777777777778
faststone,fsviewer-INVALID_POINTER_WRITE_c0000005__unknown+172a0713__199ef3f593663a0c.png,DoS,4294930705,1000000.0,54,28,12,0,0,0,0,0,0,0,0,0,0,0,18,0.2222222222222222,0.05555555555555555,4,2,15,3.350209029099897,0.3333333333333333
faststone,fsviewer-INVALID_POINTER_WRITE_c0000005__unknown+172aadc4__8520d7c624d89964.png,WRITE,111111111111,1000000.0,246,130,14,0,-6,6,0,0,0,2,0,0,0,0,319,0.7084639498432602,0.11912225705329153,21,12,26,5.49134575077252,0.07836990595611286
faststone,fsviewer-INVALID_POINTER_WRITE_c0000005__unknown+172aeab7__4d274bd166d3fe57.png,WRITE,4294443052,1000000.0,201,103,28,3,0,0,0,0,0,0,0,0,0,0,57,0.10526315789473684,0.0,8,6,18,3.267299384719935,0.24561403508771928
faststone,fsviewer-INVALID_POINTER_WRITE_c0000005__unknown+172aebec__e6df820cbc8de540.png,WRITE,4294443052,1000000.0,182,93,34,3,0,0,0,0,0,0,0,0,0,0,52,0.09615384615384616,0.0,7,6,26,3.444666161484404,0.3269230769230769
faststone,fsviewer-INVALID_POINTER_WRITE_c0000005__unknown+172aec16__4fc20df218f578ca.png,WRITE,4277665836,1000000.0,180,93,32,3,0,0,0,0,0,0,0,0,0,0,52,0.09615384615384616,0.019230769230769232,8,5,26,3.4681666405523326,0.3076923076923077
faststone,fsviewer-INVALID_POINTER_WRITE_c0000005__unknown+172aec19__8ddd6692fa107e75.png,WRITE,4293198080,1000000.0,51,27,6,1,0,0,0,0,0,0,0,0,0,0,18,0.0,0.0,4,3,15,2.522620309531022,0.16666666666666666
faststone,fsviewer-INVALID_POINTER_WRITE_c0000005__unknown+172aec42__e61a02a4b4cc8b64.png,DoS,4194369537,1000000.0,52,28,2,0,0,0,0,0,0,0,0,0,0,0,18,0.3888888888888889,0.0,5,2,18,2.7744019192887706,0.05555555555555555
faststone,fsviewer-INVALID_POINTER_WRITE_c0000005__unknown+172aec46__0339e50004f2a655.png,WRITE,4259849988,1000000.0,180,93,20,3,0,0,0,0,0,0,0,0,0,0,52,0.11538461538461539,0.0,8,6,18,3.095866145251392,0.19230769230769232
faststone,fsviewer-INVALID_POINTER_WRITE_c0000005__unknown+172aec82__c9e82026b0c86d6f.png,WRITE,4294910079,1000000.0,111,57,29,1,0,0,0,0,0,0,0,0,0,0,33,0.06060606060606061,0.0,3,10,14,3.218974999433378,0.5151515151515151
faststone,fsviewer-INVALID_POINTER_WRITE_c0000005__unknown+172aec9f__ea5e83eafea13f2c.png,WRITE,4294443052,1000000.0,182,93,24,3,0,0,0,0,0,0,0,0,0,0,52,0.11538461538461539,0.0,7,6,18,3.1813329223619107,0.23076923076923078
faststone,fsviewer-INVALID_POINTER_WRITE_c0000005__unknown+172aecba__e7ed63c8952e3566.png,DoS,4194369537,1000000.0,51,26,6,2,0,0,0,0,0,0,0,0,0,0,18,0.2222222222222222,0.0,4,2,18,2.905764584655453,0.16666666666666666
faststone,fsviewer-INVALID_POINTER_WRITE_c0000005__unknown+172aecbd__36e83c765f8b9947.png,DoS,4294967295,1000000.0,71,37,14,1,-1,1,0,0,0,0,0,0,0,0,23,0.21739130434782608,0.0,4,4,7,3.294663586209604,0.34782608695652173
faststone,fsviewer-INVALID_POINTER_WRITE_c0000005__unknown+172aecce__83cf514e7460ef61.png,WRITE,4294934527,1000000.0,186,95,22,3,0,0,0,0,0,0,0,0,0,0,53,0.1320754716981132,0.018867924528301886,7,6,18,3.3761241731651954,0.20754716981132076
faststone,fsviewer-INVALID_POINTER_WRITE_c0000005__unknown+172aed5f__16c9594afd8e2508.png,WRITE,4294443052,1000000.0,182,93,34,3,0,0,0,0,0,0,0,0,0,0,52,0.1346153846153846,0.0,7,7,18,3.307393625476213,0.3269230769230769
faststone,fsviewer-INVALID_POINTER_WRITE_c0000005__unknown+172aeee7__4b96c0c8d70922b4.png,WRITE,4177066026,1000000.0,85,43,10,7,0,0,0,0,0,0,0,0,0,0,56,0.03571428571428571,0.0,36,30,50,1.9211571531959937,0.10714285714285714
faststone,fsviewer-INVALID_POINTER_WRITE_c0000005__unknown+172aeef8__8f029211e07d9da2.png,WRITE,4292411332,1000000.0,185,95,26,1,4,4,4,0,0,0,0,0,0,0,52,0.3269230769230769,0.0,5,6,18,4.20143323925505,0.25
faststone,fsviewer-INVALID_POINTER_WRITE_c0000005__unknown+172aeefa__086899d1e935ce48.png,WRITE,4244833528,1000000.0,180,93,26,3,2,2,2,0,0,0,0,0,0,0,52,0.07692307692307693,0.019230769230769232,9,6,18,2.868547776483758,0.25
faststone,fsviewer-INVALID_POINTER_WRITE_c0000005__unknown+172aef8b__7ede95e2e9248f58.png,WRITE,4290118660,1000000.0,162,83,20,3,0,0,0,0,0,0,0,0,0,0,47,0.0425531914893617,0.0,7,6,18,3.1396961732442854,0.2553191489361702
faststone,fsviewer-INVALID_POINTER_WRITE_c0000005__unknown+172af1d1__afa28cbe183cbcba.png,WRITE,4294443052,1000000.0,182,93,26,3,0,0,0,0,0,0,0,0,0,0,52,0.1346153846153846,0.019230769230769232,7,6,18,3.4756207859928043,0.25
faststone,fsviewer-INVALID_POINTER_WRITE_c0000005__unknown+172af2c4__dc546d239ba4788b.png,WRITE,4294902015,1000000.0,125,67,28,1,0,0,0,0,0,0,0,0,0,0,38,0.02631578947368421,0.0,10,2,15,2.919495779819542,0.42105263157894735
faststone,fsviewer-INVALID_POINTER_WRITE_c0000005__unknown+172af449__8e51c88997417e5f.png,WRITE,4294443052,1000000.0,243,125,36,3,0,0,0,0,0,0,0,0,0,0,68,0.07352941176470588,0.0,8,8,42,3.245706083995256,0.2647058823529412
faststone,fsviewer-INVALID_POINTER_WRITE_c0000005__unknown+172af462__80d06d53d1826ed8.png,WRITE,4294443148,1000000.0,211,107,25,3,0,0,0,0,0,0,0,0,0,0,59,0.03389830508474576,0.0,7,7,22,3.009613700243475,0.2542372881355932
faststone,fsviewer-INVALID_POINTER_WRITE_c0000005__unknown+172af4b2__90cd8cd154952a81.png,WRITE,4294443052,1000000.0,182,93,20,3,0,0,0,0,0,0,0,0,0,0,52,0.1346153846153846,0.0,7,6,18,3.1765715595718333,0.19230769230769232
faststone,fsviewer-INVALID_POINTER_WRITE_c0000005__unknown+172af661__b702574ed4941541.png,WRITE,4294446124,1000000.0,183,93,24,3,0,0,0,0,0,0,0,0,0,0,52,0.11538461538461539,0.019230769230769232,6,6,18,3.4309537860575374,0.23076923076923078
faststone,fsviewer-INVALID_POINTER_WRITE_c0000005__unknown+172af797__36743b64c80ae615.png,WRITE,4278453249,1000000.0,122,63,12,3,0,0,0,0,0,0,0,0,0,0,37,0.0,0.0,7,7,34,2.623523616697853,0.16216216216216217
faststone,fsviewer-INVALID_POINTER_WRITE_c0000005__unknown+172af7b0__a5882a1bc2d7d3ab.png,WRITE,4294443052,1000000.0,218,112,46,4,0,0,0,0,0,0,0,0,0,0,62,0.08064516129032258,0.016129032258064516,9,9,44,3.6919542216449472,0.3709677419354839
faststone,fsviewer-INVALID_POINTER_WRITE_c0000005__unknown+172af831__eb1f7059d82afc90.png,WRITE,4294443052,1000000.0,194,99,26,3,0,0,0,0,0,0,0,0,0,0,55,0.10909090909090909,0.01818181818181818,7,6,18,3.372208288345671,0.23636363636363636
faststone,fsviewer-INVALID_POINTER_WRITE_c0000005__unknown+172af898__7a89a263ae54aa29.png,DoS,4286611500,1000000.0,52,26,8,2,0,0,0,0,0,0,0,0,0,0,18,0.2222222222222222,0.0,5,2,11,3.4138338639736006,0.2222222222222222
faststone,fsviewer-INVALID_POINTER_WRITE_c0000005__unknown+172af8b5__2dbe43a37de16665.png,WRITE,4294443052,1000000.0,150,77,20,5,0,0,0,0,0,0,0,0,0,0,45,0.08888888888888889,0.0,10,5,27,3.2947859532048263,0.2222222222222222
faststone,fsviewer-INVALID_POINTER_WRITE_c0000005__unknown+172af922__23552d6efa4f4147.png,WRITE,4294443052,1000000.0,186,95,22,3,0,0,0,0,0,0,0,0,0,0,53,0.1320754716981132,0.018867924528301886,7,6,35,3.2516724499292096,0.20754716981132076
faststone,fsviewer-INVALID_POINTER_WRITE_c0000005__unknown+172af926__037ea4e30878aa60.png,WRITE,4294443052,1000000.0,225,115,24,3,0,0,0,0,0,0,0,0,0,0,63,0.2698412698412698,0.0,8,11,18,3.335627119573966,0.19047619047619047
faststone,fsviewer-INVALID_POINTER_WRITE_c0000005__unknown+172af930__cbcff45225e355c8.png,DoS,4294967295,1000000.0,68,35,14,3,-1,1,0,0,0,0,0,0,0,0,23,0.17391304347826086,0.0,5,4,14,2.9904695678465765,0.34782608695652173
faststone,fsviewer-INVALID_POINTER_WRITE_c0000005__unknown+172af94a__446dd5a78286757d.png,WRITE,4294443052,1000000.0,197,101,20,3,0,0,0,0,0,0,0,0,0,0,56,0.17857142857142858,0.0,8,8,18,3.064682425786207,0.17857142857142858
faststone,fsviewer-INVALID_POINTER_WRITE_c0000005__unknown+172af97d__b3d59cc55906ba60.png,DoS,4284616704,1000000.0,54,28,4,0,0,0,0,0,0,0,0,0,0,0,18,0.4444444444444444,0.0,2,4,18,2.794653473544342,0.1111111111111111
faststone,fsviewer-INVALID_POINTER_WRITE_c0000005__unknown+172afa35__afcb172e0ea6310f.png,WRITE,4294443052,1000000.0,180,91,20,5,0,0,0,0,0,0,0,0,0,0,52,0.17307692307692307,0.019230769230769232,9,6,21,3.2626727511146476,0.19230769230769232
faststone,fsviewer-INVALID_POINTER_WRITE_c0000005__unknown+172afbd1__529ce71bb747b662.png,DoS,4286611456,1000000.0,50,26,8,2,0,0,0,0,0,0,0,0,0,0,18,0.16666666666666666,0.0,6,2,15,3.086048612313038,0.2222222222222222
faststone,fsviewer-INVALID_POINTER_WRITE_c0000005__unknown+172afbd2__3238d7774fa66711.png,WRITE,4244907777,1000000.0,215,107,46,7,0,0,0,0,0,0,0,0,0,0,62,0.14516129032258066,0.0,10,14,30,3.0258418365721815,0.3709677419354839
faststone,fsviewer-INVALID_POINTER_WRITE_c0000005__unknown+172afc22__14e2f8108e9b9c31.png,WRITE,4294443052,1000000.0,181,93,20,3,0,0,0,0,0,0,0,0,0,0,52,0.1346153846153846,0.019230769230769232,8,6,18,3.392210559370951,0.19230769230769232
faststone,fsviewer-INVALID_POINTER_WRITE_c0000005__unknown+172afc5d__597192c551104a7e.png,WRITE,4244907777,1000000.0,246,125,20,3,0,0,0,1,0,1,0,0,0,0,198,0.494949494949495,0.010101010101010102,15,13,39,5.174673815733133,0.1414141414141414
faststone,fsviewer-INVALID_POINTER_WRITE_c0000005__unknown+172afc90__5fa32e267c5c3324.png,WRITE,4294443052,1000000.0,182,93,26,3,0,0,0,0,0,0,0,0,0,0,52,0.11538461538461539,0.0,7,6,18,3.2876508338617016,0.25
faststone,fsviewer-INVALID_POINTER_WRITE_c0000005__unknown+172b01c5__85071fb87504a84a.png,WRITE,4294443009,1000000.0,182,92,28,4,0,0,0,0,0,0,0,0,0,0,52,0.038461538461538464,0.0,9,6,18,3.197620571461702,0.2692307692307692
faststone,fsviewer-INVALID_POINTER_WRITE_c0000005__unknown+172b0285__9fcf61eff442854b.png,DoS,4286406913,1000000.0,53,28,10,0,-1,1,0,0,0,0,0,0,0,0,18,0.16666666666666666,0.0,4,1,9,3.2390979179887864,0.2777777777777778
faststone,fsviewer-INVALID_POINTER_WRITE_c0000005__unknown+172b02b2__078f1fa906b4628d.png,WRITE,4294443052,1000000.0,230,117,32,3,0,0,0,0,0,0,0,0,0,0,64,0.109375,0.015625,7,6,18,3.2714809026428813,0.25
faststone,fsviewer-INVALID_POINTER_WRITE_c0000005__unknown+172bd854__5cfc0d035f11a3bb.png,DoS,4264165453,1000000.0,52,26,8,2,0,0,0,0,0,0,0,0,0,0,18,0.16666666666666666,0.0,5,2,15,3.3027227528624894,0.2222222222222222
faststone,fsviewer-INVALID_POINTER_WRITE_c0000005__unknown+172bea38__f61779407653b96d.png,DoS,4279308288,1000000.0,54,28,6,0,0,0,0,0,0,0,0,0,0,0,18,0.2777777777777778,0.0,2,3,18,3.03856233607563,0.16666666666666666
faststone,fsviewer-INVALID_POINTER_WRITE_c0000005__unknown+172beaec__2c8f556d1a87fd64.png,WRITE,4290118660,1000000.0,205,103,22,7,0,0,0,0,0,0,0,0,0,0,59,0.22033898305084745,0.0,11,6,18,3.1973626383456484,0.1864406779661017
faststone,fsviewer-INVALID_POINTER_WRITE_c0000005__unknown+172bebbf__d81a3e83769aa7f3.png,WRITE,4294443052,1000000.0,182,93,24,3,0,0,0,0,0,0,0,0,0,0,52,0.1346153846153846,0.019230769230769232,7,6,18,3.5218043107394115,0.23076923076923078
faststone,fsviewer-INVALID_POINTER_WRITE_c0000005__unknown+172bec42__5170fbf06a5e673a.png,WRITE,4294443052,1000000.0,182,93,22,3,0,0,0,0,0,0,0,0,0,0,52,0.15384615384615385,0.0,7,6,18,3.3314171082415243,0.21153846153846154
faststone,fsviewer-INVALID_POINTER_WRITE_c0000005__unknown+172bec73__1e8a7b1d95e015a7.png,WRITE,4244907780,1000000.0,182,93,22,3,0,0,0,0,0,0,0,0,0,0,52,0.1346153846153846,0.0,7,6,18,3.351305527402224,0.21153846153846154
faststone,fsviewer-INVALID_POINTER_WRITE_c0000005__unknown+172becc1__b04b6d73b67f9853.png,WRITE,4294443052,1000000.0,143,73,20,3,0,0,0,0,0,0,0,0,0,0,42,0.11904761904761904,0.0,7,6,18,3.1831052236318436,0.23809523809523808
faststone,fsviewer-INVALID_POINTER_WRITE_c0000005__unknown+172becc8__8f3c2ddac29daaaf.png,WRITE,4294443052,1000000.0,245,125,34,3,0,0,0,0,0,0,0,0,0,0,68,0.10294117647058823,0.0,8,6,19,3.1573772841097023,0.25
faststone,fsviewer-INVALID_POINTER_WRITE_c0000005__unknown+172bed24__8d9aca6e36e0f5d8.png,WRITE,4293263361,1000000.0,53,29,4,1,0,0,0,0,0,0,0,0,0,0,19,0.15789473684210525,0.0,6,3,16,2.365062381295304,0.10526315789473684
faststone,fsviewer-INVALID_POINTER_WRITE_c0000005__unknown+172bed98__ff58c057d1a6b982.png,WRITE,4244907780,1000000.0,245,125,46,3,0,0,0,0,0,0,0,0,0,0,79,0.0759493670886076,0.0,8,15,37,2.8438068798896903,0.3291139240506329
faststone,fsviewer-INVALID_POINTER_WRITE_c0000005__unknown+172bee9b__30e1f088420a7c4f.png,WRITE,4294932484,1000000.0,188,97,36,3,0,0,0,0,0,0,0,0,0,0,54,0.09259259259259259,0.0,9,6,24,3.7361887819654225,0.37037037037037035
faststone,fsviewer-INVALID_POINTER_WRITE_c0000005__unknown+172bef5e__e5f11a7f98b89e2b.png,WRITE,4244907777,1000000.0,247,125,37,3,0,0,0,0,0,0,0,0,0,0,68,0.04411764705882353,0.0,6,8,26,2.5453312630207443,0.3088235294117647
faststone,fsviewer-INVALID_POINTER_WRITE_c0000005__unknown+172befe2__9f24a14d670f6358.png,WRITE,4294443052,1000000.0,240,123,54,1,0,0,0,0,0,0,0,0,0,0,66,0.12121212121212122,0.015151515151515152,7,14,40,3.7217706376789526,0.4090909090909091
faststone,fsviewer-INVALID_POINTER_WRITE_c0000005__unknown+172befe5__955bd5ca083b01fa.png,DoS,4234216704,1000000.0,186,98,17,30,0,0,0,0,0,4,0,0,0,0,572,0.7167832167832168,0.024475524475524476,56,9,65,6.064056763227836,0.08916083916083917
faststone,fsviewer-INVALID_POINTER_WRITE_c0000005__unknown+172bf12d__481f70ba13d4b8c3.png,WRITE,4294443052,1000000.0,164,85,20,5,0,0,0,0,0,0,0,0,0,0,49,0.10204081632653061,0.0,10,6,31,3.1654594672102117,0.20408163265306123
faststone,fsviewer-INVALID_POINTER_WRITE_c0000005__unknown+172bf17b__6af27cfffe0ae0b0.png,DoS,4294967295,1000000.0,239,123,34,3,0,0,0,0,0,0,0,0,0,0,67,0.34328358208955223,0.0,9,10,27,3.826501601119674,0.2537313432835821
faststone,fsviewer-INVALID_POINTER_WRITE_c0000005__unknown+172bf203__ce911ae150e50c23.png,WRITE,4294443052,1000000.0,213,109,26,7,0,0,0,0,0,0,0,0,0,0,62,0.0967741935483871,0.016129032258064516,13,6,20,3.3887539598000167,0.20967741935483872
faststone,fsviewer-INVALID_POINTER_WRITE_c0000005__unknown+172bf224__b2c82edadc68ab1a.png,WRITE,4294902015,1000000.0,132,69,28,5,1,1,1,0,0,0,0,0,0,0,52,0.038461538461538464,0.0,23,14,27,2.6369195274074126,0.3076923076923077
faststone,fsviewer-INVALID_POINTER_WRITE_c0000005__unknown+172bf3b0__3ce15d697c7b8ab1.png,WRITE,4294443052,1000000.0,182,93,20,3,0,0,0,0,0,0,0,0,0,0,52,0.11538461538461539,0.0,7,6,18,3.4011149594365118,0.19230769230769232
faststone,fsviewer-INVALID_POINTER_WRITE_c0000005__unknown+172bf3c9__08451f1ec6c8b705.png,WRITE,4293918863,1000000.0,243,121,45,7,-1,1,0,0,0,0,0,0,0,0,105,0.12380952380952381,0.009523809523809525,12,6,36,4.402673892355486,0.37142857142857144
faststone,fsviewer-INVALID_POINTER_WRITE_c0000005__unknown+172bf450__3fa1063ab540e4a8.png,DoS,4294967295,1000000.0,71,37,18,1,-1,1,0,0,0,0,0,0,0,0,23,0.17391304347826086,0.0,3,9,12,2.869688042261024,0.43478260869565216
faststone,fsviewer-INVALID_POINTER_WRITE_c0000005__unknown+172bf488__c6ef570eb2b1ec57.png,WRITE,4286669179,1000000.0,54,28,4,0,1,1,1,0,0,0,0,0,0,0,18,0.3888888888888889,0.0,2,2,9,3.530493056757482,0.1111111111111111
faststone,fsviewer-INVALID_POINTER_WRITE_c0000005__unknown+172bf566__7a68d8efa7b017d5.png,DoS,4278255617,1000000.0,50,24,6,4,0,0,0,0,0,0,0,0,0,0,18,0.16666666666666666,0.0,8,2,18,2.614369445886757,0.16666666666666666
faststone,fsviewer-INVALID_POINTER_WRITE_c0000005__unknown+172bf5a8__729c0d44dbf49ecf.png,WRITE,4294443052,1000000.0,181,93,46,3,0,0,0,0,0,0,0,0,0,0,52,0.07692307692307693,0.0,8,16,26,3.272273131477815,0.4423076923076923
faststone,fsviewer-INVALID_POINTER_WRITE_c0000005__unknown+172bf604__ddfbc535cebffad4.png,WRITE,3925934337,1000000.0,109,54,6,4,0,0,0,0,0,0,0,0,0,0,33,0.030303030303030304,0.0,8,5,21,2.776851045924804,0.09090909090909091
faststone,fsviewer-INVALID_POINTER_WRITE_c0000005__unknown+172bf695__9713bade14a0fef7.png,DoS,4294967295,1000000.0,71,37,18,1,-1,1,0,0,0,0,0,0,0,0,23,0.17391304347826086,0.0,4,4,14,3.1145892622932436,0.43478260869565216
faststone,fsviewer-INVALID_POINTER_WRITE_c0000005__unknown+172bf723__59653137e5d651cb.png,WRITE,4294443052,1000000.0,182,93,26,3,0,0,0,0,0,0,0,0,0,0,52,0.11538461538461539,0.019230769230769232,7,6,18,3.4250594305487527,0.25
faststone,fsviewer-INVALID_POINTER_WRITE_c0000005__unknown+172bf7e1__c1e73b564ca5ed68.png,WRITE,4294443052,1000000.0,246,125,54,3,0,0,0,0,0,0,0,0,0,0,68,0.08823529411764706,0.0,7,16,42,3.135580303796557,0.39705882352941174
faststone,fsviewer-INVALID_POINTER_WRITE_c0000005__unknown+172bf85f__23bec48086d8f031.png,WRITE,4294443219,1000000.0,183,93,25,3,0,0,0,0,0,0,0,0,0,0,52,0.09615384615384616,0.0,7,6,18,3.252245952528167,0.25
faststone,fsviewer-INVALID_POINTER_WRITE_c0000005__unknown+172bf88b__38963d4eeb8567cc.png,WRITE,4261160705,1000000.0,95,49,9,3,0,0,0,0,0,0,0,0,0,0,30,0.03333333333333333,0.0,6,6,18,2.857425813763051,0.23333333333333334
faststone,fsviewer-INVALID_POINTER_WRITE_c0000005__unknown+172bf8a6__af9345e4edd6d21b.png,DoS,4294967295,1000000.0,59,31,18,1,-1,1,0,0,0,0,0,0,0,0,20,0.15,0.0,4,4,14,2.839353872167201,0.5
faststone,fsviewer-INVALID_POINTER_WRITE_c0000005__unknown+172bf8b5__9bd588748c9c4c34.png,DoS,4294967295,1000000.0,68,35,8,3,-1,1,0,0,0,0,2,0,0,0,23,0.30434782608695654,0.0,5,4,14,3.116408565770044,0.21739130434782608
faststone,fsviewer-INVALID_POINTER_WRITE_c0000005__unknown+172bf8e5__62527ce24ecb1786.png,WRITE,4294508588,1000000.0,230,117,44,3,0,0,0,0,0,0,0,0,0,0,64,0.09375,0.0,7,12,18,3.3068662543067937,0.359375
faststone,fsviewer-INVALID_POINTER_WRITE_c0000005__unknown+172bf930__0139fe4ed92b133a.png,WRITE,4294443052,1000000.0,186,95,24,7,0,0,0,0,0,0,0,0,0,0,57,0.08771929824561403,0.0,12,6,39,3.120447736974354,0.21052631578947367
faststone,fsviewer-INVALID_POINTER_WRITE_c0000005__unknown+172bf96d__05d605c1eff0a057.png,DoS,4284571905,1000000.0,48,26,4,0,0,0,0,0,0,0,0,0,0,0,17,0.23529411764705882,0.058823529411764705,3,2,17,3.101881223476018,0.11764705882352941
faststone,fsviewer-INVALID_POINTER_WRITE_c0000005__unknown+172bf986__bac8b17b08bc7e27.png,WRITE,4244909057,1000000.0,87,45,4,3,0,0,0,0,0,0,0,0,0,0,28,0.10714285714285714,0.0,7,6,18,2.74929588972045,0.07142857142857142
faststone,fsviewer-INVALID_POINTER_WRITE_c0000005__unknown+172bf9ac__3b826bc36570678c.png,WRITE,4244907777,1000000.0,247,125,29,3,0,0,0,0,0,0,0,0,0,0,76,0.3815789473684211,0.0,6,13,37,3.323514863986753,0.27631578947368424
faststone,fsviewer-INVALID_POINTER_WRITE_c0000005__unknown+172bfbd5__b883fba6f7c8f669.png,WRITE,4290118660,1000000.0,195,101,20,1,0,0,0,0,0,0,0,0,0,0,55,0.10909090909090909,0.0,6,6,18,3.2858814260541025,0.18181818181818182
faststone,fsviewer-INVALID_POINTER_WRITE_c0000005__unknown+172bfbe8__860e34e7f6337141.png,WRITE,4294443052,1000000.0,209,107,28,3,0,0,0,0,0,0,0,0,0,0,59,0.1016949152542373,0.01694915254237288,9,6,22,3.439410774221368,0.23728813559322035
faststone,fsviewer-INVALID_POINTER_WRITE_c0000005__unknown+172bfd6d__ea12a224f183a4b7.png,WRITE,4294443052,1000000.0,180,93,20,3,0,0,0,0,0,0,0,0,0,0,52,0.11538461538461539,0.0,8,6,18,3.1907571515253634,0.19230769230769232
faststone,fsviewer-INVALID_POINTER_WRITE_c0000005__unknown+172bfdb8__dee68d050ddac9d5.png,WRITE,4294506744,1000000.0,234,119,59,3,0,0,0,0,0,0,0,0,0,0,65,0.07692307692307693,0.0,7,16,23,3.242609306391502,0.46153846153846156
faststone,fsviewer-INVALID_POINTER_WRITE_c0000005__unknown+172bff54__8a79a5d97c8091a8.png,WRITE,4294443052,1000000.0,182,93,23,3,0,0,0,0,0,0,0,0,0,0,52,0.09615384615384616,0.0,7,6,18,3.2005160306840743,0.23076923076923078
faststone,fsviewer-INVALID_POINTER_WRITE_c0000005__unknown+172bffb3__374fd618eabca05b.png,WRITE,4294443052,1000000.0,182,93,25,3,0,0,0,0,0,0,0,0,0,0,52,0.09615384615384616,0.0,7,6,18,3.316900040892227,0.25
faststone,fsviewer-INVALID_POINTER_WRITE_c0000005__unknown+172c0279__00c5b11c5a8beacb.png,WRITE,4294443051,1000000.0,182,93,22,3,0,0,0,0,0,0,0,0,0,0,52,0.1346153846153846,0.0,7,6,18,3.2983269215913884,0.21153846153846154
faststone,fsviewer-INVALID_POINTER_WRITE_c0000005__unknown+172c02dd__b2523bad22486b9f.png,WRITE,4261160705,1000000.0,131,67,16,3,0,0,0,0,0,0,0,0,0,0,39,0.05128205128205128,0.0,6,6,18,2.835197670746582,0.20512820512820512
faststone,fsviewer-INVALID_POINTER_WRITE_c0000005__unknown+172c04c9__b1c6b7ab92bedce7.png,WRITE,4294443052,1000000.0,182,93,20,3,0,0,0,0,0,0,0,0,0,0,52,0.15384615384615385,0.0,7,6,18,3.3679581568932573,0.19230769230769232
faststone,fsviewer-INVALID_POINTER_WRITE_c0000005__unknown+172c061e__b13f27737cccf52e.png,WRITE,4294771751,1000000.0,211,107,26,3,0,0,0,0,0,0,0,0,0,0,59,0.15254237288135594,0.06779661016949153,7,6,18,3.342129228820643,0.22033898305084745
faststone,fsviewer-INVALID_POINTER_WRITE_c0000005__unknown+172cab3f__c09fd7f381caa1fc.png,WRITE,111111111111,1000000.0,239,125,13,4,-6,6,0,0,0,2,0,0,0,0,387,0.7286821705426356,0.06976744186046512,20,15,47,5.540748909100112,0.10335917312661498
faststone,fsviewer-INVALID_POINTER_WRITE_c0000005__unknown+172ce7ce__e1a7116b50814f01.png,WRITE,4294835969,1000000.0,126,67,26,1,0,0,0,0,0,0,0,0,0,0,38,0.07894736842105263,0.0,9,2,15,3.2137110674923277,0.39473684210526316
faststone,fsviewer-INVALID_POINTER_WRITE_c0000005__unknown+172cebce__3be760cf5b625f5a.png,WRITE,4259709944,1000000.0,91,47,8,3,0,0,0,0,0,0,0,0,0,0,29,0.034482758620689655,0.0,6,6,18,2.875776048390881,0.20689655172413793
faststone,fsviewer-INVALID_POINTER_WRITE_c0000005__unknown+172cebe9__67bf2daf0d265139.png,WRITE,4294836228,1000000.0,239,117,41,11,0,0,0,0,0,0,0,0,0,0,86,0.046511627906976744,0.0,17,13,59,3.229230101124692,0.4186046511627907
faststone,fsviewer-INVALID_POINTER_WRITE_c0000005__unknown+172cec03__96b64731a17deae9.png,WRITE,4294443052,1000000.0,162,83,20,3,0,0,0,0,0,0,0,0,0,0,47,0.10638297872340426,0.0,7,6,29,3.109148490623435,0.2127659574468085
faststone,fsviewer-INVALID_POINTER_WRITE_c0000005__unknown+172cec48__255e29e6707b8a14.png,WRITE,4294443052,1000000.0,182,93,24,3,0,0,0,0,0,0,0,0,0,0,52,0.11538461538461539,0.0,7,6,18,3.2983269215913884,0.23076923076923078
faststone,fsviewer-INVALID_POINTER_WRITE_c0000005__unknown+172cec72__5d4c7d65fd417cb7.png,WRITE,4294443052,1000000.0,222,113,24,3,0,0,0,0,0,0,0,0,0,0,62,0.11290322580645161,0.0,7,6,18,3.0798321387450094,0.1935483870967742
faststone,fsviewer-INVALID_POINTER_WRITE_c0000005__unknown+172cec79__26d3823d796b7e2b.png,WRITE,4056206026,1000000.0,229,119,24,3,0,0,0,0,0,0,0,0,0,0,65,0.1076923076923077,0.0,11,8,24,3.3503742500487057,0.18461538461538463
faststone,fsviewer-INVALID_POINTER_WRITE_c0000005__unknown+172cecb7__747b66b5ab3059ef.png,WRITE,4294443052,1000000.0,234,119,40,5,0,0,0,0,0,0,0,0,0,0,66,0.09090909090909091,0.0,9,8,39,3.220767403492201,0.30303030303030304
faststone,fsviewer-INVALID_POINTER_WRITE_c0000005__unknown+172ced24__4cd8bcb2fa291089.png,WRITE,4294443052,1000000.0,182,93,22,3,0,0,0,0,0,0,0,0,0,0,52,0.11538461538461539,0.0,7,6,18,3.2131126082235664,0.21153846153846154
faststone,fsviewer-INVALID_POINTER_WRITE_c0000005__unknown+172ced35__16cebaa4cc19576c.png,WRITE,3858825473,1000000.0,56,29,2,3,0,0,0,0,0,0,0,0,0,0,20,0.0,0.0,5,6,17,1.9804820237218408,0.05
faststone,fsviewer-INVALID_POINTER_WRITE_c0000005__unknown+172ced3d__25bdbc2e129bf613.png,WRITE,4244907780,1000000.0,163,83,26,5,0,0,0,0,0,0,0,0,0,0,48,0.08333333333333333,0.0,7,16,22,2.3377857535759934,0.2708333333333333
faststone,fsviewer-INVALID_POINTER_WRITE_c0000005__unknown+172cefb2__b56e92f062669ea7.png,WRITE,4294443052,1000000.0,181,93,22,3,0,0,0,0,0,0,0,0,0,0,52,0.11538461538461539,0.0,8,6,18,3.2361163267345163,0.21153846153846154
faststone,fsviewer-INVALID_POINTER_WRITE_c0000005__unknown+172cefe1__333730c365e690d2.png,WRITE,4294443177,1000000.0,183,93,25,3,0,0,0,0,0,0,0,0,0,0,52,0.09615384615384616,0.019230769230769232,7,6,18,3.426308114515496,0.25
faststone,fsviewer-INVALID_POINTER_WRITE_c0000005__unknown+172cf0bc__ce697221a05c8f00.png,WRITE,4294934655,1000000.0,107,55,13,3,0,0,0,0,0,0,0,0,0,0,33,0.06060606060606061,0.0,7,6,15,3.1163440313148074,0.24242424242424243
faststone,fsviewer-INVALID_POINTER_WRITE_c0000005__unknown+172cf15b__0469b8b883a35fed.png,WRITE,4294443052,1000000.0,182,93,22,3,0,0,0,0,0,0,0,0,0,0,52,0.11538461538461539,0.0,7,6,18,3.3803396621008193,0.21153846153846154
faststone,fsviewer-INVALID_POINTER_WRITE_c0000005__unknown+172cf192__ea0ffb19a8613bda.png,WRITE,4294443052,1000000.0,229,117,22,3,0,0,0,0,0,0,0,0,0,0,64,0.09375,0.0,8,6,30,3.0565918806119554,0.171875
faststone,fsviewer-INVALID_POINTER_WRITE_c0000005__unknown+172cf326__c573a77fc02fc7d8.png,WRITE,4294967168,1000000.0,182,93,25,3,0,0,0,0,0,0,0,0,0,0,52,0.09615384615384616,0.019230769230769232,7,6,18,3.4572627390238964,0.25
faststone,fsviewer-INVALID_POINTER_WRITE_c0000005__unknown+172cf330__8f788fad88a6a486.png,WRITE,4294443052,1000000.0,182,93,32,3,0,0,0,0,0,0,0,0,0,0,52,0.15384615384615385,0.0,7,6,26,3.24771279763467,0.3076923076923077
faststone,fsviewer-INVALID_POINTER_WRITE_c0000005__unknown+172cf684__4931782454dbf6e5.png,DoS,4294967295,1000000.0,76,39,16,5,-1,1,0,0,0,0,0,0,0,0,33,0.15151515151515152,0.0,14,10,15,2.5577924099351224,0.2727272727272727
faststone,fsviewer-INVALID_POINTER_WRITE_c0000005__unknown+172cf724__b5acdfc7f68359ae.png,DoS,4294967295,1000000.0,70,37,12,1,-1,1,0,0,0,0,0,0,0,0,23,0.21739130434782608,0.0,5,4,14,3.137722696016699,0.30434782608695654
faststone,fsviewer-INVALID_POINTER_WRITE_c0000005__unknown+172cf888__669e0995b6887614.png,WRITE,4261160736,1000000.0,191,97,29,3,0,0,0,0,0,0,0,0,0,0,54,0.037037037037037035,0.0,6,6,32,3.1518995415155455,0.2962962962962963
faststone,fsviewer-INVALID_POINTER_WRITE_c0000005__unknown+172cf8e2__fd7e6c67374cfbc3.png,WRITE,4294443052,1000000.0,246,125,54,3,0,0,0,0,0,0,0,0,0,0,68,0.08823529411764706,0.0,7,16,31,3.186857778815024,0.39705882352941174
faststone,fsviewer-INVALID_POINTER_WRITE_c0000005__unknown+172cf94d__2a10616754cca28a.png,WRITE,4294443052,1000000.0,181,93,24,3,0,0,0,0,0,0,0,0,0,0,52,0.11538461538461539,0.019230769230769232,8,6,18,3.337983269593371,0.23076923076923078
faststone,fsviewer-INVALID_POINTER_WRITE_c0000005__unknown+172cf96a__5c414b10fa13bc4e.png,DoS,4284571904,1000000.0,53,28,8,0,0,0,0,0,0,0,0,0,0,0,18,0.2777777777777778,0.0,4,2,18,3.086048612313038,0.2222222222222222
faststone,fsviewer-INVALID_POINTER_WRITE_c0000005__unknown+172cf99d__454152ed41c7c661.png,WRITE,4294967295,1000000.0,244,125,32,3,0,0,0,0,0,0,0,0,0,0,68,0.1323529411764706,0.0,9,6,18,3.450373308266874,0.23529411764705882
faststone,fsviewer-INVALID_POINTER_WRITE_c0000005__unknown+172cfa03__0d2e719df64e83d2.png,WRITE,4294506744,1000000.0,243,125,18,3,0,0,0,0,0,0,0,0,0,0,230,0.717391304347826,0.021739130434782608,16,10,22,5.310182764635242,0.08695652173913043
faststone,fsviewer-INVALID_POINTER_WRITE_c0000005__unknown+172cfa96__87d339c2a98fcc4f.png,WRITE,4261160705,1000000.0,227,115,23,3,0,0,0,0,0,0,0,0,0,0,63,0.4444444444444444,0.031746031746031744,7,3,15,4.42346539315181,0.19047619047619047
faststone,fsviewer-INVALID_POINTER_WRITE_c0000005__unknown+172cfb4f__60f633ecbd18454f.png,WRITE,4290118660,1000000.0,181,93,22,3,0,0,0,0,0,0,0,0,0,0,52,0.11538461538461539,0.019230769230769232,7,6,18,3.3733295087046598,0.21153846153846154
faststone,fsviewer-INVALID_POINTER_WRITE_c0000005__unknown+172cfbd1__716b2255760e66e0.png,WRITE,4294443052,1000000.0,186,95,22,3,0,0,0,0,0,0,0,0,0,0,53,0.11320754716981132,0.0,7,6,18,3.213936600872606,0.20754716981132076
faststone,fsviewer-INVALID_POINTER_WRITE_c0000005__unknown+172cfc3e__90221169c4a5597d.png,WRITE,4282992969,1000000.0,219,109,32,9,0,0,0,0,0,0,0,0,0,0,68,0.16176470588235295,0.0,15,7,27,3.409297861168881,0.23529411764705882
faststone,fsviewer-INVALID_POINTER_WRITE_c0000005__unknown+172cfcfc__cea9c66b33b87e19.png,WRITE,4294443052,1000000.0,175,91,24,5,0,0,0,0,0,0,0,0,0,0,52,0.11538461538461539,0.0,11,6,15,3.211747521192986,0.23076923076923078
faststone,fsviewer-INVALID_POINTER_WRITE_c0000005__unknown+172cfd8a__a8e9f57837a99c0a.png,WRITE,4290118660,1000000.0,165,83,18,3,0,0,0,0,0,0,0,0,0,0,47,0.0425531914893617,0.0,5,6,18,3.0609867183662534,0.23404255319148937
faststone,fsviewer-INVALID_POINTER_WRITE_c0000005__unknown+172cff41__891a6ce5f76e7380.png,WRITE,3858825473,1000000.0,71,37,2,3,0,0,0,0,0,0,0,0,0,0,24,0.041666666666666664,0.0,6,6,18,2.356464856747655,0.08333333333333333
faststone,fsviewer-INVALID_POINTER_WRITE_c0000005__unknown+172cff9e__8efe3e24c8dc8162.png,WRITE,4294443052,1000000.0,166,85,22,3,0,0,0,0,0,0,0,0,0,0,48,0.125,0.020833333333333332,7,6,18,3.2268546733299575,0.22916666666666666
faststone,fsviewer-INVALID_POINTER_WRITE_c0000005__unknown+172d02c9__e4de166416d4d21e.png,WRITE,4277665836,1000000.0,230,117,38,3,0,0,0,0,0,0,0,0,0,0,64,0.109375,0.015625,7,6,18,3.4129572137755857,0.296875
faststone,fsviewer-INVALID_POINTER_WRITE_c0000005__unknown+172d035a__85551cf59dd1bc3e.png,WRITE,4250206293,1000000.0,142,73,13,3,0,0,0,0,0,0,0,0,0,0,42,0.11904761904761904,0.0,8,6,20,3.2765887599692918,0.16666666666666666
faststone,fsviewer-INVALID_POINTER_WRITE_c0000005__unknown+172d05e5__3ba76fbd72484424.png,WRITE,4294967295,1000000.0,241,121,48,7,0,0,0,0,0,0,0,0,0,0,80,0.1375,0.0375,11,7,43,3.676312364113202,0.35
faststone,fsviewer-INVALID_POINTER_WRITE_c0000005__unknown+172daa85__de765e8c0b183a8e.png,WRITE,11111111111,1000000.0,242,128,13,2,-4,4,0,0,0,2,0,0,0,0,387,0.7157622739018088,0.09560723514211886,34,13,44,5.442156055656397,0.07493540051679587
faststone,fsviewer-INVALID_POINTER_WRITE_c0000005__unknown+172deb79__12f97e8cd724de2b.png,WRITE,4294443052,1000000.0,182,94,26,2,0,0,0,0,0,0,0,0,0,0,52,0.09615384615384616,0.0,7,7,26,3.05693139026319,0.25
faststone,fsviewer-INVALID_POINTER_WRITE_c0000005__unknown+172deba6__7d8b59f89e064c09.png,WRITE,4244961284,1000000.0,103,53,7,3,0,0,0,0,0,0,0,0,0,0,32,0.03125,0.0,6,6,18,2.8050365325772657,0.15625
faststone,fsviewer-INVALID_POINTER_WRITE_c0000005__unknown+172debd6__4e4d0b823f9a4fd6.png,WRITE,4244907780,1000000.0,183,93,17,3,0,0,0,0,0,0,0,0,0,0,52,0.038461538461538464,0.0,6,8,18,2.9610898712630553,0.17307692307692307
faststone,fsviewer-INVALID_POINTER_WRITE_c0000005__unknown+172debe9__f2f8f01f69910f92.png,WRITE,4294443052,1000000.0,182,93,22,3,0,0,0,0,0,0,0,0,0,0,52,0.11538461538461539,0.0,7,6,18,3.1910886269211307,0.21153846153846154
faststone,fsviewer-INVALID_POINTER_WRITE_c0000005__unknown+172debec__4a2fd86bd942c53a.png,WRITE,4294443308,1000000.0,187,95,22,3,0,0,0,0,0,0,0,0,0,0,53,0.11320754716981132,0.0,6,6,18,3.139637168723608,0.20754716981132076
faststone,fsviewer-INVALID_POINTER_WRITE_c0000005__unknown+172dec16__4ce46053b5db9b95.png,WRITE,4261160723,1000000.0,238,121,49,7,0,0,0,0,0,0,0,0,0,0,76,0.07894736842105263,0.013157894736842105,12,12,33,3.6358648564388125,0.39473684210526316
faststone,fsviewer-INVALID_POINTER_WRITE_c0000005__unknown+172dec3f__402c708ce26dc8c6.png,WRITE,4294443052,1000000.0,125,63,12,3,0,0,0,0,0,0,0,0,0,0,37,0.16216216216216217,0.0,7,6,18,3.269170934768927,0.16216216216216217
faststone,fsviewer-INVALID_POINTER_WRITE_c0000005__unknown+172dec5a__fc941fd2957670ab.png,WRITE,4290118660,1000000.0,183,95,20,1,0,0,0,0,0,0,0,0,0,0,52,0.11538461538461539,0.0,6,6,18,3.2927608668788797,0.19230769230769232
faststone,fsviewer-INVALID_POINTER_WRITE_c0000005__unknown+172deca0__3a0977fa5b83961a.png,WRITE,4294443066,1000000.0,237,123,28,5,0,0,0,0,0,0,0,0,0,0,128,0.15625,0.0,23,15,35,3.9479691600374913,0.3515625
faststone,fsviewer-INVALID_POINTER_WRITE_c0000005__unknown+172deca3__89bc5ce1eb797946.png,WRITE,4294443052,1000000.0,181,93,20,3,0,0,0,0,0,0,0,0,0,0,52,0.1346153846153846,0.0,8,6,18,3.18313772092368,0.19230769230769232
faststone,fsviewer-INVALID_POINTER_WRITE_c0000005__unknown+172deca9__444ddd7c8aa7dc7f.png,WRITE,4294443052,1000000.0,170,87,12,3,0,0,0,1,0,1,0,0,0,0,49,0.14285714285714285,0.0,7,6,18,3.172189245821121,0.12244897959183673
faststone,fsviewer-INVALID_POINTER_WRITE_c0000005__unknown+172dee51__bcb2ac67cc53eed0.png,WRITE,4294443052,1000000.0,182,93,22,3,0,0,0,0,0,0,0,0,0,0,52,0.1346153846153846,0.0,7,6,18,3.228301481415926,0.21153846153846154
faststone,fsviewer-INVALID_POINTER_WRITE_c0000005__unknown+172df009__2aa49417dad6e083.png,WRITE,4294443052,1000000.0,213,109,28,3,0,0,0,0,0,0,0,0,0,0,60,0.11666666666666667,0.0,8,6,18,3.2221611820778278,0.23333333333333334
faststone,fsviewer-INVALID_POINTER_WRITE_c0000005__unknown+172df2d0__b4b4a7df9a16af8d.png,WRITE,4294443052,1000000.0,194,99,28,3,0,0,0,0,0,0,0,0,0,0,55,0.10909090909090909,0.01818181818181818,7,6,18,3.4011803422413034,0.2545454545454545
faststone,fsviewer-INVALID_POINTER_WRITE_c0000005__unknown+172df6b3__439aa5e9fcf00a71.png,WRITE,4294443052,1000000.0,183,94,22,2,0,0,0,0,0,0,0,0,0,0,52,0.11538461538461539,0.0,6,6,18,3.117811114900757,0.21153846153846154
faststone,fsviewer-INVALID_POINTER_WRITE_c0000005__unknown+172df8b5__4f58a8b099bcb1f6.png,DoS,4278222592,1000000.0,50,24,8,4,0,0,0,0,0,0,0,0,0,0,18,0.1111111111111111,0.0,7,3,15,2.967064753975466,0.2222222222222222
faststone,fsviewer-INVALID_POINTER_WRITE_c0000005__unknown+172df923__402cf756ebea22f8.png,DoS,4294967041,1000000.0,57,30,8,0,0,0,0,0,0,0,0,0,0,0,19,0.3684210526315789,0.0,3,5,19,2.925853014561283,0.21052631578947367
faststone,fsviewer-INVALID_POINTER_WRITE_c0000005__unknown+172df94d__704eeb37f716cfa2.png,DoS,4284571905,1000000.0,50,24,6,4,0,0,0,0,0,0,0,0,0,0,18,0.2222222222222222,0.0,5,3,18,2.816340113853408,0.16666666666666666
faststone,fsviewer-INVALID_POINTER_WRITE_c0000005__unknown+172dfb18__d41d879c77ceaaa5.png,DoS,4294967295,1000000.0,81,43,14,1,-2,2,0,0,0,0,0,0,0,0,26,0.23076923076923078,0.0,5,4,14,3.243735757336199,0.3076923076923077
faststone,fsviewer-INVALID_POINTER_WRITE_c0000005__unknown+172dff1f__fec08f3a7fe2e5ac.png,WRITE,4278913803,1000000.0,194,99,20,3,0,0,0,0,0,0,0,0,0,0,55,0.07272727272727272,0.01818181818181818,7,6,18,3.2160248253314356,0.18181818181818182
faststone,fsviewer-INVALID_POINTER_WRITE_c0000005__unknown+172e01de__fc522f11f0ec403d.png,WRITE,4294443052,1000000.0,185,95,24,1,0,0,0,0,0,0,0,0,0,0,52,0.11538461538461539,0.0,6,6,18,3.1792967413040696,0.23076923076923078
faststone,fsviewer-INVALID_POINTER_WRITE_c0000005__unknown+172e060e__08eabc05910b8456.png,WRITE,4294443052,1000000.0,238,121,50,3,0,0,0,0,0,0,0,0,0,0,66,0.09090909090909091,0.0,7,14,29,3.2179681624734853,0.3787878787878788
faststone,fsviewer-INVALID_POINTER_WRITE_c0000005__unknown+172eebec__da0f38e0edd1236b.png,DoS,4294964211,1000000.0,54,28,16,0,0,0,0,0,0,0,0,0,0,0,18,0.16666666666666666,0.0,2,4,13,3.3027227528624894,0.4444444444444444
faststone,fsviewer-INVALID_POINTER_WRITE_c0000005__unknown+172eec46__d376f427ac372aa3.png,WRITE,4294443052,1000000.0,176,89,20,7,0,0,0,0,0,0,0,0,0,0,52,0.1346153846153846,0.0,10,6,18,3.4042841332130602,0.19230769230769232
faststone,fsviewer-INVALID_POINTER_WRITE_c0000005__unknown+172eec87__b6efb0cdcc36a803.png,WRITE,4294443052,1000000.0,182,93,30,3,0,0,0,0,0,0,0,0,0,0,52,0.11538461538461539,0.0,7,6,15,3.383147030085617,0.28846153846153844
faststone,fsviewer-INVALID_POINTER_WRITE_c0000005__unknown+172eec9b__598c43156e816c9f.png,WRITE,4244907777,1000000.0,143,73,16,3,0,0,0,0,0,0,0,0,0,0,42,0.07142857142857142,0.0,6,6,18,3.060697165970725,0.21428571428571427
faststone,fsviewer-INVALID_POINTER_WRITE_c0000005__unknown+172eecd9__9882c44b399b8e4a.png,WRITE,4294443052,1000000.0,182,93,22,3,0,0,0,0,0,0,0,0,0,0,52,0.11538461538461539,0.019230769230769232,7,6,18,3.2743824504791474,0.21153846153846154
faststone,fsviewer-INVALID_POINTER_WRITE_c0000005__unknown+172eef46__8e14a5ffc8a1fbd1.png,WRITE,4261160921,1000000.0,241,125,39,3,0,0,0,0,0,0,0,0,0,0,85,0.11764705882352941,0.011764705882352941,10,12,47,3.018537470567953,0.3058823529411765
faststone,fsviewer-INVALID_POINTER_WRITE_c0000005__unknown+172eef65__ab2374fcbe27b54b.png,WRITE,4294948277,1000000.0,247,125,52,3,0,0,0,0,0,0,0,0,0,0,78,0.07692307692307693,0.01282051282051282,6,6,39,3.6173750869306733,0.38461538461538464
faststone,fsviewer-INVALID_POINTER_WRITE_c0000005__unknown+172ef117__19cdbad377a21961.png,WRITE,4294443052,1000000.0,182,93,22,3,0,0,0,0,0,0,0,0,0,0,52,0.11538461538461539,0.0,7,5,18,3.2637063627494607,0.21153846153846154
faststone,fsviewer-INVALID_POINTER_WRITE_c0000005__unknown+172ef27f__627c5143e220bd69.png,WRITE,4294443052,1000000.0,178,91,24,3,0,0,0,0,0,0,0,0,0,0,51,0.13725490196078433,0.0196078431372549,7,5,33,3.5405668661270373,0.23529411764705882
faststone,fsviewer-INVALID_POINTER_WRITE_c0000005__unknown+172ef768__18573598341bb859.png,WRITE,4294443052,1000000.0,179,91,24,5,0,0,0,0,0,0,0,0,0,0,52,0.07692307692307693,0.0,9,6,45,3.2177906788474506,0.23076923076923078
faststone,fsviewer-INVALID_POINTER_WRITE_c0000005__unknown+172ef801__cf04c2320e7d4949.png,WRITE,4261160705,1000000.0,132,67,16,3,0,0,0,0,0,0,0,0,0,0,39,0.1282051282051282,0.02564102564102564,7,6,18,3.181424976597857,0.20512820512820512
faststone,fsviewer-INVALID_POINTER_WRITE_c0000005__unknown+172ef8b5__a10ea3a3c44967cf.png,DoS,4294967295,1000000.0,121,61,12,5,-1,1,0,0,0,0,0,0,0,0,37,0.5135135135135135,0.0,6,16,18,2.364553208545893,0.16216216216216217
faststone,fsviewer-INVALID_POINTER_WRITE_c0000005__unknown+172ef8e5__a1ba160834bbec4b.png,DoS,4264168513,1000000.0,53,28,6,0,0,0,0,0,0,0,0,0,0,0,18,0.16666666666666666,0.0,3,2,8,3.530493056757482,0.2222222222222222
faststone,fsviewer-INVALID_POINTER_WRITE_c0000005__unknown+172ef936__98eb7ab849a6a30e.png,WRITE,4294913024,1000000.0,166,85,20,3,0,0,0,1,0,9,0,0,0,0,48,0.22916666666666666,0.0,7,9,17,3.336433012612021,0.25
faststone,fsviewer-INVALID_POINTER_WRITE_c0000005__unknown+172ef950__14af3bc702fdf655.png,WRITE,4294934527,1000000.0,188,95,26,1,0,0,0,0,0,0,0,0,0,0,52,0.057692307692307696,0.0,3,6,18,3.2915121829121365,0.2692307692307692
faststone,fsviewer-INVALID_POINTER_WRITE_c0000005__unknown+172ef967__3b89c8f8c7258ed4.png,WRITE,4294443052,1000000.0,222,113,42,3,0,0,0,0,0,0,0,0,0,0,62,0.0967741935483871,0.0,7,10,25,3.267019921439796,0.3387096774193548
faststone,fsviewer-INVALID_POINTER_WRITE_c0000005__unknown+172ef9d6__f661a4e0c93c0e05.png,WRITE,4294443052,1000000.0,177,93,22,3,0,0,0,0,0,0,0,0,0,0,52,0.11538461538461539,0.0,9,6,18,3.195094891701953,0.21153846153846154
faststone,fsviewer-INVALID_POINTER_WRITE_c0000005__unknown+172efa51__f29b44db8e496245.png,WRITE,4244907777,1000000.0,146,75,16,3,0,0,0,0,0,0,0,0,0,0,43,0.06976744186046512,0.023255813953488372,7,5,19,2.9888228953887324,0.18604651162790697
faststone,fsviewer-INVALID_POINTER_WRITE_c0000005__unknown+172efda4__091acc47c1d503d7.png,DoS,4294967295,1000000.0,70,37,20,1,0,0,0,0,0,0,0,0,0,0,23,0.13043478260869565,0.0,5,4,14,2.8883601962988905,0.4782608695652174
faststone,fsviewer-INVALID_POINTER_WRITE_c0000005__unknown+172efe01__e4dc63eead72b988.png,WRITE,4255122936,1000000.0,237,121,14,7,0,0,0,0,0,0,0,0,0,0,70,0.22857142857142856,0.0,12,13,28,3.0961585063106978,0.1
faststone,fsviewer-INVALID_POINTER_WRITE_c0000005__unknown+172efebc__6bc359e3b850fc41.png,WRITE,4294443052,1000000.0,182,93,22,3,0,0,0,0,0,0,0,0,0,0,52,0.11538461538461539,0.0,7,6,18,3.2131126082235664,0.21153846153846154
faststone,fsviewer-INVALID_POINTER_WRITE_c0000005__unknown+172efecf__48fc3ae8415581da.png,WRITE,4294443052,1000000.0,220,113,26,3,0,0,0,0,0,0,0,0,0,0,62,0.0967741935483871,0.0,8,7,26,3.325587636573127,0.20967741935483872
faststone,fsviewer-INVALID_POINTER_WRITE_c0000005__unknown+172f02e7__29860efbd8fcd0cd.png,WRITE,3875602689,1000000.0,59,31,2,3,0,0,0,0,0,0,0,0,0,0,21,0.19047619047619047,0.0,6,3,14,2.819957898557147,0.047619047619047616
faststone,fsviewer-INVALID_POINTER_WRITE_c0000005__unknown+172f1583__8889f5f36449f529.png,WRITE,4294443220,1000000.0,183,93,25,3,0,0,0,0,0,0,0,0,0,0,52,0.09615384615384616,0.019230769230769232,7,6,18,3.351305527402224,0.25
faststone,fsviewer-INVALID_POINTER_WRITE_c0000005__unknown+172fec18__5654921c259dc1e2.png,DoS,4286400257,1000000.0,54,28,8,0,-1,1,0,0,0,0,0,0,0,0,18,0.2777777777777778,0.0,3,1,9,3.530493056757482,0.2222222222222222
faststone,fsviewer-INVALID_POINTER_WRITE_c0000005__unknown+172fec46__c1b9b52cc8e44032.png,DoS,4278255617,1000000.0,52,26,8,2,0,0,0,0,0,0,0,0,0,0,18,0.16666666666666666,0.0,7,2,18,2.855953642864355,0.2222222222222222
faststone,fsviewer-INVALID_POINTER_WRITE_c0000005__unknown+172fec6e__be621727f079ec4d.png,WRITE,4290118660,1000000.0,115,59,9,3,0,0,0,0,0,0,0,0,0,0,35,0.02857142857142857,0.0,6,6,18,2.93702427542495,0.14285714285714285
faststone,fsviewer-INVALID_POINTER_WRITE_c0000005__unknown+172feee8__27fda04e4691d544.png,WRITE,4294443052,1000000.0,242,123,29,5,0,0,0,0,0,0,0,0,0,0,70,0.14285714285714285,0.014285714285714285,10,6,33,3.744354728264154,0.21428571428571427
faststone,fsviewer-INVALID_POINTER_WRITE_c0000005__unknown+172ff4f2__07102371c41d8e83.png,WRITE,4294443052,1000000.0,182,93,26,3,0,0,0,0,0,0,0,0,0,0,52,0.11538461538461539,0.019230769230769232,7,6,18,3.3553615793537652,0.25
faststone,fsviewer-INVALID_POINTER_WRITE_c0000005__unknown+172ff617__9de854015ca486e0.png,WRITE,4261160705,1000000.0,99,51,12,3,0,0,0,0,0,0,0,0,0,0,31,0.06451612903225806,0.0,6,4,18,3.164391682794487,0.22580645161290322
faststone,fsviewer-INVALID_POINTER_WRITE_c0000005__unknown+172ffb7e__92ea132642f39994.png,WRITE,4261160448,1000000.0,187,94,22,8,0,0,0,0,0,0,0,0,0,0,55,0.03636363636363636,0.0,13,6,37,3.079374080800076,0.2
faststone,fsviewer-INVALID_POINTER_WRITE_c0000005__unknown+172ffc6f__752812181b4c26ce.png,DoS,3546618112,1000000.0,54,28,6,0,-1,1,0,0,0,0,0,0,0,0,18,0.4444444444444444,0.05555555555555555,2,2,7,3.5724312513221195,0.16666666666666666
faststone,fsviewer-INVALID_POINTER_WRITE_c0000005__unknown+172ffead__11f95d7b53eba0c8.png,WRITE,4294443052,1000000.0,182,93,24,3,0,0,0,0,0,0,0,0,0,0,52,0.11538461538461539,0.0,7,6,18,3.32611237232324,0.23076923076923078
faststone,fsviewer-INVALID_POINTER_WRITE_c0000005__unknown+173007a1__2391a3396741bfbf.png,WRITE,4294443052,1000000.0,182,93,27,3,0,0,0,0,0,0,0,0,0,0,52,0.11538461538461539,0.019230769230769232,7,6,18,3.585634049566017,0.2692307692307692
faststone,fsviewer-INVALID_POINTER_WRITE_c0000005__unknown+1730ec16__80bd6561af6451d4.png,DoS,4294932480,1000000.0,50,26,10,0,0,0,0,0,0,0,0,0,0,0,17,0.11764705882352941,0.0,4,2,14,3.381580488309163,0.29411764705882354
faststone,fsviewer-INVALID_POINTER_WRITE_c0000005__unknown+1730ece7__ee6bedc7562b3dbd.png,WRITE,4294443052,1000000.0,180,93,24,3,0,0,0,0,0,0,0,0,0,0,52,0.11538461538461539,0.019230769230769232,8,6,18,3.3048930829432352,0.23076923076923078
faststone,fsviewer-INVALID_POINTER_WRITE_c0000005__unknown+1730eeb7__0ba19c7fd6e9fc1c.png,WRITE,4294902015,1000000.0,110,59,22,1,0,0,0,0,0,0,0,0,0,0,34,0.029411764705882353,0.0,10,2,15,2.767734447036314,0.35294117647058826
faststone,fsviewer-INVALID_POINTER_WRITE_c0000005__unknown+1730eecb__b6fc68cf21adc2d3.png,WRITE,4294443052,1000000.0,182,93,24,3,0,0,0,0,0,0,0,0,0,0,52,0.11538461538461539,0.019230769230769232,7,6,18,3.32611237232324,0.23076923076923078
faststone,fsviewer-INVALID_POINTER_WRITE_c0000005__unknown+1730f575__c444960871c71c29.png,DoS,4294967295,1000000.0,53,28,10,0,0,0,0,0,0,0,0,0,0,0,18,0.2777777777777778,0.0,3,4,15,2.974937501201927,0.2777777777777778
faststone,fsviewer-INVALID_POINTER_WRITE_c0000005__unknown+1730f72c__9f6bac1ade0ecef3.png,WRITE,4294443052,1000000.0,182,93,22,3,0,0,0,0,0,0,0,0,0,0,52,0.11538461538461539,0.0,7,6,18,3.2743824504791474,0.21153846153846154
faststone,fsviewer-INVALID_POINTER_WRITE_c0000005__unknown+1730f8bb__c302098271966617.png,WRITE,4294443052,1000000.0,213,109,28,3,4,4,4,0,0,0,0,0,0,0,60,0.2,0.0,8,5,15,3.4491402292330466,0.23333333333333334
faststone,fsviewer-INVALID_POINTER_WRITE_c0000005__unknown+1730f8cc__a7737d9e7b1810eb.png,WRITE,4294443052,1000000.0,182,93,28,3,0,0,0,0,0,0,0,0,0,0,52,0.1346153846153846,0.0,7,6,18,3.211976440905368,0.2692307692307692
faststone,fsviewer-INVALID_POINTER_WRITE_c0000005__unknown+1730f8db__5a5b314c6218d544.png,WRITE,4294443052,1000000.0,198,101,26,3,0,0,0,0,0,0,0,0,0,0,56,0.10714285714285714,0.0,7,6,19,3.139056749278244,0.23214285714285715
faststone,fsviewer-INVALID_POINTER_WRITE_c0000005__unknown+1730faf9__0c22d0566ba493fc.png,WRITE,4244907777,1000000.0,87,45,5,3,0,0,0,0,0,0,0,0,0,0,28,0.03571428571428571,0.0,6,6,18,2.709888638014727,0.14285714285714285
faststone,fsviewer-INVALID_POINTER_WRITE_c0000005__unknown+1731c0f3__953e15f8e3d8e862.png,WRITE,111111111111,1000000.0,246,130,16,0,0,0,0,1,0,3,0,0,0,0,401,0.7406483790523691,0.09476309226932668,26,13,35,5.4782142983142705,0.07481296758104738
faststone,fsviewer-INVALID_POINTER_WRITE_c0000005__unknown+1731ec2c__bcab4b878fe6c774.png,WRITE,4294443052,1000000.0,180,93,23,3,0,0,0,0,0,0,0,0,0,0,52,0.09615384615384616,0.0,8,6,18,3.337983269593371,0.23076923076923078
faststone,fsviewer-INVALID_POINTER_WRITE_c0000005__unknown+1731ec8a__bff4de338cabae8f.png,WRITE,4294443052,1000000.0,182,93,22,3,0,0,0,0,0,0,0,0,0,0,52,0.11538461538461539,0.0,7,6,34,3.251574146685105,0.21153846153846154
faststone,fsviewer-INVALID_POINTER_WRITE_c0000005__unknown+1731edda__844158564fc852ea.png,WRITE,4294443052,1000000.0,182,93,26,3,0,0,0,0,0,0,0,0,0,0,52,0.11538461538461539,0.038461538461538464,7,6,34,3.3367884600529267,0.25
faststone,fsviewer-INVALID_POINTER_WRITE_c0000005__unknown+1731f638__b628ea85e5058765.png,WRITE,4294443011,1000000.0,198,101,22,3,0,0,0,0,0,0,0,0,0,0,56,0.125,0.0,7,6,18,3.218356719526683,0.19642857142857142
faststone,fsviewer-INVALID_POINTER_WRITE_c0000005__unknown+1731f801__1396b90c6034c3a6.png,WRITE,4294443052,1000000.0,184,93,22,3,0,0,0,0,0,0,0,0,0,0,52,0.1346153846153846,0.0,7,6,18,3.228301481415926,0.21153846153846154
faststone,fsviewer-INVALID_POINTER_WRITE_c0000005__unknown+1731f831__92f2ef43837f57ea.png,WRITE,4294443052,1000000.0,220,113,22,3,0,0,0,0,0,0,0,0,0,0,62,0.20967741935483872,0.04838709677419355,9,6,18,3.3838076442253335,0.1774193548387097
faststone,fsviewer-INVALID_POINTER_WRITE_c0000005__unknown+1731f97d__114974438185ec19.png,WRITE,4294443052,1000000.0,178,91,22,3,0,0,0,0,0,0,0,0,0,0,51,0.11764705882352941,0.0,7,6,18,3.2569513083484067,0.21568627450980393
faststone,fsviewer-INVALID_POINTER_WRITE_c0000005__unknown+17322994__70b98f3b768ca9a1.png,DoS,4294967295,1000000.0,79,41,17,1,-1,1,0,0,0,0,0,0,0,0,25,0.24,0.0,4,4,7,3.187601311512057,0.4
faststone,fsviewer-INVALID_POINTER_WRITE_c0000005__unknown+1732457d__22e28a37249776e5.png,WRITE,4281113496,1000000.0,245,126,16,2,0,0,0,1,0,1,0,0,0,0,223,0.7174887892376681,0.07174887892376682,15,11,27,5.345808625342647,0.11210762331838565
faststone,fsviewer-INVALID_POINTER_WRITE_c0000005__unknown+1732ab87__4819c3187c917bff.png,WRITE,111111111111,1000000.0,238,130,14,0,-5,5,0,0,0,2,0,0,0,0,444,0.7364864864864865,0.08783783783783784,29,12,41,5.558365616361719,0.07882882882882883
faststone,fsviewer-INVALID_POINTER_WRITE_c0000005__unknown+1732ec42__d563c40d35635b29.png,DoS,4294967295,1000000.0,59,31,8,1,-1,1,0,0,0,0,0,0,0,0,20,0.4,0.0,3,4,8,3.4464393446710155,0.2
faststone,fsviewer-INVALID_POINTER_WRITE_c0000005__unknown+1732f801__7fce1ec9f61277a4.png,WRITE,4294454316,1000000.0,185,93,26,3,0,0,0,0,0,0,0,0,0,0,52,0.1346153846153846,0.0,5,6,18,3.321155594816255,0.25
faststone,fsviewer-INVALID_POINTER_WRITE_c0000005__unknown+1732f899__11e181d2b7faf222.png,WRITE,4294443052,1000000.0,183,94,22,2,0,0,0,0,0,0,0,0,0,0,52,0.11538461538461539,0.019230769230769232,6,6,18,3.360007250895807,0.21153846153846154
faststone,fsviewer-INVALID_POINTER_WRITE_c0000005__unknown+1732f8b5__a745032866f01aba.png,DoS,4282731849,1000000.0,240,124,46,4,0,0,0,0,0,0,0,0,0,0,159,0.2389937106918239,0.012578616352201259,31,10,74,4.902845364611507,0.3018867924528302
faststone,fsviewer-INVALID_POINTER_WRITE_c0000005__unknown+1732f923__819b777b0dfe1b41.png,WRITE,4244907777,1000000.0,95,49,7,3,0,0,0,0,0,0,0,0,0,0,30,0.03333333333333333,0.0,6,6,18,2.7492553971685,0.2
faststone,fsviewer-INVALID_POINTER_WRITE_c0000005__unknown+1732f947__5b16e32cc5d79831.png,WRITE,4294836352,1000000.0,246,125,44,3,0,0,0,0,0,0,0,0,0,0,69,0.07246376811594203,0.0,10,9,30,3.1910377417293945,0.3188405797101449
faststone,fsviewer-INVALID_POINTER_WRITE_c0000005__unknown+17339ff3__8455abae9aa355a4.png,WRITE,4294934273,1000000.0,110,54,6,4,0,0,0,0,0,0,0,0,0,0,33,0.030303030303030304,0.0,6,5,21,2.827025535001665,0.09090909090909091
faststone,fsviewer-INVALID_POINTER_WRITE_c0000005__unknown+1733c39b__d4cb5d641e2d1122.png,WRITE,111111111111,1000000.0,246,130,16,0,-1,1,0,0,0,2,0,0,0,0,342,0.7105263157894737,0.09941520467836257,26,13,44,5.330400470806544,0.07309941520467836
faststone,fsviewer-INVALID_POINTER_WRITE_c0000005__unknown+1733f5d3__7e2ee167a34bc012.png,WRITE,4294911745,1000000.0,186,93,22,7,0,0,0,0,0,0,0,0,0,0,55,0.10909090909090909,0.0,10,6,18,3.3399427867094733,0.2
faststone,fsviewer-INVALID_POINTER_WRITE_c0000005__unknown+1733f83d__6b6039189f167ad5.png,DoS,4294905856,1000000.0,50,26,4,2,0,0,0,0,0,0,0,0,0,0,18,0.2222222222222222,0.0,6,2,18,2.7107770844150676,0.1111111111111111
faststone,fsviewer-INVALID_POINTER_WRITE_c0000005__unknown+1733f845__70d43a66beb03f64.png,WRITE,4244907777,1000000.0,114,59,16,3,0,0,0,0,0,0,0,0,0,0,35,0.02857142857142857,0.0,7,6,18,2.8595134627671355,0.22857142857142856
faststone,fsviewer-INVALID_POINTER_WRITE_c0000005__unknown+1733f914__602b78ffceceb74b.png,DoS,4294967295,1000000.0,75,39,13,1,0,0,0,1,0,1,0,0,0,0,24,0.25,0.0,5,4,8,3.1735332098491886,0.3333333333333333
faststone,fsviewer-INVALID_POINTER_WRITE_c0000005__unknown+1733f96a__5e2f64018fbe1bf6.png,DoS,4294967295,1000000.0,71,37,18,1,-1,1,0,0,0,0,0,0,0,0,23,0.17391304347826086,0.0,3,4,14,3.0666152167384504,0.43478260869565216
faststone,fsviewer-INVALID_POINTER_WRITE_c0000005__unknown+1733f9c8__69839429c8f046ec.png,WRITE,4294443052,1000000.0,181,93,26,3,0,0,0,0,0,0,0,0,0,0,52,0.11538461538461539,0.0,8,6,18,3.3295894774652406,0.25
faststone,fsviewer-INVALID_POINTER_WRITE_c0000005__unknown+1734051b__e8e4a2252684401f.png,WRITE,4293262848,1000000.0,108,55,18,3,0,0,0,0,0,0,0,0,0,0,33,0.18181818181818182,0.030303030303030304,8,2,15,4.112427831414106,0.30303030303030304
faststone,fsviewer-INVALID_POINTER_WRITE_c0000005__unknown+1734ec42__9d15c07aa7d77cfb.png,WRITE,4294443052,1000000.0,229,117,24,7,0,0,0,0,0,0,0,0,0,0,66,0.09090909090909091,0.015151515151515152,12,6,18,3.397532032088985,0.18181818181818182
faststone,fsviewer-INVALID_POINTER_WRITE_c0000005__unknown+1734ec51__c3ae8a405e060edc.png,WRITE,4280222210,1000000.0,246,127,19,1,0,0,0,0,0,0,0,0,0,0,92,0.42391304347826086,0.021739130434782608,7,6,18,4.77350263860526,0.15217391304347827
faststone,fsviewer-INVALID_POINTER_WRITE_c0000005__unknown+1734ed09__e9ec2e68afc54075.png,DoS,4294967295,1000000.0,71,37,16,1,0,0,0,1,0,1,0,0,0,0,23,0.21739130434782608,0.0,4,4,7,3.1145892622932436,0.391304347826087
faststone,fsviewer-INVALID_POINTER_WRITE_c0000005__unknown+1734ef2d__6ba5c88ce34bf3bd.png,DoS,4294574336,1000000.0,54,28,6,0,0,0,0,0,0,0,0,0,0,0,18,0.3888888888888889,0.0,2,2,18,3.1279868068776753,0.16666666666666666
faststone,fsviewer-INVALID_POINTER_WRITE_c0000005__unknown+1734f8b5__e9127821a6a38dfe.png,WRITE,4292739116,1000000.0,182,93,22,3,0,0,0,0,0,0,0,0,0,0,52,0.09615384615384616,0.0,8,6,18,3.2448719246543978,0.21153846153846154
faststone,fsviewer-INVALID_POINTER_WRITE_c0000005__unknown+1734f96d__1a885e870a90cf72.png,WRITE,4163305729,1000000.0,87,45,5,3,0,0,0,0,0,0,0,0,0,0,28,0.14285714285714285,0.0,7,6,18,2.74929588972045,0.10714285714285714
faststone,fsviewer-INVALID_POINTER_WRITE_c0000005__unknown+17350050__863179fc07982ca1.png,WRITE,4294311680,1000000.0,60,33,7,3,0,0,0,0,0,0,0,0,0,0,22,0.09090909090909091,0.0,8,2,19,2.720128777433188,0.18181818181818182
faststone,fsviewer-INVALID_POINTER_WRITE_c0000005__unknown+1735f9d4__43d3b47d6582d27e.png,WRITE,3858825473,1000000.0,227,117,2,7,0,0,0,1,0,1,0,0,0,0,116,0.5948275862068966,0.0,18,10,27,4.832595721396889,0.0603448275862069
faststone,fsviewer-INVALID_POINTER_WRITE_c0000005__unknown+1735fd1d__f9362248dd4ab1c8.png,DoS,4194369537,1000000.0,47,22,4,6,0,0,0,0,0,0,1,0,0,0,18,0.16666666666666666,0.0,8,3,18,2.4613201402110083,0.1111111111111111
faststone,fsviewer-INVALID_POINTER_WRITE_c0000005__unknown+17367e3c__799369ffc1b9d3ba.png,DoS,4294967295,1000000.0,71,37,14,1,-1,1,0,0,0,0,0,0,0,0,23,0.21739130434782608,0.0,4,4,14,3.1145892622932436,0.34782608695652173
faststone,fsviewer-INVALID_POINTER_WRITE_c0000005__unknown+1736f50c__1768e48f4f0f04cc.png,WRITE,4280812797,1000000.0,226,113,68,9,1,1,1,0,0,0,0,0,0,0,65,0.07692307692307693,0.0,9,12,29,2.9031053596488214,0.5230769230769231
faststone,fsviewer-INVALID_POINTER_WRITE_c0000005__unknown+17370094__7b3507ad37d38bb9.png,DoS,4294933857,1000000.0,81,42,12,0,-1,1,0,0,0,0,0,0,0,0,25,0.32,0.0,3,3,15,3.48307418942857,0.24
faststone,fsviewer-INVALID_POINTER_WRITE_c0000005__unknown+17376988__a6bada0f593f3e8d.png,DoS,4294913068,1000000.0,224,115,26,7,0,0,0,1,0,5,0,0,0,0,92,0.4673913043478261,0.0,19,25,32,3.685652146956033,0.15217391304347827
faststone,fsviewer-INVALID_POINTER_WRITE_c0000005__unknown+1737b887__3aaa2001f716d906.png,WRITE,4294184265,1000000.0,245,129,14,0,0,0,0,1,0,3,0,0,0,0,380,0.7263157894736842,0.07105263157894737,26,13,35,5.531943409532284,0.08157894736842106
faststone,fsviewer-INVALID_POINTER_WRITE_c0000005__unknown+1737d27c__566ab6d5e0f15a27.png,WRITE,11111111111,1000000.0,240,127,15,2,-5,5,0,0,0,2,0,0,0,0,461,0.6334056399132321,0.052060737527114966,58,13,50,5.509893810553809,0.11279826464208242
faststone,fsviewer-INVALID_POINTER_WRITE_c0000005__unknown+1737f52d__30c088582150de2e.png,WRITE,4294443052,1000000.0,182,93,24,3,0,0,0,0,0,0,0,0,0,0,52,0.11538461538461539,0.019230769230769232,7,6,18,3.2983269215913884,0.23076923076923078
faststone,fsviewer-INVALID_POINTER_WRITE_c0000005__unknown+1737fe4b__9a6f93e0e279acdd.png,DoS,4284571905,1000000.0,54,28,8,0,0,0,0,0,0,0,0,0,0,0,18,0.2777777777777778,0.0,3,2,18,3.266332639970623,0.2222222222222222
faststone,fsviewer-INVALID_POINTER_WRITE_c0000005__unknown+17383986__5507de80cc42aa2d.png,WRITE,4281113496,1000000.0,244,126,14,2,0,0,0,1,0,1,0,0,0,0,223,0.7085201793721974,0.07623318385650224,18,11,27,5.359637907365136,0.1031390134529148
faststone,fsviewer-INVALID_POINTER_WRITE_c0000005__unknown+1738aee2__24ddb57c0abe3f5c.png,WRITE,111111111111,1000000.0,246,130,16,0,0,0,0,1,0,3,0,0,0,0,387,0.7441860465116279,0.09819121447028424,24,13,35,5.469356273526066,0.07493540051679587
faststone,fsviewer-INVALID_POINTER_WRITE_c0000005__unknown+1738b731__a006cde39dd299af.png,WRITE,4282731849,1000000.0,245,126,44,2,0,0,0,0,0,0,0,0,0,0,163,0.26993865030674846,0.04294478527607362,32,10,60,4.909054303741308,0.27607361963190186
faststone,fsviewer-INVALID_POINTER_WRITE_c0000005__unknown+1738dc28__8498939cf2ec5c7e.png,WRITE,4294443052,1000000.0,182,93,22,3,0,0,0,0,0,0,0,0,0,0,52,0.11538461538461539,0.0,7,6,18,3.138110021110295,0.21153846153846154
faststone,fsviewer-INVALID_POINTER_WRITE_c0000005__unknown+1738eb19__b61b2627c55827ad.png,WRITE,4294443009,1000000.0,214,109,22,3,0,0,0,0,0,0,0,0,0,0,60,0.05,0.0,8,8,26,2.930939325777608,0.18333333333333332
faststone,fsviewer-INVALID_POINTER_WRITE_c0000005__unknown+1738ee5a__64f1aa560871652e.png,DoS,4294967140,1000000.0,79,39,16,5,-1,1,0,0,0,0,0,0,0,0,26,0.19230769230769232,0.0,6,3,8,3.141619525334138,0.38461538461538464
faststone,fsviewer-INVALID_POINTER_WRITE_c0000005__unknown+1739a9f0__bf44171caf684ed0.png,DoS,4294902016,1000000.0,84,43,14,1,0,0,0,0,0,0,0,0,0,0,26,0.19230769230769232,0.0,4,2,12,3.180832987205441,0.2692307692307692
faststone,fsviewer-INVALID_POINTER_WRITE_c0000005__unknown+1739fc21__de8500dc2b1290d5.png,WRITE,4294443052,1000000.0,222,113,20,3,0,0,0,0,0,0,0,0,0,0,62,0.0967741935483871,0.0,7,10,20,3.390476146029647,0.16129032258064516
faststone,fsviewer-INVALID_POINTER_WRITE_c0000005__unknown+1739fc9d__e7651011e8ff6ab5.png,WRITE,4244907777,1000000.0,151,77,14,3,0,0,0,0,0,0,0,0,0,0,44,0.13636363636363635,0.0,6,6,18,3.151756817265154,0.1590909090909091
faststone,fsviewer-INVALID_POINTER_WRITE_c0000005__unknown+173aec18__b077a241bfe18148.png,DoS,4264165453,1000000.0,52,26,6,2,0,0,0,0,0,0,0,0,0,0,18,0.2222222222222222,0.0,5,2,15,3.4138338639736006,0.16666666666666666
faststone,fsviewer-INVALID_POINTER_WRITE_c0000005__unknown+173aed81__5789d038715a4ddf.png,WRITE,4279107584,1000000.0,169,85,18,11,0,0,0,0,0,0,0,0,0,0,58,0.034482758620689655,0.0,18,8,32,2.810598662588439,0.15517241379310345
faststone,fsviewer-INVALID_POINTER_WRITE_c0000005__unknown+173af1fa__7d25ef076f1a36b3.png,WRITE,4294967295,1000000.0,246,127,45,1,0,0,0,1,0,3,0,0,0,0,185,0.6594594594594595,0.043243243243243246,11,10,22,5.188944202522718,0.20540540540540542
faststone,fsviewer-INVALID_POINTER_WRITE_c0000005__unknown+173bf1da__98c91257857bc33d.png,DoS,4278255617,1000000.0,52,28,6,0,0,0,0,0,0,0,0,0,0,0,18,0.16666666666666666,0.0,6,1,18,2.5304930567574826,0.16666666666666666
faststone,fsviewer-INVALID_POINTER_WRITE_c0000005__unknown+173cac35__e17844f80fdf973b.png,WRITE,4294184265,1000000.0,248,126,12,4,0,0,0,1,0,1,0,0,0,0,246,0.6300813008130082,0.12195121951219512,18,12,39,4.772418075760241,0.11382113821138211
faststone,fsviewer-INVALID_POINTER_WRITE_c0000005__unknown+173cebf8__4cf6e8c6487fb291.png,DoS,4294967176,1000000.0,79,41,24,1,-1,1,0,0,0,0,0,0,0,0,25,0.16,0.0,3,8,14,2.9532696895151083,0.52
faststone,fsviewer-INVALID_POINTER_WRITE_c0000005__unknown+173cee8e__9117f0c46ff13e58.png,DoS,4286406948,1000000.0,54,28,12,0,-1,1,0,0,0,0,0,0,0,0,18,0.2777777777777778,0.0,3,1,9,3.5724312513221195,0.3333333333333333
faststone,fsviewer-INVALID_POINTER_WRITE_c0000005__unknown+173cf3f6__a234fa31e00161a5.png,WRITE,4294443263,1000000.0,187,95,24,3,0,0,0,0,0,0,0,0,0,0,53,0.09433962264150944,0.0,7,6,34,3.1043576072424024,0.22641509433962265
faststone,fsviewer-INVALID_POINTER_WRITE_c0000005__unknown+173deced__e73c75743c2e064c.png,WRITE,4290179569,1000000.0,126,67,21,1,0,0,0,0,0,0,0,0,0,0,38,0.15789473684210525,0.02631578947368421,7,2,14,3.5831610679477945,0.3157894736842105
faststone,fsviewer-INVALID_POINTER_WRITE_c0000005__unknown+173dfc12__298e646b5524ef04.png,DoS,4294934528,1000000.0,53,28,8,0,0,0,0,0,0,0,0,0,0,0,18,0.16666666666666666,0.0,5,2,15,3.1916116417513782,0.2222222222222222
faststone,fsviewer-INVALID_POINTER_WRITE_c0000005__unknown+173e6647__a60246a3537afbd6.png,WRITE,4110483713,1000000.0,85,42,2,4,0,0,0,0,0,0,0,0,0,0,27,0.037037037037037035,0.0,8,5,15,2.783803022575557,0.037037037037037035
faststone,fsviewer-INVALID_POINTER_WRITE_c0000005__unknown+173ee5ef__a78b556ba4362bf7.png,WRITE,4294967269,1000000.0,112,57,9,1,0,0,0,0,0,0,0,0,0,0,33,0.030303030303030304,0.0,4,5,20,3.1782180913137896,0.18181818181818182
faststone,fsviewer-INVALID_POINTER_WRITE_c0000005__unknown+173eed30__4dc73f53156771e1.png,DoS,4294574336,1000000.0,54,28,4,0,-1,1,0,0,0,0,0,0,0,0,18,0.4444444444444444,0.0,2,2,13,3.3082708345352603,0.1111111111111111
faststone,fsviewer-INVALID_POINTER_WRITE_c0000005__unknown+173ef5b2__2d5b3c1e03f8ddec.png,WRITE,4294934528,1000000.0,245,125,28,3,15,15,15,0,0,0,0,0,0,0,79,0.4177215189873418,0.0,8,15,18,3.570089540956609,0.17721518987341772
faststone,fsviewer-INVALID_POINTER_WRITE_c0000005__unknown+173efa9c__9b034f3562dad047.png,WRITE,4294443052,1000000.0,246,125,22,3,0,0,0,0,0,0,0,0,0,0,68,0.08823529411764706,0.0,7,14,31,2.7848770679633272,0.16176470588235295
faststone,fsviewer-INVALID_POINTER_WRITE_c0000005__unknown+173feff2__ce2a310ad9833b30.png,WRITE,4294443052,1000000.0,214,109,40,3,0,0,0,0,0,0,0,0,0,0,60,0.1,0.0,7,8,23,3.3709742969681664,0.3333333333333333
faststone,fsviewer-INVALID_POINTER_WRITE_c0000005__unknown+173ffa33__ff6cf5be840a20df.png,WRITE,4293215297,1000000.0,214,108,30,12,0,0,0,0,0,0,0,0,0,0,129,0.2248062015503876,0.007751937984496124,22,7,23,4.414069321612334,0.2558139534883721
faststone,fsviewer-INVALID_POINTER_WRITE_c0000005__unknown+1740a36e__454294710abeaad9.png,WRITE,111111111111,1000000.0,241,127,16,3,-5,5,0,0,0,2,0,0,0,0,419,0.6420047732696897,0.081145584725537,41,13,50,5.502392415849031,0.1288782816229117
faststone,fsviewer-INVALID_POINTER_WRITE_c0000005__unknown+1740ee6a__e003266927f632e7.png,WRITE,4294443052,1000000.0,246,125,28,3,0,0,0,0,0,0,0,0,0,0,68,0.27941176470588236,0.0,7,11,18,3.350672428256235,0.20588235294117646
faststone,fsviewer-INVALID_POINTER_WRITE_c0000005__unknown+1740ee7d__d3f2ae9cdaa5c9f3.png,WRITE,4294443052,1000000.0,170,87,16,3,0,0,0,0,0,0,0,0,0,0,49,0.16326530612244897,0.0,7,4,15,3.19768355406186,0.16326530612244897
faststone,fsviewer-INVALID_POINTER_WRITE_c0000005__unknown+1740f06d__a1b5a62b84aeda74.png,WRITE,4294443052,1000000.0,176,89,14,7,0,0,0,0,0,0,0,0,0,0,52,0.23076923076923078,0.0,11,6,18,3.7843328579394733,0.1346153846153846
faststone,fsviewer-INVALID_POINTER_WRITE_c0000005__unknown+1740f7e1__a3783fd5a497ea01.png,WRITE,4294443052,1000000.0,182,93,24,3,0,0,0,0,0,0,0,0,0,0,52,0.11538461538461539,0.019230769230769232,7,6,18,3.2453483157805523,0.23076923076923078
faststone,fsviewer-INVALID_POINTER_WRITE_c0000005__unknown+1741f6e3__c3f372ced63f2024.png,WRITE,4294443052,1000000.0,181,93,24,3,0,0,0,0,0,0,0,0,0,0,52,0.11538461538461539,0.0,8,6,18,3.231778586557927,0.23076923076923078
faststone,fsviewer-INVALID_POINTER_WRITE_c0000005__unknown+1742ed02__d23f204fae544f73.png,WRITE,4294443052,1000000.0,183,95,24,1,0,0,0,0,0,0,0,0,0,0,52,0.21153846153846154,0.019230769230769232,6,6,29,3.391687555673568,0.23076923076923078
faststone,fsviewer-INVALID_POINTER_WRITE_c0000005__unknown+1743ecd5__5a7a4cb3e7d4c191.png,WRITE,4294961664,1000000.0,187,97,28,1,0,0,0,0,0,0,0,0,0,0,53,0.1320754716981132,0.0,7,6,18,3.4083790023075857,0.2641509433962264
faststone,fsviewer-INVALID_POINTER_WRITE_c0000005__unknown+1743f458__20c1e0917004304f.png,WRITE,4261160705,1000000.0,192,99,18,1,0,0,0,0,0,0,0,0,0,0,54,0.2777777777777778,0.07407407407407407,5,6,18,3.2503097761464135,0.16666666666666666
faststone,fsviewer-INVALID_POINTER_WRITE_c0000005__unknown+1744f0a1__b73b8fc2e9b32bd0.png,WRITE,4244907780,1000000.0,245,123,27,5,0,0,0,0,0,0,0,0,0,0,74,0.08108108108108109,0.0,8,11,28,3.1586792872562164,0.22972972972972974
faststone,fsviewer-INVALID_POINTER_WRITE_c0000005__unknown+17465b18__5cc63093b299e016.png,WRITE,11111111111,1000000.0,243,127,15,2,0,0,0,0,0,2,0,0,0,0,245,0.6448979591836734,0.08571428571428572,26,13,50,5.246102093934164,0.11428571428571428
faststone,fsviewer-INVALID_POINTER_WRITE_c0000005__unknown+1746fc6d__ec3dfb9979e87802.png,WRITE,4294443052,1000000.0,182,93,24,3,0,0,0,0,0,0,0,0,0,0,52,0.11538461538461539,0.019230769230769232,7,6,18,3.4414969877078554,0.23076923076923078
faststone,fsviewer-INVALID_POINTER_WRITE_c0000005__unknown+174ae6a0__2db5b936dd9a444f.png,WRITE,4293197868,1000000.0,183,95,22,1,0,0,0,0,0,0,0,0,0,0,52,0.23076923076923078,0.0,6,6,15,3.1783756463178015,0.21153846153846154
faststone,fsviewer-INVALID_POINTER_WRITE_c0000005__unknown+174aed9e__422050c2c9272a66.png,WRITE,4294443052,1000000.0,185,95,24,1,0,0,0,0,0,0,0,0,0,0,52,0.11538461538461539,0.0,5,6,18,3.1571301137973933,0.23076923076923078
faststone,fsviewer-unknown-crash__5d86c362fad0baa0.png,DoS,4009754798,1000000.0,32,15,5,3,0,0,0,0,0,0,0,0,0,0,13,0.0,0.0,4,5,13,2.1920058354921066,0.23076923076923078
