target,filename,cls,decl_max,decl_over_size,decl_exceeds,decl_gt16,decl_gt31,decl_trunc16_zero,unbalanced,unbalanced_abs,max_depth,unclosed_quote,dangling_escape,quote_count,escape_count,open_comment,ends_in_escape,ends_in_quote,size,printable,digits,nulls,max_run,max_token,entropy,high_bytes
cjson_minify,crash-000d6c92139d9989d721affb674fbb5b3fae69c8,READ,4294914608,1000000.0,112,56,15,0,2,2,2,1,0,1,4,0,0,0,32,0.65625,0.1875,0,5,8,3.6914280318460246,0.28125
cjson_minify,crash-01001da2865b6efc6264a86c2e32963de0e18e70,READ,1546137648,1000000.0,17,8,0,0,0,0,0,1,0,1,1,0,0,0,8,1.0,0.5,0,2,4,2.75,0.0
cjson_minify,crash-022c9fde327a109dd7bb6189b6e5bcf3b1105524,READ,3980143151,1000000.0,64,32,1,0,0,0,0,0,0,0,2,0,0,0,20,0.95,0.0,0,10,18,2.0609640474436812,0.05
cjson_minify,crash-03271ebf8058800f5593e96626a8b8d2600fc1c7,READ,4294925312,1000000.0,61,30,9,0,0,0,1,0,0,2,1,0,0,0,19,0.6842105263157895,0.2631578947368421,1,2,9,3.616348566075164,0.2631578947368421
cjson_minify,crash-04ef68b88cf3c3ab34edec0dec4ccf24f9c5c12a,READ,4294926626,1000000.0,40,20,4,0,1,1,1,1,0,3,0,0,0,0,14,0.8571428571428571,0.0,0,2,5,2.753434386188785,0.14285714285714285
cjson_minify,crash-06f9898301af2f437991f6b39f14bee3e9d05b9b,READ,2066381689,1000000.0,60,30,0,0,2,2,2,0,0,2,0,0,0,0,19,0.5789473684210527,0.0,1,4,3,2.970840013101985,0.0
cjson_minify,crash-0851a034676da8214aea5c34c2da7d77092f4f8d,READ,4231289856,1000000.0,40,20,1,0,0,0,1,0,0,2,2,0,0,0,14,0.7857142857142857,0.07142857142857142,2,1,5,3.2359263506290326,0.07142857142857142
cjson_minify,crash-098cce3304e5a37aa7ecddc715bf943c49a92020,READ,2099406114,1000000.0,56,28,0,0,1,1,1,1,0,7,0,0,0,0,18,1.0,0.0,0,2,1,2.591793226077496,0.0
cjson_minify,crash-0ca10d0a3264bda460ad9daf0a8745e2999d96f5,READ,1546594829,1000000.0,60,30,0,0,0,0,0,1,0,1,3,0,0,0,19,0.6842105263157895,0.0,0,2,3,2.970840013101985,0.0
cjson_minify,crash-0ee75e76c948a3155ce12222e3a72625a744a88a,READ,2071667247,1000000.0,52,26,0,0,2,2,2,1,0,3,0,0,0,0,17,0.9411764705882353,0.0,0,2,3,3.1307179879273743,0.0
cjson_minify,crash-1052ca001fb6c08adee0d5a1268b6d2ffc1ae1b1,READ,2071493418,1000000.0,40,20,0,0,1,1,1,1,0,1,0,0,0,0,14,0.7857142857142857,0.0,0,2,2,2.753434386188785,0.0
cjson_minify,crash-11b05eb618a57b5d3c2e1ff54f884334135a340f,READ,4141185915,1000000.0,72,36,8,0,0,0,0,1,0,1,0,0,0,0,22,0.4090909090909091,0.0,0,7,9,2.913977073182752,0.18181818181818182
cjson_minify,crash-148de593ae37f0b0451350a0351ee8f2bc6bcd67,READ,3576658800,1000000.0,44,22,1,0,0,0,0,1,0,1,0,0,0,0,15,0.6,0.0,0,5,3,2.8159220638351665,0.06666666666666667
cjson_minify,crash-16c3e245b9307cb252e2e897965f305ee10fbfe9,READ,2070555196,1000000.0,36,18,0,0,1,1,1,1,0,1,0,0,0,0,13,0.7692307692307693,0.0,0,1,3,3.3927474104487847,0.07692307692307693
cjson_minify,crash-197ac9f525f78d9cd1d507d44b4c334a679a5fc1,READ,2066031119,1000000.0,113,58,0,0,-1,1,0,1,0,5,0,0,0,0,33,0.8484848484848485,0.0,4,4,3,3.0927690286339677,0.0
cjson_minify,crash-1accc620a19aba0e37d443da314b17a2956ac875,READ,3984271995,1000000.0,63,32,2,0,0,0,1,0,0,2,0,0,0,0,20,0.75,0.05,1,2,4,3.246439344671016,0.05
cjson_minify,crash-1d0fa01ed2e1e09a816a9f23dea6626da4fc3dad,READ,4281301770,1000000.0,28,14,1,0,1,1,1,0,0,0,0,1,0,0,11,0.6363636363636364,0.0,0,2,6,3.095795255000934,0.18181818181818182
cjson_minify,crash-1f4523ea83030367b864c8759bc24e069a1d732a,READ,4288532720,1000000.0,60,30,7,0,0,0,0,1,0,1,0,0,0,0,19,0.3684210526315789,0.0,0,4,4,2.8581184630979695,0.21052631578947367
cjson_minify,crash-213816cdfa10ff1300471adc18cba763fe72c68f,READ,1529163555,1000000.0,16,8,0,0,1,1,1,1,0,1,0,0,0,0,8,0.875,0.0,0,1,3,2.5,0.0
cjson_minify,crash-2229d6d57c1632f2a0e2e434fc868104f696fdd6,READ,4294898418,1000000.0,48,24,16,0,1,1,1,0,0,0,0,1,0,0,16,0.5,0.0,0,2,12,3.327819531114783,0.5
cjson_minify,crash-2394b7c43639668a7b71166248f9eb68baf98285,READ,4294967087,1000000.0,32,16,5,0,1,1,1,0,0,0,0,1,0,0,12,0.5833333333333334,0.0,0,3,6,3.0220552088742005,0.4166666666666667
cjson_minify,crash-260d2a7eba5ad81e1dafe1772c78858013bd04a3,READ,3984292655,1000000.0,60,30,3,0,3,3,3,0,0,0,2,0,0,0,19,0.8947368421052632,0.0,0,2,5,2.6497944620435705,0.10526315789473684
cjson_minify,crash-27812602f0fdbd4c87af5081575f3964523ee845,READ,4284232796,1000000.0,64,32,8,0,1,1,1,1,0,1,4,0,0,0,20,0.65,0.2,0,1,10,3.584183719779189,0.3
cjson_minify,crash-29988e3d4352b2de8b421549d09a4984e9439aac,READ,4294967295,1000000.0,116,58,11,0,3,3,3,1,0,1,0,0,0,0,33,0.3333333333333333,0.0,0,8,14,2.7481990432730794,0.24242424242424243
cjson_minify,crash-2ace62c1befa19e3ea37dd52be9f6d508c5163e6,READ,0,0.0,0,0,0,0,0,0,0,1,0,1,0,0,0,1,1,1.0,0.0,0,1,0,-0.0,0.0
cjson_minify,crash-2ba5ac4208e97d2326e207ee9dc30ba4eb5f0e0b,READ,2065857314,1000000.0,81,40,0,0,1,1,1,1,0,7,1,0,0,0,24,1.0,0.16666666666666666,0,2,9,3.3494839817876882,0.0
cjson_minify,crash-2d4d25389a7f6f6157c4d090266174ec9ec4ad7e,READ,2066704421,1000000.0,24,12,0,0,0,0,1,0,0,0,0,1,0,0,10,1.0,0.1,0,1,6,3.1219280948873624,0.0
cjson_minify,crash-2f776086b397dc9437776b09b78f0bab66055d66,READ,2071667260,1000000.0,32,16,0,0,2,2,2,1,0,1,0,0,0,0,12,0.9166666666666666,0.0,0,2,2,2.084962500721156,0.0
cjson_minify,crash-3298f1c7bcac0e1553ba54db039685bd98636890,READ,4232197212,1000000.0,60,30,2,0,1,1,1,1,1,1,3,1,1,0,19,0.8947368421052632,0.15789473684210525,1,1,7,3.076103170996722,0.05263157894736842
cjson_minify,crash-346461d59c42d2c2e03592f343aae6ec66d77ea0,READ,2069963387,1000000.0,24,12,0,0,1,1,1,1,0,3,0,0,0,0,10,1.0,0.0,0,1,3,2.4464393446710155,0.0
cjson_minify,crash-36cfd433673bbd73bb4b5ccf295701ce6da895b6,READ,4234357295,1000000.0,32,16,1,0,0,0,0,1,0,1,0,1,0,0,12,0.8333333333333334,0.0,0,1,7,2.792481250360578,0.08333333333333333
cjson_minify,crash-376cb1590a1208b2436c333f35aefa9bda4ce034,READ,1546268476,1000000.0,60,30,0,0,0,0,0,0,0,0,1,1,0,0,19,0.5263157894736842,0.0,0,5,3,2.6873230684749942,0.0
cjson_minify,crash-389f063500835f451d0ecb1a2332dc6a5da63780,READ,0,0.0,0,0,0,0,1,1,1,0,0,0,0,1,0,0,4,1.0,0.0,0,1,3,2.0,0.0
cjson_minify,crash-396710b3e205657eda5e7b1fe3e01e17a613ffcc,READ,2153982511,1000000.0,4,2,1,0,0,0,0,0,0,0,0,1,0,0,5,0.8,0.0,0,1,5,2.321928094887362,0.2
cjson_minify,crash-3baa54909463abdf38c6801575677e6f20571545,READ,3984271995,1000000.0,52,26,2,0,0,0,0,1,0,1,0,0,0,0,17,0.7647058823529411,0.0,0,2,2,2.727497224852472,0.058823529411764705
cjson_minify,crash-3d8540a76bafde21fe2395f1faed9104d90e6ff9,READ,4294925404,1000000.0,64,32,9,0,0,0,1,0,0,2,2,0,0,0,20,0.7,0.2,1,2,10,3.484183719779189,0.25
cjson_minify,crash-3f530c987db7e7275d636cd246f1be39c49e04b3,READ,4294913834,1000000.0,40,20,4,0,0,0,0,0,0,0,0,1,0,0,14,0.7857142857142857,0.0,1,2,9,2.120952031026403,0.14285714285714285
cjson_minify,crash-40e4b0a63a07184216f22577af1105fd3e3f185d,READ,2066688549,1000000.0,36,18,0,0,1,1,1,1,0,1,0,0,0,0,13,1.0,0.07692307692307693,0,1,6,3.0269868333592873,0.0
cjson_minify,crash-42801fe774ff8cbb723b0ba9f1c53a67f62578fa,READ,4294967132,1000000.0,112,56,19,0,3,3,3,1,1,1,8,0,1,0,32,0.6875,0.28125,0,3,14,2.688307235905091,0.3125
cjson_minify,crash-43ccf024100c21abca881518f8408a6e048b277b,READ,2065890370,1000000.0,4,2,0,0,1,1,1,1,0,1,0,0,0,0,5,0.8,0.2,0,1,3,2.321928094887362,0.2
cjson_minify,crash-45df040ede22a1d05d86be0ff8dcd7df1e890547,READ,4141185915,1000000.0,20,10,5,0,3,3,3,0,0,0,0,1,0,0,9,0.5555555555555556,0.0,1,2,3,2.6416041678685938,0.3333333333333333
cjson_minify,crash-472f4d706a5beea2b9589e235d2958aff8caf207,READ,3576658725,1000000.0,48,24,1,0,0,0,0,1,0,1,0,0,0,0,16,0.625,0.0,0,1,3,3.2806390622295662,0.0625
cjson_minify,crash-48cd2a86e3b709b1a8c2808caa0624a65e702d81,READ,4294967295,1000000.0,108,54,29,0,0,0,0,1,0,1,0,0,0,0,31,0.3225806451612903,0.0,0,13,17,2.6841840896667266,0.4838709677419355
cjson_minify,crash-4a620291047485dd20b3e301f5525590721ff393,READ,2066031151,1000000.0,60,30,0,0,0,0,0,0,0,4,0,0,0,0,19,0.8421052631578947,0.0,3,2,2,2.8603207778330444,0.0
cjson_minify,crash-4c56f9dcbe1d1eeed40b029590aa94413a8973cf,READ,4294914734,1000000.0,56,28,5,0,2,2,2,0,0,2,1,0,0,0,18,0.7222222222222222,0.1111111111111111,1,2,7,3.7254805569978675,0.16666666666666666
cjson_minify,crash-4d715017f103538f9fa5f396b4bc7b5d766330b2,READ,4230117504,1000000.0,51,26,3,0,-1,1,0,0,0,2,0,0,0,0,17,0.7647058823529411,0.11764705882352941,1,1,3,3.616874605956222,0.11764705882352941
cjson_minify,crash-4e73c34cdbc76a3bd228d58cffd660cb30336f69,READ,2070308386,1000000.0,40,20,0,0,1,1,1,1,0,1,0,0,0,0,14,0.9285714285714286,0.0,0,2,5,2.4956029237290127,0.0
cjson_minify,crash-50552ecfa7b882d8cf37070981349168dc451fc3,READ,3984271995,1000000.0,44,22,2,0,3,3,3,1,0,1,0,0,0,0,15,0.8,0.06666666666666667,0,1,2,3.0062389286533895,0.06666666666666667
cjson_minify,crash-51baf9b4e3df9f067366dd9267012efd622c4a6d,READ,4294967295,1000000.0,40,20,9,0,1,1,1,0,0,0,0,1,0,0,14,0.5,0.0,0,6,7,2.556656707462823,0.5
cjson_minify,crash-52c093ed4ca185edb8a29d32ac0d9a17bb7670fe,READ,2066686501,1000000.0,36,18,0,0,1,1,1,1,0,3,0,0,0,1,13,0.8461538461538461,0.0,2,1,1,2.6612262562697895,0.0
cjson_minify,crash-550c1f50172d32cfc7e0224899dcf35218b272a9,READ,3984271995,1000000.0,40,20,2,0,3,3,3,1,0,1,0,0,0,0,14,0.7857142857142857,0.07142857142857142,0,2,2,2.9852281360342516,0.07142857142857142
cjson_minify,crash-56bd3656d62ccdff759f5f53e1bb7deef148e9be,READ,2066362195,1000000.0,24,12,0,0,1,1,1,1,0,1,0,0,0,0,10,1.0,0.0,0,1,5,3.1219280948873624,0.0
cjson_minify,crash-586e0dc9af814130ba814ccf2ec5200ed6efe83d,READ,3313183354,1000000.0,68,34,2,0,1,1,1,1,0,1,0,0,0,0,21,0.7619047619047619,0.0,0,2,4,3.041625614369223,0.047619047619047616
cjson_minify,crash-5afcf7cc9bd3061a68af7e3260e8626cad821a18,READ,2066358575,1000000.0,32,16,0,0,0,0,0,1,0,3,0,0,0,0,12,1.0,0.0,0,1,3,2.5220552088742005,0.0
cjson_minify,crash-5bb25561c522e8e1735c8ba360509847f9906a95,READ,0,0.0,0,0,0,0,0,0,0,0,0,0,0,1,0,0,4,0.75,0.0,1,1,4,2.0,0.0
cjson_minify,crash-5cee425e731e5c9156d69eba38400cf42297adde,READ,3576658701,1000000.0,48,24,3,0,1,1,1,0,0,0,0,1,0,0,16,0.625,0.0625,0,3,6,3.0,0.125
cjson_minify,crash-5e97badafa1a0c5ec8448147744ef34ffaaa6f0a,READ,4141186939,1000000.0,116,58,8,0,0,0,0,1,0,1,0,0,0,0,33,0.30303030303030304,0.0,0,13,7,2.7413638163281506,0.12121212121212122
cjson_minify,crash-5ffd3773bcb9c2dbd137d27889f5de752b43c617,READ,4294967295,1000000.0,64,32,17,0,0,0,0,1,0,1,1,0,0,0,20,0.35,0.0,0,4,7,3.1086949695628423,0.45
cjson_minify,crash-61dc4e9acef512e5833885d758f243e836a4bbff,READ,3984271995,1000000.0,116,58,4,0,0,0,0,1,0,3,0,0,0,0,33,0.8484848484848485,0.09090909090909091,0,2,3,4.020926316000352,0.06060606060606061
cjson_minify,crash-63656fb8b9f7bb06ced2aa016c132874f434852e,READ,2071667977,1000000.0,24,12,0,0,2,2,2,1,0,1,0,0,0,0,10,0.9,0.0,0,2,3,2.721928094887362,0.0
cjson_minify,crash-64b87f8e2c7e2bb8e204ca3f44e5587e13ca261d,READ,3984292650,1000000.0,56,28,4,0,3,3,3,0,0,0,2,0,0,0,18,0.8888888888888888,0.0,0,2,4,2.6835423624332306,0.1111111111111111
cjson_minify,crash-66c6666e5fd21dea0c30e0836c18b07f253716ff,READ,4141185970,1000000.0,114,56,15,2,4,4,4,0,0,0,0,1,0,0,33,0.5757575757575758,0.0,2,2,10,3.3122347418211757,0.30303030303030304
cjson_minify,crash-6807e848464ecdde9ef1420b6f803de938e5be48,READ,791285005,1000000.0,76,38,0,0,0,0,0,0,0,0,0,1,0,0,23,0.5217391304347826,0.0,0,3,3,1.9295015960810527,0.0
cjson_minify,crash-6a1a3089439603ab2bcbe2313ae437f71337a6e6,READ,2066031151,1000000.0,40,20,0,0,0,0,0,1,0,3,0,0,0,0,14,0.8571428571428571,0.07142857142857142,2,1,4,3.1820058147602133,0.0
cjson_minify,crash-6b582b749ab3cc1ee8420d21414bf41b6a8ab344,READ,4232207412,1000000.0,68,34,3,0,0,0,1,0,0,2,3,0,0,0,21,0.7142857142857143,0.09523809523809523,1,2,10,3.499227541723357,0.09523809523809523
cjson_minify,crash-6cdf383f547fc3e541d6d27058e0ab00de14403b,READ,2066031151,1000000.0,36,18,0,0,0,0,0,1,0,3,0,0,0,1,13,0.8461538461538461,0.0,2,1,1,2.6612262562697895,0.0
cjson_minify,crash-6e8c8aac16beac0b880c74cb9f76813631638ff5,READ,4294967295,1000000.0,24,12,6,0,1,1,1,1,0,1,0,0,0,0,10,0.6,0.0,0,4,5,2.5219280948873624,0.4
cjson_minify,crash-714adafbd355bed353f0c851cdbcfb7e3ddc2ba0,READ,2071471483,1000000.0,60,30,0,0,0,0,0,1,0,1,0,0,0,0,19,0.9473684210526315,0.0,0,1,3,2.584262225315332,0.0
cjson_minify,crash-72e16bebba042aeee57bc4d7b96a763721601044,READ,4294925352,1000000.0,64,32,9,0,1,1,1,1,0,1,3,0,0,0,20,0.7,0.25,1,2,10,3.484183719779189,0.25
cjson_minify,crash-74b49f06612dc63f5baeef39f902890e184c2527,READ,4294925352,1000000.0,62,32,9,0,0,0,1,0,0,2,2,0,0,0,20,0.6,0.2,2,2,10,3.521928094887363,0.25
cjson_minify,crash-75b52fa7935754d1b9062e2a207ae653297c63eb,READ,4294914608,1000000.0,63,32,5,0,0,0,1,0,0,2,3,0,0,0,20,0.75,0.3,1,2,10,3.5464393446710156,0.15
cjson_minify,crash-797a8753a6c4c693d9d8eb918edff96a0212ed45,READ,3984271995,1000000.0,32,16,1,0,1,1,1,1,0,1,0,0,0,0,12,0.8333333333333334,0.0,0,2,2,2.6258145836939115,0.08333333333333333
cjson_minify,crash-7b59d3d90d0b730c2d82da7edd7a79c85878b102,READ,1059729196,1000000.0,50,24,0,2,0,0,0,0,0,0,0,1,0,0,17,0.8823529411764706,0.0,2,2,8,2.0948567835487384,0.0
cjson_minify,crash-7c0f3cd435007f7da0e73bcf53b83f20f8ceb4ad,READ,4234357295,1000000.0,40,20,3,0,0,0,0,1,0,1,0,1,0,0,14,0.8571428571428571,0.07142857142857142,0,1,8,3.521640636343318,0.14285714285714285
cjson_minify,crash-7ddf03d967e65deebc5f8876bce25bd5a5c80c1a,READ,0,0.0,0,0,0,0,1,1,1,1,0,1,0,0,0,1,3,1.0,0.0,0,1,1,1.584962500721156,0.0
cjson_minify,crash-80c204238569536be2bd7b5b26554a866fbc46ef,READ,4231289856,1000000.0,41,20,1,0,1,1,1,1,0,1,3,0,0,0,14,0.7857142857142857,0.35714285714285715,2,2,7,3.0391486719030705,0.07142857142857142
cjson_minify,crash-81da7823395d0518398b926fdb03182faad4f0cb,READ,1546789426,1000000.0,81,40,0,0,0,0,0,1,0,1,1,0,0,0,24,0.625,0.16666666666666666,0,5,4,3.0161506484543548,0.0
cjson_minify,crash-83172d73fa5fd168a151235a22891d2fb54a10b7,READ,4234357295,1000000.0,20,10,2,0,0,0,0,1,0,1,0,1,0,0,9,0.8888888888888888,0.0,0,2,4,2.725480556997868,0.1111111111111111
cjson_minify,crash-84a99f882f463ca44f5f3ffec548bf2b6e40a48b,READ,3984271995,1000000.0,116,58,3,0,3,3,3,1,0,1,0,0,0,0,33,0.696969696969697,0.0,0,2,3,2.9096828474228644,0.06060606060606061
cjson_minify,crash-874adcdef074576b99d4a19d5477db98f70034a9,READ,4232197212,1000000.0,12,6,1,0,1,1,1,1,0,1,1,0,0,0,7,0.8571428571428571,0.2857142857142857,0,1,5,2.521640636343318,0.14285714285714285
cjson_minify,crash-898d05d864d0cf44b554a496c072a3495925c398,READ,4234357295,1000000.0,4,2,1,0,0,0,0,0,0,0,0,1,0,0,5,0.8,0.0,0,1,5,1.9219280948873623,0.2
cjson_minify,crash-8b2ec6fa6b3c614a495c2a00797a6b6a0d1c0a65,READ,795028002,1000000.0,4,2,0,0,0,0,0,1,0,1,0,0,0,0,5,1.0,0.0,0,1,3,2.321928094887362,0.0
cjson_minify,crash-8c63081427e98c271377039d4741973323532b45,READ,3984292655,1000000.0,56,28,3,0,0,0,0,1,0,1,2,0,0,0,18,0.8888888888888888,0.0,0,2,8,2.6632908081776594,0.1111111111111111
cjson_minify,crash-8de78455e98e00c39e9bae833124ae4d930ab807,READ,3984271919,1000000.0,56,28,3,0,5,5,5,0,0,0,0,0,0,0,18,0.7777777777777778,0.0,0,2,3,2.816340113853408,0.1111111111111111
cjson_minify,crash-8ff1b70a81ac9bf1ad9fd7c3d70cdd77949d2742,READ,3987055523,1000000.0,92,46,17,0,3,3,3,1,0,1,0,0,0,0,27,0.48148148148148145,0.0,0,5,9,3.2485528924206126,0.37037037037037035
cjson_minify,crash-9289e27b83ce82e3fc49b41843ce5fbc6d7609d8,READ,3984271906,1000000.0,64,32,2,0,2,2,2,1,0,3,0,0,0,0,20,0.8,0.05,0,2,2,2.9282129458410013,0.05
cjson_minify,crash-94d4282b7aa8db64cee5fe1b5c9c025b6219a138,READ,2065857314,1000000.0,53,26,0,0,1,1,1,1,0,5,0,0,0,0,17,1.0,0.23529411764705882,0,2,5,2.933954578048174,0.0
cjson_minify,crash-9607b3851e593be72e4094c454d7ae5538139677,READ,4294914652,1000000.0,72,36,9,0,0,0,0,1,1,1,7,0,1,0,22,0.7727272727272727,0.3181818181818182,0,2,11,2.822340144500774,0.22727272727272727
cjson_minify,crash-981ddfd83a793ea357848c74e8233223929465e5,READ,3984271995,1000000.0,112,56,9,0,7,7,7,0,0,0,0,1,0,0,32,0.75,0.0,0,1,3,2.8898191426459237,0.15625
cjson_minify,crash-99572a8f55f2b4a3063157e9d66edc39881b7b09,READ,2069066530,1000000.0,110,56,0,0,3,3,3,1,0,3,0,0,0,0,32,0.90625,0.09375,2,2,5,3.2417292966721747,0.0
cjson_minify,crash-9b218aca38462ad9c2aa058c03197d0aec9f2107,READ,4294967295,1000000.0,28,14,10,0,0,0,0,1,0,1,0,0,0,1,11,0.18181818181818182,0.0,0,4,9,2.7321588913645702,0.6363636363636364
cjson_minify,crash-9d0faf26db9840a8fd7e00c212c2fea5b7c56078,READ,3710870319,1000000.0,36,18,1,0,0,0,1,0,0,2,0,1,0,0,13,0.9230769230769231,0.07692307692307693,0,1,5,3.238901256602631,0.07692307692307693
cjson_minify,crash-9e5c835ee1570f5fc29f9a888c95144a897e17d0,READ,2068849232,1000000.0,60,30,0,0,1,1,1,1,0,5,0,0,0,0,19,1.0,0.0,0,3,3,2.689525383210069,0.0
cjson_minify,crash-9f75065599b35451083756d4f2614c90adf18bf3,READ,2067407458,1000000.0,64,32,0,0,2,2,2,1,0,7,0,0,0,0,20,1.0,0.15,0,2,1,2.839353872167201,0.0
cjson_minify,crash-a11b554aef300ed10df4a78f1f25709e52236c90,READ,4163645249,1000000.0,50,24,2,2,0,0,0,0,0,0,0,1,0,0,17,0.8235294117647058,0.0,2,2,8,2.3071885761626687,0.058823529411764705
cjson_minify,crash-a2658623c7f24f8742faccdad5765734e369b8f0,READ,2064202799,1000000.0,53,26,0,0,2,2,2,1,0,1,2,0,0,0,17,0.7647058823529411,0.23529411764705882,0,2,4,3.4992275471326924,0.0
cjson_minify,crash-a44907b1b015ed77576f9b3f808479c2af27fb3b,READ,4234357295,1000000.0,36,18,2,0,0,0,0,1,0,1,0,1,0,0,13,0.9230769230769231,0.07692307692307693,0,1,7,3.3927474104487847,0.07692307692307693
cjson_minify,crash-a5fd1f0a41e7275c1c615bff6a812b6c1e856673,READ,2066031151,1000000.0,44,22,0,0,0,0,0,0,0,2,0,0,0,0,15,0.8666666666666667,0.06666666666666667,1,1,3,3.3735572622751855,0.0
cjson_minify,crash-a79c64fc3ebde369da4df281c0dd2d110c9968e1,READ,2065850658,1000000.0,28,14,0,0,1,1,1,1,0,5,0,0,0,0,11,1.0,0.0,0,3,3,2.222191575506678,0.0
cjson_minify,crash-a9cf042f7e249628e6aec158bc1a98eba08892a3,READ,4286743170,1000000.0,96,48,24,0,1,1,1,1,0,1,4,0,0,0,28,0.5,0.17857142857142858,0,7,17,2.9241743523004415,0.5
cjson_minify,crash-abdebae470800be1211cf34ee7ddbfc21fa5f335,READ,2066688545,1000000.0,36,18,0,0,0,0,0,1,0,1,0,1,0,0,13,0.9230769230769231,0.0,1,1,5,3.0269868333592873,0.0
cjson_minify,crash-ad98407978c1c5f772b6d0176eaf1d7008c9dae8,READ,2066053154,1000000.0,32,16,0,0,0,0,0,1,0,1,0,1,0,0,12,0.9166666666666666,0.0,1,1,5,3.084962500721156,0.0
cjson_minify,crash-afeefb3b42fa2c5fade96c0226d7e71b59cbaac9,READ,4231158784,1000000.0,40,20,1,0,1,1,1,1,0,1,2,0,0,0,14,0.8571428571428571,0.35714285714285715,1,2,5,3.1820058147602133,0.07142857142857142
cjson_minify,crash-b218382c4d83e32a40796891d9f3bc4f202b5e67,READ,4294898418,1000000.0,36,18,15,0,0,0,0,0,0,0,0,1,0,0,13,0.3076923076923077,0.0,0,2,13,3.238901256602631,0.6923076923076923
cjson_minify,crash-b39de0ada195c9de41ebbabac2c3c79c71519cb2,READ,4284232796,1000000.0,44,22,3,0,0,0,0,1,0,1,4,0,0,0,15,0.8666666666666667,0.3333333333333333,0,1,10,3.056564762130954,0.13333333333333333
cjson_minify,crash-b54d03b20feeafcf250b31c7dc44edd8df156c5f,READ,3982241578,1000000.0,16,8,1,0,0,0,0,0,0,0,2,1,0,0,8,0.875,0.0,0,2,5,2.5,0.125
cjson_minify,crash-b7222ace3c042b5f2d9b71a7c74f64490057161b,READ,3984272080,1000000.0,52,26,4,0,2,2,2,0,0,0,0,1,0,0,17,0.6470588235294118,0.0,0,1,4,2.6986604604011153,0.11764705882352941
cjson_minify,crash-b91f407ad53c2843a26d18005a7519dc13843fc4,READ,4294967132,1000000.0,103,52,12,0,0,0,1,0,0,2,6,0,0,0,30,0.7,0.26666666666666666,1,3,15,3.3525842461721624,0.23333333333333334
cjson_minify,crash-ba21fb792a17b735ef474e27236596d21db4b339,READ,4294967295,1000000.0,104,52,33,0,5,5,5,1,0,1,0,0,0,0,30,0.36666666666666664,0.06666666666666667,0,13,13,2.386569246460625,0.6
cjson_minify,crash-bba9c3122cb8808f785206773e7e97e505f5dbf9,READ,4284232796,1000000.0,44,22,3,0,1,1,1,1,0,1,4,0,0,0,15,0.8666666666666667,0.26666666666666666,0,1,10,3.056564762130954,0.13333333333333333
cjson_minify,crash-bd867ee6257e0bd382d2ddd9c8b39be43fe5bcba,READ,2071667977,1000000.0,36,18,0,0,3,3,3,1,0,1,0,0,0,1,13,0.6923076923076923,0.0,0,2,5,3.180832987205441,0.0
cjson_minify,crash-bfadb45c407e923081cfc12b5e6143b3ff5f7ff3,READ,4294925352,1000000.0,64,32,9,0,1,1,1,1,0,3,3,0,0,0,20,0.7,0.2,1,2,10,3.3464393446710154,0.25
cjson_minify,crash-c119a67d13b3160409f27091056177856c120d0b,READ,3324126587,1000000.0,68,34,2,0,-3,3,0,0,0,4,0,0,0,0,21,0.7619047619047619,0.0,3,3,2,3.141619208183979,0.047619047619047616
cjson_minify,crash-c2e313cac78ea557ab601b23decb7fc6c874f9ed,READ,791421743,1000000.0,84,42,0,0,0,0,0,0,0,0,0,1,0,0,25,0.72,0.0,0,2,4,2.6130201924480456,0.0
cjson_minify,crash-c434a2f1b3e661603c222a9c36292be9ae3a28b9,READ,3977083690,1000000.0,16,8,1,0,1,1,1,0,0,0,0,1,0,0,8,0.75,0.0,0,2,4,2.5,0.125
cjson_minify,crash-c561fa9bec5a7c89a76a5c750cad39c7a872cf54,READ,4213340197,1000000.0,116,58,15,0,4,4,4,1,0,1,0,0,0,0,33,0.36363636363636365,0.0,0,8,13,3.3600362731319717,0.2727272727272727
cjson_minify,crash-c7195dd2452193e9b940ab74c7a4ef1c4fa24973,READ,789384495,1000000.0,12,6,0,0,0,0,0,1,0,1,0,0,0,0,7,0.7142857142857143,0.0,0,2,2,1.9502120649147467,0.0
cjson_minify,crash-c96a669a952cdf6f9213ac1b01f12ae10c97c2ff,READ,3765969450,1000000.0,32,16,2,0,1,1,1,1,0,1,0,0,0,0,12,0.75,0.0,0,1,4,3.188721875540867,0.16666666666666666
cjson_minify,crash-cb55372bfee50a4f70e1f46bf15655b435bf28ad,READ,4293952730,1000000.0,44,22,15,0,0,0,0,1,0,1,0,0,0,0,15,0.4,0.13333333333333333,0,1,11,3.773557262275186,0.5333333333333333
cjson_minify,crash-cc394da5456a78dbb734f3571ff9575aea340987,READ,4232197243,1000000.0,28,14,1,0,0,0,0,1,0,1,2,0,0,0,11,0.8181818181818182,0.18181818181818182,0,1,3,2.7321588913645702,0.18181818181818182
cjson_minify,crash-ce5373fc394b84eb262a3f9ca8d376446080a944,READ,4231289856,1000000.0,64,32,8,0,1,1,1,1,1,1,2,0,1,0,20,0.6,0.1,1,2,5,3.5464393446710156,0.2
cjson_minify,crash-d018959863aa6cab4211db6de89112584b447410,READ,2019764783,1000000.0,28,14,0,0,0,0,0,1,0,1,0,1,0,0,11,0.9090909090909091,0.0,1,1,6,2.6635327548042547,0.0
cjson_minify,crash-d2612350d867f441646aeb245214e0b5063750ef,READ,2065850658,1000000.0,12,6,0,0,1,1,1,1,0,3,0,0,0,0,7,1.0,0.0,0,1,1,1.8423709931771084,0.0
cjson_minify,crash-d508822cd7041af0c39741d136a73b677b6f3afb,READ,4294925352,1000000.0,68,34,15,0,0,0,1,0,0,2,2,0,0,0,21,0.5714285714285714,0.19047619047619047,1,2,10,3.7256507561120937,0.38095238095238093
cjson_minify,crash-d6cce84bde985d0110bf8bcd77699ce5824cf4ce,READ,4294914088,1000000.0,56,28,7,0,1,1,1,1,0,1,4,0,0,0,18,0.7222222222222222,0.2777777777777778,0,2,11,3.016875695766564,0.2777777777777778
cjson_minify,crash-d9139eb0caa4008e954ece1443875fade3f81dbd,READ,2066687266,1000000.0,20,10,0,0,0,0,0,0,0,2,0,0,0,0,9,0.7777777777777778,0.0,1,1,2,2.725480556997868,0.1111111111111111
cjson_minify,crash-da21ee056b03360a4a38bd7980b30f42d6e5ee22,READ,4234357295,1000000.0,16,8,2,0,0,0,0,1,0,1,0,1,0,0,8,0.875,0.0,0,1,4,2.75,0.125
cjson_minify,crash-dc42171bebf36b68603eb7a1670d33fdb7ed0c3c,READ,4294914608,1000000.0,105,52,11,0,0,0,0,1,0,1,4,0,0,0,30,0.6666666666666666,0.3333333333333333,0,2,9,3.5362434129830604,0.2
cjson_minify,crash-ddbe184080b38bc5bb4091906882c8afc751a3f6,READ,3984271995,1000000.0,68,34,4,0,3,3,3,0,0,0,0,1,0,0,21,0.7619047619047619,0.0,0,2,5,2.8792489698826964,0.09523809523809523
cjson_minify,crash-df76332cc5614ddda903a217f172790cd17afa9b,READ,3478943106,1000000.0,44,22,4,0,0,0,0,1,0,1,2,0,0,0,15,0.8666666666666667,0.2,0,2,8,3.506890595608519,0.13333333333333333
cjson_minify,crash-e13ba93ee1d15fa355b67baf54ab3c24b9f78291,READ,1881287228,1000000.0,60,30,0,0,0,0,0,1,0,1,0,0,0,0,19,0.5263157894736842,0.0,0,5,2,2.458453829233059,0.0
cjson_minify,crash-e35f460a153de5c31814e672432e4ccb06c06c11,READ,3716470235,1000000.0,40,20,8,0,1,1,1,1,0,3,0,0,0,0,14,0.7142857142857143,0.0,0,1,6,3.1820058147602133,0.2857142857142857
cjson_minify,crash-e51c9da920173949664ed9cbe4a9bf87b44bf360,READ,4062850858,1000000.0,56,28,4,0,1,1,1,0,0,0,2,0,0,0,18,0.8333333333333334,0.0,0,2,10,2.927451224964519,0.16666666666666666
cjson_minify,crash-e66a71872b289d1a0eccf3c2f2c72837850e41c5,READ,0,0.0,0,0,0,0,3,3,3,1,0,1,0,0,0,1,4,1.0,0.0,0,3,0,0.8112781244591328,0.0
cjson_minify,crash-e7e3d4140490babef1f7b2bfb52d32d39d8ad137,READ,4294967261,1000000.0,96,48,14,0,2,2,2,0,0,2,0,0,0,0,28,0.7142857142857143,0.0,0,3,6,3.4852281360342516,0.25
cjson_minify,crash-e951ee2d78a4eae3056cf4619a055065b255cb92,READ,4231289890,1000000.0,41,20,2,0,0,0,1,0,0,2,2,0,0,0,14,0.8571428571428571,0.35714285714285715,1,2,5,3.2359263506290326,0.07142857142857142
cjson_minify,crash-ea2addbe680ce9ea652dfad8e096167dfd521ed3,READ,2066689066,1000000.0,24,12,0,0,2,2,2,1,0,1,0,0,0,0,10,0.9,0.0,0,1,1,2.8464393446710154,0.0
cjson_minify,crash-ebd138ea2c01020016de8d27c0d04dbd884c7ca8,READ,2066031151,1000000.0,56,28,0,0,0,0,0,1,0,5,0,0,0,1,18,0.7777777777777778,0.0,4,1,2,2.7052290027422967,0.0
cjson_minify,crash-ed2cbb454d382542b7095b4359f0da13d854e513,READ,3984271995,1000000.0,64,32,2,0,3,3,3,1,0,1,0,0,0,0,20,0.8,0.05,0,2,2,3.0282129458410014,0.05
cjson_minify,crash-ef65af05de05e3bcc8004195622e286ceb8f2c8b,READ,3576658725,1000000.0,56,28,1,0,0,0,0,1,0,1,0,0,0,0,18,0.5555555555555556,0.0,0,6,4,2.9329993066372895,0.05555555555555555
cjson_minify,crash-f0e32b7a940b7feb18f3a27972e76b94ec690226,READ,4156806620,1000000.0,104,52,23,0,1,1,1,1,0,3,0,0,0,0,30,0.5333333333333333,0.03333333333333333,0,4,5,3.5614063297218426,0.4
cjson_minify,crash-f28c9e9d1617658a649c8942367235047a78d593,READ,791424810,1000000.0,50,24,0,2,0,0,0,0,0,0,0,1,0,0,17,0.8823529411764706,0.0,2,2,8,1.8654371053199077,0.0
cjson_minify,crash-f43f3b1d089f334277f009eecc49b14518ca3cdb,READ,2066031151,1000000.0,40,20,0,0,0,0,0,1,0,3,0,0,0,0,14,0.8571428571428571,0.0,2,1,2,2.9852281360342516,0.0
cjson_minify,crash-f6067ac636abdd2fc4c7da3696d048d009267c43,READ,2066031151,1000000.0,36,18,0,0,0,0,0,1,0,1,0,1,0,0,13,0.8461538461538461,0.0,1,1,8,2.7192945256669794,0.0
cjson_minify,crash-f6f7a9a2ab549e6d1580a43560a42fd9ef1d271b,READ,0,0.0,0,0,0,0,1,1,1,1,0,1,0,0,0,0,4,1.0,0.0,0,1,1,2.0,0.0
cjson_minify,crash-f89ea17b1d8adc644280fc61edbd99e5d352771e,READ,2153849391,1000000.0,40,20,1,0,1,1,1,1,0,3,0,0,0,0,14,0.9285714285714286,0.0,0,1,3,2.753434386188785,0.07142857142857142
cjson_minify,crash-fab15ce554723b076d5b6d98b2b56c751f3fe6ab,READ,1664027228,1000000.0,60,30,0,0,0,0,0,1,0,1,2,0,0,0,19,0.6842105263157895,0.0,0,2,3,3.0105709342684834,0.0
cjson_minify,crash-fbfaebb6f09752049eec86911aa88bf7c9de8355,READ,2153985066,1000000.0,16,8,1,0,0,0,0,0,0,0,0,1,0,0,8,0.75,0.125,0,1,6,3.0,0.125
cjson_minify,crash-fd68ba2cf0914c706ec4c739864219afba11d629,READ,2065855284,1000000.0,47,22,0,2,0,0,1,0,0,2,2,0,0,0,16,0.875,0.3125,2,2,6,3.375,0.0
cjson_minify,crash-fe9cd3d9aaa18713cf098f09b8c8abc1b16d6f4e,READ,4294967132,1000000.0,104,52,14,0,1,1,1,1,0,1,8,0,0,0,30,0.7333333333333333,0.26666666666666666,0,3,15,2.9981864313138504,0.26666666666666666
cjson_parsestr,crash-007cee8a132073af1a34ef832b8743824e0dbfd3,READ,2065834496,1000000.0,16,8,0,0,1,1,1,0,0,2,0,0,0,0,8,0.75,0.125,1,2,2,2.75,0.0
cjson_parsestr,crash-011174ac5c0226770decceedecc562d58ff00fe8,READ,2964369584,1000000.0,286,151,18,1,9,9,9,0,0,72,0,0,0,0,748,0.7393048128342246,0.44786096256684493,150,47,103,3.6438048741834095,0.03877005347593583
cjson_parsestr,crash-036d7bd2fc0da47a8db56441bc19f0f09cce6548,READ,2065834554,1000000.0,13,6,0,0,1,1,1,0,0,2,0,0,0,0,7,1.0,0.2857142857142857,0,2,2,2.521640636343318,0.0
cjson_parsestr,crash-058f64bbb6e46376a38b46ae86c7916aa7b4a0f6,READ,2065834554,1000000.0,17,8,0,0,1,1,1,0,0,2,0,0,0,0,8,1.0,0.375,0,2,3,2.5,0.0
cjson_parsestr,crash-0784eed313d85662133e873afbb70f0a35e4e2d9,READ,2266666670,1000000.0,181,92,2,8,6,6,6,0,0,30,0,0,0,0,375,0.5706666666666667,0.3253333333333333,111,51,71,3.471286893836494,0.02666666666666667
cjson_parsestr,crash-07beefcb0b37eaa73be0cb3fece7c063f31ea70e,READ,2065840757,1000000.0,36,18,0,0,1,1,1,0,0,2,0,0,0,0,13,0.9230769230769231,0.15384615384615385,0,1,1,2.6612262562697895,0.0
cjson_parsestr,crash-08d729df7c540476393e8c4a1d027eb728f50218,READ,2065825792,1000000.0,32,14,0,6,1,1,1,0,0,2,0,0,0,0,14,0.5,0.07142857142857142,6,3,4,2.556656707462823,0.0
cjson_parsestr,crash-09a94b1cc3997c434b002d70f311195577cecf51,READ,2065850658,1000000.0,70,34,0,4,5,5,5,0,0,10,0,0,0,0,94,0.39361702127659576,0.0851063829787234,48,48,48,2.510274996102028,0.0
cjson_parsestr,crash-0d77b55f22aa150db4f6b5062b43621a9d88afe5,READ,2065850658,1000000.0,17,8,0,0,1,1,1,0,0,2,0,0,0,0,8,1.0,0.25,0,1,2,2.75,0.0
cjson_parsestr,crash-126724fe041e6749131d731336b1e594c2c547b3,READ,2067604091,1000000.0,35,18,0,0,1,1,1,0,0,2,0,0,0,0,13,0.6153846153846154,0.07692307692307693,2,1,2,3.0850551027564768,0.0
cjson_parsestr,crash-13974881057561d4303769ef42ee8fc4e098c771,READ,2065834554,1000000.0,8,4,0,0,1,1,1,0,0,2,0,0,0,0,6,1.0,0.16666666666666666,0,2,1,2.2516291673878226,0.0
cjson_parsestr,crash-144cb5769456445f18cf0ace196092c5a1923d49,READ,777777770000,1000000.0,136,69,1,0,1,1,1,0,0,2,0,0,0,0,38,0.9210526315789473,0.7105263157894737,2,8,31,2.4305946180235427,0.0
cjson_parsestr,crash-15e916c02d7b3c1550060734a6236bb160ff2104,READ,2065835105,1000000.0,16,8,0,0,1,1,1,0,0,2,0,0,0,0,8,1.0,0.125,0,1,2,2.75,0.0
cjson_parsestr,crash-16d25b2d1d1e7e785a53ee518e3e50eb056d8c9a,READ,2065834511,1000000.0,28,14,0,0,1,1,1,0,0,2,0,0,0,0,11,0.8181818181818182,0.0,1,2,5,3.2776134368191157,0.0
cjson_parsestr,crash-184f1df13c16c9f0199a92d33dd44a9a7eca4bd2,READ,2065835810,1000000.0,12,6,0,0,1,1,1,0,0,2,0,0,0,0,7,1.0,0.14285714285714285,0,1,1,2.521640636343318,0.0
cjson_parsestr,crash-1a314051d7c33eb8c4142a47a88f944fd409f614,READ,2065857314,1000000.0,12,6,0,0,1,1,1,0,0,2,0,0,0,0,7,1.0,0.14285714285714285,0,1,1,2.2359263506290326,0.0
cjson_parsestr,crash-1ac5e4ed0b1d462a6c62c1462dbda75decf4e55c,READ,2065836578,1000000.0,29,14,0,0,1,1,1,0,0,2,0,0,0,0,11,0.9090909090909091,0.36363636363636365,0,3,4,2.8453509366224368,0.0
cjson_parsestr,crash-1bf7cd36dfccbfd7e1e08e1bca9a1e9a800ac83e,READ,4294967295,1000000.0,256,128,20,0,12,12,12,0,0,26,0,0,0,0,93,0.6021505376344086,0.021505376344086023,10,9,9,3.0682468657041864,0.12903225806451613
cjson_parsestr,crash-1e6cb2947e14ae942ec65dab800d930d0af8989e,READ,2065850658,1000000.0,48,22,0,4,1,1,2,0,0,4,0,0,0,0,17,0.8235294117647058,0.058823529411764705,3,3,3,3.101881223476018,0.0
cjson_parsestr,crash-1f6b208934a066bc814fd855669d1d1dbad1bb41,READ,2149726733,1000000.0,51,25,1,4,1,1,1,0,0,2,0,0,0,0,18,0.6111111111111112,0.3333333333333333,4,3,11,3.3921472236645345,0.05555555555555555
cjson_parsestr,crash-20e3aad89490b8efc24156ccda47330f86ffa6b7,READ,2065830946,1000000.0,12,6,0,0,1,1,1,0,0,2,0,0,0,0,7,0.8571428571428571,0.14285714285714285,0,1,1,2.521640636343318,0.0
cjson_parsestr,crash-22abfbc38fbed7862d1422dc87319ff5241b0ff6,READ,2964369584,1000000.0,393,226,31,0,21,21,21,0,0,268,0,0,0,0,2500,0.8496,0.5268,239,47,92,3.65595862122883,0.0316
cjson_parsestr,crash-23777affe1b7d5947124c62ec1926e5d87c0024d,READ,2149726733,1000000.0,29,14,1,0,1,1,1,0,0,2,0,0,0,0,11,0.7272727272727273,0.2727272727272727,1,3,4,2.8453509366224368,0.09090909090909091
cjson_parsestr,crash-24ef2687906a01b18bb806107345f86bf20d3c6f,READ,3250700737,1000000.0,40,20,9,0,1,1,1,0,0,2,0,0,0,0,14,0.5,0.07142857142857142,1,4,6,3.0930692077718898,0.35714285714285715
cjson_parsestr,crash-2609005c20754a28f232d17f671043c2d778c46c,READ,22666666706,1000000.0,288,152,28,2,5,5,5,0,0,60,0,0,0,0,530,0.9339622641509434,0.5849056603773585,2,10,28,3.489140855915652,0.04339622641509434
cjson_parsestr,crash-277fc322bc61d52075c0ee32c7d34a6a1a1b35bc,READ,4294931548,1000000.0,72,36,23,0,1,1,1,0,0,2,1,0,0,0,22,0.4090909090909091,0.045454545454545456,0,2,15,4.095795255000934,0.5454545454545454
cjson_parsestr,crash-2a976d18a4ac0b6b84e0c8d40afdea18aec6af68,READ,3958107115,1000000.0,247,124,32,4,5,5,5,0,0,8,5,0,0,0,99,0.6464646464646465,0.06060606060606061,7,8,41,4.438447061467234,0.26262626262626265
cjson_parsestr,crash-2c3e34cf9a051f936fdfd5d29b7bda4898588646,READ,3405798157,1000000.0,28,14,1,0,1,1,1,0,0,2,0,0,0,0,11,0.6363636363636364,0.09090909090909091,1,1,2,3.095795255000934,0.09090909090909091
cjson_parsestr,crash-2c5992ab526bc8ddec47f4a5b2d9191aee104dc2,READ,2804054828,1000000.0,50,24,2,2,2,2,2,0,0,2,0,0,0,0,17,0.6470588235294118,0.17647058823529413,4,2,4,3.2639334294856335,0.058823529411764705
cjson_parsestr,crash-2ce34d5d7ed14e7333b3ffcf06a5093426ce350f,READ,2065850673,1000000.0,44,22,0,0,1,1,1,0,0,2,0,0,0,0,15,0.7333333333333333,0.26666666666666666,2,1,4,3.3735572622751855,0.0
cjson_parsestr,crash-2d312c921ca1761feb9586c780816d57f91420d8,READ,2065855266,1000000.0,27,13,0,3,1,1,1,0,0,2,0,0,0,0,16,0.4375,0.0625,8,7,10,2.375,0.0
cjson_parsestr,crash-2f73bc2f04176c89346aa8d19827bffb21d95874,READ,2065834554,1000000.0,21,10,0,0,1,1,1,0,0,2,0,0,0,0,9,0.7777777777777778,0.2222222222222222,1,2,3,2.725480556997868,0.0
cjson_parsestr,crash-324f731d5686c8bcb25f518c27c0cfb8a20ae212,READ,3419092224,1000000.0,206,106,8,10,3,3,3,0,0,8,0,0,0,0,101,0.5841584158415841,0.06930693069306931,31,6,14,3.626852403088984,0.0594059405940594
cjson_parsestr,crash-333331425e486a1fb6c3964fb9b410f428afb19d,READ,2067407483,1000000.0,168,88,0,4,5,5,5,0,0,6,0,0,0,0,54,0.5925925925925926,0.12962962962962962,13,7,10,3.326641829117393,0.0
cjson_parsestr,crash-37c48074e7332ab5d2549cad74a0ca0912473030,READ,2065850658,1000000.0,76,38,0,0,1,1,1,0,0,6,0,0,0,0,23,1.0,0.13043478260869565,0,2,3,2.6744608685361078,0.0
cjson_parsestr,crash-3833516a361d85845a6b89d0f2ff5fba1d4a598b,READ,2067407394,1000000.0,28,14,0,0,2,2,2,0,0,4,0,0,0,0,11,0.9090909090909091,0.09090909090909091,1,2,1,2.3685225277282065,0.0
cjson_parsestr,crash-3aa9382e3cccae20748e9dc8236bb6c3e3e980b2,READ,3447026292,1000000.0,52,26,2,0,1,1,1,0,0,2,0,0,0,0,17,0.8823529411764706,0.17647058823529413,0,2,4,3.4548223999466057,0.058823529411764705
cjson_parsestr,crash-3c135bf3cf69ef90175530a6952b25f2536ff60d,READ,3330286138,1000000.0,46,24,4,0,2,2,3,0,0,2,0,0,0,0,16,0.5625,0.0625,3,1,2,3.327819531114783,0.125
cjson_parsestr,crash-3d792717aac8f7b11ce66a50cfb03d780d7b20e8,READ,2067407483,1000000.0,28,14,0,0,1,1,1,0,0,2,0,0,0,0,11,0.7272727272727273,0.09090909090909091,2,1,3,2.7321588913645702,0.0
cjson_parsestr,crash-3de5d0b2fae8049b0c2b23d54742d4b83ba37e14,READ,3317703226,1000000.0,92,46,7,0,3,3,3,0,0,4,0,0,0,0,27,0.6666666666666666,0.1111111111111111,2,1,4,3.9121138909722286,0.14814814814814814
cjson_parsestr,crash-4088f39b3e58048acfdbeb1197aad70dc9bb8078,READ,2065850658,1000000.0,32,15,0,3,1,1,1,0,0,2,0,0,0,0,49,0.14285714285714285,0.02040816326530612,41,39,41,1.091043881067424,0.0
cjson_parsestr,crash-426454f76bbcb576c259f2018aaf3831a1a1b4a6,READ,2065834496,1000000.0,16,8,0,0,2,2,2,0,0,2,0,0,0,0,8,0.875,0.125,1,2,1,2.75,0.0
cjson_parsestr,crash-44c086afd65c703591200b061320a3235cb80c52,READ,2964369584,1000000.0,266,134,20,0,5,5,5,0,0,22,0,0,0,0,171,0.9064327485380117,0.5029239766081871,0,10,22,3.6492788750765506,0.07602339181286549
cjson_parsestr,crash-45efeff10f3d9ade0e219e3d4de5f95f033b35c1,READ,2065834554,1000000.0,12,6,0,0,1,1,1,0,0,2,0,0,0,0,7,0.8571428571428571,0.14285714285714285,0,2,2,2.521640636343318,0.0
cjson_parsestr,crash-4602a5bc7325d479bc53f4d6eaa9b1a1cf363c8d,READ,2065834554,1000000.0,12,6,0,0,2,2,2,0,0,2,0,0,0,0,7,1.0,0.14285714285714285,0,2,1,2.521640636343318,0.0
cjson_parsestr,crash-4b1112e4b5cee180599a9be07fd0fa9893477a0d,READ,2065826820,1000000.0,240,120,0,0,2,2,3,0,0,6,0,0,0,0,64,0.3125,0.0,0,28,28,1.6564151760803372,0.0
cjson_parsestr,crash-4bc43971bd6edc594ffed0302830b5af8c784b1b,READ,2065825840,1000000.0,52,26,0,0,1,1,1,0,0,4,0,0,0,0,17,0.9411764705882353,0.29411764705882354,1,3,5,2.581013401577586,0.0
cjson_parsestr,crash-4cfb9c1f3c215a979be8710dc707c2739d6ab4c2,READ,2065825793,1000000.0,45,24,0,8,1,1,1,0,0,4,0,0,0,0,67,0.13432835820895522,0.0,56,45,54,1.0927776138126108,0.0
cjson_parsestr,crash-4fadcb9629a6914b0a9cde13eaf64e223692def7,READ,2069963322,1000000.0,242,121,0,0,5,5,5,0,0,14,0,0,0,0,64,0.984375,0.3125,0,3,7,3.4016168392293142,0.0
cjson_parsestr,crash-522435109fa94f98fdbf2c147b7ad54c08edd51b,READ,2065850658,1000000.0,40,20,0,0,1,1,1,0,0,4,0,0,0,0,14,1.0,0.21428571428571427,0,1,2,2.8073549220576037,0.0
cjson_parsestr,crash-547d8e2c9be1717d7c7cb3a5edfecb432edd969a,READ,2065850658,1000000.0,52,26,0,0,1,1,1,0,0,4,0,0,0,0,17,1.0,0.11764705882352941,0,2,5,2.9842341646524884,0.0
cjson_parsestr,crash-55f353f00178cb6b37e223e513401646235c0f8b,READ,2964369584,1000000.0,261,130,15,0,5,5,5,0,0,16,0,0,0,0,99,0.9292929292929293,0.43434343434343436,0,7,15,3.616752319668103,0.0707070707070707
cjson_parsestr,crash-56e6b16277b465530859e3abbb090c7297466e52,READ,2770483803,1000000.0,150,75,2,0,5,5,5,0,0,10,0,0,0,0,41,0.975609756097561,0.2926829268292683,0,4,5,3.005001411233919,0.024390243902439025
cjson_parsestr,crash-5929d5f50e409eb1e571fe3001cf317effe15702,READ,22626666670,1000000.0,286,158,19,4,11,11,11,0,0,116,0,0,0,0,1007,0.8907646474677259,0.5461767626613704,53,34,51,3.6458887401894775,0.030784508440913606
cjson_parsestr,crash-5af3e6912b379987c80da89a04bd4e8a9546d5f6,READ,2065834554,1000000.0,29,14,0,0,1,1,1,0,0,2,0,0,0,0,11,0.8181818181818182,0.36363636363636365,1,2,5,3.095795255000934,0.0
cjson_parsestr,crash-5deac6692006a538a81e94c025a0cab93edef143,READ,1099511627776,1000000.0,85,43,1,0,4,4,4,0,0,2,0,0,0,0,25,0.92,0.52,0,2,13,3.7230741894285697,0.0
cjson_parsestr,crash-60acd98e483a876791214ced63aa99c0250cffbc,READ,2964369584,1000000.0,230,115,14,0,5,5,5,0,0,12,0,0,0,0,61,0.8852459016393442,0.29508196721311475,0,7,15,3.470131494476367,0.11475409836065574
cjson_parsestr,crash-636e9d736241e2d7b0860a33ca6f3e080157729e,READ,2069561373,1000000.0,84,41,0,5,5,5,5,0,0,8,0,0,0,0,31,0.5483870967741935,0.0,11,7,7,2.516663316537288,0.0
cjson_parsestr,crash-65072772f42fba1d4da744a99b9eee0882ab52d9,READ,2164810018,1000000.0,186,97,2,17,1,1,1,0,0,20,0,0,0,0,180,0.5166666666666667,0.027777777777777776,72,7,19,3.343151344902953,0.03333333333333333
cjson_parsestr,crash-65e128761968c26f5e405caee747aa520368e808,READ,4294957858,1000000.0,150,75,10,0,3,3,3,0,0,6,0,0,0,0,41,0.6829268292682927,0.2682926829268293,0,5,6,3.656366493353341,0.12195121951219512
cjson_parsestr,crash-680a6c1a70106f5528f1afe6971423effc80bed0,READ,2065848098,1000000.0,45,22,0,1,1,1,1,0,0,2,0,0,0,0,15,0.8666666666666667,0.4666666666666667,2,7,9,2.33012496531497,0.0
cjson_parsestr,crash-68f2192c9914bc549f75bb282ffe1c6eabbfb2ee,READ,4294956799,1000000.0,93,46,8,0,3,3,3,0,0,6,0,0,0,0,27,0.8518518518518519,0.18518518518518517,0,2,5,3.2538013905715863,0.14814814814814814
cjson_parsestr,crash-69836b27b8513b77efeeda2c133bda58be1e12dd,READ,4079123213,1000000.0,256,128,25,0,8,8,8,0,0,18,0,0,0,0,84,0.5833333333333334,0.0,0,6,9,3.211204769621508,0.30952380952380953
cjson_parsestr,crash-6bd040a67265f82686f39abb865be3a10da81c90,READ,2065850658,1000000.0,12,6,0,0,1,1,1,0,0,2,0,0,0,0,7,1.0,0.14285714285714285,0,1,1,2.521640636343318,0.0
cjson_parsestr,crash-6d66710e0c79fe81f591d214d8cd4dc9c43e6e5e,READ,2065838882,1000000.0,12,6,0,0,1,1,1,0,0,2,0,0,0,0,7,1.0,0.2857142857142857,0,1,1,2.521640636343318,0.0
cjson_parsestr,crash-70631decdc1acaad28992bc114efc67eac553f5c,READ,2065850658,1000000.0,35,17,0,1,1,1,1,0,0,2,0,0,0,0,13,0.5384615384615384,0.07692307692307693,4,2,6,2.931208948910323,0.0
cjson_parsestr,crash-7420cecf22050045b0ba39457b10a63945c325c3,READ,2149743390,1000000.0,32,16,2,0,1,1,1,0,0,2,0,0,0,0,12,0.75,0.0,1,1,5,3.4182958340544896,0.08333333333333333
cjson_parsestr,crash-7543625d2f108cfc76310fee76857671647f9633,READ,2065850658,1000000.0,48,24,0,0,1,1,2,0,0,4,0,0,0,0,16,1.0,0.1875,0,1,2,3.125,0.0
cjson_parsestr,crash-7650d6f333e3cb41eb1a4dc129854dfc97d5dc70,READ,2065850658,1000000.0,36,18,0,0,1,1,1,0,0,4,0,0,0,0,13,1.0,0.15384615384615385,0,1,1,2.6235166412180155,0.0
cjson_parsestr,crash-7755ef8175be0bfeeaf1cc77593a1b2b1d403280,READ,2964369584,1000000.0,345,191,23,0,13,13,13,0,0,170,0,0,0,0,1482,0.9129554655870445,0.562753036437247,45,34,51,3.6292718748227517,0.032388663967611336
cjson_parsestr,crash-78c39c17da7d4f005caa9c0cc81a4d2f9e7bae78,READ,3330286138,1000000.0,20,10,3,0,1,1,1,0,0,2,0,0,0,0,9,0.6666666666666666,0.1111111111111111,0,1,2,2.94770277922009,0.2222222222222222
cjson_parsestr,crash-7c0253cc39657d7c8f8c8cfb68c0c1258f79ff7a,READ,2069963322,1000000.0,16,8,0,0,1,1,1,0,0,2,0,0,0,0,8,1.0,0.125,0,1,1,2.5,0.0
cjson_parsestr,crash-7e279ee9847b72ed3186608f38734cb971e0c71d,READ,2065850658,1000000.0,50,25,0,2,1,1,1,0,0,2,0,0,0,0,20,0.55,0.25,7,6,13,2.6588718484453606,0.0
cjson_parsestr,crash-7fd01afde69dd7a223c244261906516df47bf989,READ,2065850658,1000000.0,12,6,0,0,1,1,1,0,0,2,0,0,0,0,7,1.0,0.14285714285714285,0,1,1,2.521640636343318,0.0
cjson_parsestr,crash-814eb2f765fdbb2b42dde0cb651813888e366326,READ,2065840674,1000000.0,52,26,0,0,1,1,2,0,0,2,0,0,0,0,17,0.5294117647058824,0.058823529411764705,0,2,3,3.1692486956952326,0.0
cjson_parsestr,crash-82ec1577dadbe6c6f063b5b7120eaaea9fbcfcfb,READ,2964369584,1000000.0,346,192,26,0,18,18,18,0,0,184,0,0,0,0,1747,0.8196908986834573,0.5031482541499713,220,47,103,3.6467037816664316,0.03319977103606182
cjson_parsestr,crash-847208c61c803a899ade58aaa8a7bdc332418f44,READ,2065837153,1000000.0,38,18,0,4,1,1,1,0,0,2,0,0,0,0,16,0.625,0.0625,6,4,4,2.6556390622295662,0.0
cjson_parsestr,crash-856477c750f110a5e663fffd1bbce296e24849a1,READ,1099511627776,1000000.0,266,137,5,0,1,1,1,0,0,2,0,0,0,0,125,0.976,0.816,0,6,17,3.159539262555066,0.0
cjson_parsestr,crash-88cd04caa32f8a6e8748c1679bf713c7c04150b6,READ,3834389050,1000000.0,177,89,4,0,1,1,1,0,0,6,0,0,0,0,48,0.7083333333333334,0.20833333333333334,0,7,8,3.380746797244808,0.041666666666666664
cjson_parsestr,crash-8a7237a31b1703b938e02bdec85b0b3ad28449d3,READ,2065850658,1000000.0,25,12,0,0,1,1,1,0,0,2,0,0,0,0,10,0.8,0.2,1,2,2,2.9219280948873623,0.0
cjson_parsestr,crash-8cc8d927bcd653a10894c8a3580f14f5ec291fe1,READ,2065855266,1000000.0,39,18,0,2,1,1,1,0,0,2,0,0,0,0,14,0.7142857142857143,0.2857142857142857,2,3,8,3.1820058147602133,0.0
cjson_parsestr,crash-8d5e3e6c595e9739bfbe244ad105729d7745ddf2,READ,3330286138,1000000.0,41,21,3,0,1,1,1,0,0,2,0,0,0,0,14,0.8571428571428571,0.5,0,1,7,3.3787834934861753,0.14285714285714285
cjson_parsestr,crash-8de169ce85ed2defed0abb446bbda6b0e28b9810,READ,2067407483,1000000.0,20,10,0,0,1,1,1,0,0,2,0,0,0,0,9,0.8888888888888888,0.1111111111111111,0,1,1,2.5032583347756456,0.0
cjson_parsestr,crash-92834c51193662b41c5250650a390440bffcfda3,READ,2964369584,1000000.0,263,133,21,0,7,7,7,0,0,22,0,0,0,0,169,0.8461538461538461,0.4378698224852071,8,10,22,3.9392512861253812,0.07692307692307693
cjson_parsestr,crash-943c091184cc1211f24ea6e659803821c833948e,READ,2065850658,1000000.0,26,12,0,2,1,1,1,0,0,2,0,0,0,0,15,0.4666666666666667,0.06666666666666667,7,7,9,2.4634582986483036,0.0
cjson_parsestr,crash-98113a57084b907315bfe8bb6c9524efc6e5d624,READ,2065840737,1000000.0,32,16,0,0,1,1,1,0,0,2,0,0,0,0,12,0.9166666666666666,0.08333333333333333,0,3,1,2.8553885422075336,0.0
cjson_parsestr,crash-98fdf40dc4c8bbbd721c25191fe357922652e4ee,READ,3330286138,1000000.0,33,16,3,0,1,1,1,0,0,2,0,0,0,0,12,0.8333333333333334,0.4166666666666667,0,2,5,3.0220552088742005,0.16666666666666666
cjson_parsestr,crash-9c3739ed22aceef415d98d394d3f0d3af8d4f84b,READ,2065834526,1000000.0,16,8,0,0,1,1,1,0,0,4,0,0,0,0,8,0.875,0.0,0,2,1,2.0,0.0
cjson_parsestr,crash-9d982ed98f5925577aea8e65fbe22cb7bdd24679,READ,2067407460,1000000.0,76,38,0,0,3,3,3,0,0,8,0,0,0,0,23,1.0,0.08695652173913043,0,1,1,2.664653803789036,0.0
cjson_parsestr,crash-9f8b4b43cd9bdedacc7ac039e48096b014fa2d89,READ,2120360506,1000000.0,48,24,0,0,3,3,3,0,0,4,0,0,0,0,16,1.0,0.1875,0,1,2,3.0,0.0
cjson_parsestr,crash-a03f3cf79ed1f871ddf0359dfe4c0eb8a10ab43d,READ,2065834554,1000000.0,20,10,0,0,2,2,2,0,0,4,0,0,0,0,9,1.0,0.0,0,2,1,2.2810361125534233,0.0
cjson_parsestr,crash-a2fe716461a67fd11a3f5ce686f9e50ec6a9746a,READ,11426666566,1000000.0,315,168,22,0,13,13,13,0,0,114,0,0,0,0,1276,0.70141065830721,0.4318181818181818,312,47,103,3.5140363309791374,0.03369905956112853
cjson_parsestr,crash-a43bbc01018e6ac2c441d2caf3d40dbd43ceb8af,READ,1099511627776,1000000.0,138,70,1,0,1,1,1,0,0,2,0,0,0,0,38,0.9473684210526315,0.7631578947368421,1,20,30,1.7115600776958577,0.0
cjson_parsestr,crash-a56ca1dc97e4302e9ca00baf25b6603cd908bf14,READ,57226666667,1000000.0,263,133,6,0,3,3,3,0,0,10,0,0,0,0,112,0.8928571428571429,0.5714285714285714,6,6,18,3.576698320806599,0.026785714285714284
cjson_parsestr,crash-a95b8b1dfe302f2579f2cf9528bc3815e474365d,READ,2066493787,1000000.0,68,34,0,0,3,3,3,0,0,6,0,0,0,0,21,1.0,0.19047619047619047,0,1,1,2.8792489698826964,0.0
cjson_parsestr,crash-aa43cc26512e860895f9ab85d52752262156ed83,READ,2065838882,1000000.0,16,8,0,0,2,2,2,0,0,2,0,0,0,0,8,1.0,0.25,0,1,1,2.75,0.0
cjson_parsestr,crash-adcac5ce8edc1b6c41dc05bdbaffa558099d1209,READ,2105224285,1000000.0,232,117,0,11,3,3,9,0,0,4,0,0,0,0,89,0.550561797752809,0.033707865168539325,27,2,5,3.1938703354779765,0.0
cjson_parsestr,crash-b41459149f3b35d43dfd214dac7913f3569f6b17,READ,2065834554,1000000.0,16,8,0,0,2,2,2,0,0,2,0,0,0,0,8,1.0,0.25,0,2,2,2.75,0.0
cjson_parsestr,crash-b57b3425cbc4990cf326bf996ba6ef54520ef84c,READ,3330286138,1000000.0,47,22,3,4,1,1,1,0,0,2,0,0,0,0,17,0.5882352941176471,0.29411764705882354,4,3,10,3.381580488309163,0.11764705882352941
cjson_parsestr,crash-b5e01fb9cd13d298afebed75e646f13124265287,READ,2066493787,1000000.0,88,44,0,0,3,3,3,0,0,8,0,0,0,0,26,1.0,0.19230769230769232,0,2,1,2.7773627950641693,0.0
cjson_parsestr,crash-b8dd80e62a480853fbe54108cc5f953a17354d25,READ,2065840704,1000000.0,43,22,0,2,1,1,1,0,0,2,0,0,0,0,16,0.5625,0.0625,4,2,2,2.952819531114783,0.0
cjson_parsestr,crash-b917478160a63191bbaf307cfe5257e1f9053864,READ,3324131853,1000000.0,16,8,1,0,1,1,1,0,0,2,0,0,0,0,8,0.75,0.125,0,1,1,2.75,0.125
cjson_parsestr,crash-bb96ce845b3f54d7859a257e25ab53ffb9ffc37a,READ,2069584640,1000000.0,68,34,0,0,5,5,5,0,0,2,0,0,0,0,21,0.7619047619047619,0.047619047619047616,5,2,2,2.869737972729375,0.0
cjson_parsestr,crash-bbdfa0e95effc235ffa2809f5b9fdfb0bc518e58,READ,2065834554,1000000.0,20,10,0,0,1,1,2,0,0,2,0,0,0,0,9,0.8888888888888888,0.1111111111111111,0,2,1,2.94770277922009,0.0
cjson_parsestr,crash-bcb944efbc246f723c54fe1c14324d5823f61c8e,READ,2067407483,1000000.0,209,114,0,0,7,7,7,0,0,4,0,0,0,0,61,0.5737704918032787,0.14754098360655737,11,2,2,3.2551264637746606,0.0
cjson_parsestr,crash-bfa5604c10e336a084bd3224ee83f71b1acb5fed,READ,2065834554,1000000.0,242,122,0,4,4,4,4,0,0,2,0,0,0,0,76,0.15789473684210525,0.013157894736842105,11,47,53,1.906750965169652,0.0
cjson_parsestr,crash-c18e94e0cbb6ed5b4ec75b539b565cd1a13912bf,READ,3419092736,1000000.0,72,35,6,1,1,1,1,0,0,2,0,0,0,0,22,0.7272727272727273,0.13636363636363635,3,2,14,3.7544418457133455,0.13636363636363635
cjson_parsestr,crash-c26ac2e83bc11b0eb7923250c5c431f7d1ef79dd,READ,2105227810,1000000.0,12,6,0,0,1,1,2,0,0,2,0,0,0,0,7,1.0,0.0,0,2,0,2.2359263506290326,0.0
cjson_parsestr,crash-c528e6f2ba41a8de5e2514c12f11b33c4eaca307,READ,2065855266,1000000.0,18,9,0,1,1,1,1,0,0,2,0,0,0,0,9,0.7777777777777778,0.1111111111111111,2,2,2,2.725480556997868,0.0
cjson_parsestr,crash-c68f6b59469430599b768727c8b08a37841c5315,READ,2066555450,1000000.0,24,12,0,0,1,1,1,0,0,2,0,0,0,0,10,0.8,0.1,1,1,2,2.9219280948873623,0.0
cjson_parsestr,crash-c7d20babb1a3c1f8f75aabd270a1bac3eaa9c2f2,READ,2065855266,1000000.0,12,6,0,0,1,1,1,0,0,2,0,0,0,0,7,1.0,0.14285714285714285,0,1,1,2.521640636343318,0.0
cjson_parsestr,crash-cabd34e97c4f7708a1554748d5f080c6b9f20100,READ,2065850658,1000000.0,16,8,0,0,2,2,2,0,0,2,0,0,0,0,8,1.0,0.125,0,1,1,2.75,0.0
cjson_parsestr,crash-cb6889e150f114c3e06b878c57e20705c0099cce,READ,2065850658,1000000.0,41,21,0,0,2,2,2,0,0,2,0,0,0,0,14,0.9285714285714286,0.42857142857142855,1,3,7,3.0930692077718898,0.0
cjson_parsestr,crash-cc2fec796645c8b8c563c8ed5cc69a84810bcb59,READ,57226666667,1000000.0,276,142,6,0,5,5,5,0,0,24,0,0,0,0,291,0.9140893470790378,0.6254295532646048,12,6,26,3.4549823908139725,0.030927835051546393
cjson_parsestr,crash-cef4db34c4f4c74d6ea2984d81d033d63dd8eeb1,READ,2385206562,1000000.0,28,14,2,0,1,1,2,0,0,2,0,0,0,0,11,0.8181818181818182,0.0,0,1,2,3.095795255000934,0.09090909090909091
cjson_parsestr,crash-d04caf69d9ff2df4a021da3b5a5a0155ec47f3fa,READ,2964369584,1000000.0,267,133,17,0,9,9,9,0,0,36,0,0,0,0,220,0.8954545454545455,0.41818181818181815,0,10,14,3.5167936847708128,0.09545454545454546
cjson_parsestr,crash-d14867cc7ed431ab9030cbe36aa22d464cd55877,READ,2065850721,1000000.0,24,12,0,0,1,1,1,0,0,2,0,0,0,0,10,1.0,0.2,0,2,3,2.9219280948873623,0.0
cjson_parsestr,crash-d3e17211580026e5513d5cc7856aa1ab1fcae13b,READ,2067407483,1000000.0,41,21,0,0,1,1,1,0,0,2,0,0,0,0,14,0.9285714285714286,0.42857142857142855,0,5,7,2.5495234595978316,0.0
cjson_parsestr,crash-d4ce8cb98ddc1eea1527e875b6892059bf465ce0,READ,2067407483,1000000.0,83,42,0,0,3,3,3,0,0,4,0,0,0,0,25,0.72,0.12,3,1,2,3.2430741894285697,0.0
cjson_parsestr,crash-d58ffbe0fac06f26d25f99a046d61ea8f9eb1b61,READ,2065834554,1000000.0,29,14,0,0,2,2,2,0,0,2,0,0,0,0,11,1.0,0.45454545454545453,0,3,5,2.550340709546388,0.0
cjson_parsestr,crash-d5af0848bdd1bb1104d452d4b68c34569a6bdc33,READ,3324120320,1000000.0,25,12,1,0,1,1,1,0,0,2,0,0,0,0,10,0.7,0.2,1,1,2,3.1219280948873624,0.1
cjson_parsestr,crash-d6c62c1152a23c1095d96169b2011ede221b63b1,READ,4007264257,1000000.0,105,50,4,6,1,1,1,0,0,6,0,0,0,0,45,0.4888888888888889,0.13333333333333333,20,13,14,2.759233387202385,0.044444444444444446
cjson_parsestr,crash-db28e79fa10b1cf4cb5705ba607dc7db0122f122,READ,2788631163,1000000.0,24,12,2,0,1,1,1,0,0,2,0,0,0,0,10,0.7,0.2,1,1,2,3.1219280948873624,0.1
cjson_parsestr,crash-dc2fc0049bdc76d2f5566f317f9cdfb664311ee8,READ,2065840674,1000000.0,24,12,0,0,1,1,1,0,0,2,0,0,0,0,10,0.9,0.2,0,1,4,2.9219280948873623,0.0
cjson_parsestr,crash-dcd7f68c8f9de83524df98c0e0723ba57d5af0fc,READ,2065850658,1000000.0,60,30,0,0,1,1,2,0,0,4,0,0,0,0,19,0.8947368421052632,0.15789473684210525,1,1,2,3.221097250057957,0.0
cjson_parsestr,crash-de940cbb0ca85dd2e9c58484588012baec10df43,READ,2065850658,1000000.0,21,10,0,0,1,1,1,0,0,2,0,0,0,0,9,1.0,0.3333333333333333,0,2,3,2.725480556997868,0.0
cjson_parsestr,crash-df7db2524878ba4697609a30994c9b149c52a31c,READ,2066948666,1000000.0,48,24,0,0,1,1,1,0,0,4,0,0,0,0,16,0.875,0.0625,0,1,1,2.75,0.0
cjson_parsestr,crash-e13a407f28d831b13fd90de7f1b5aad5681df7c1,READ,2964369584,1000000.0,235,117,13,4,4,4,4,0,0,12,0,0,0,0,72,0.8055555555555556,0.3333333333333333,7,7,20,3.539427546843361,0.08333333333333333
cjson_parsestr,crash-e324d07d53653249bef9f3114bb2db2bda4cc2b9,READ,2065850658,1000000.0,40,20,0,0,1,1,1,0,0,4,0,0,0,0,14,1.0,0.21428571428571427,0,2,2,2.610577243331642,0.0
cjson_parsestr,crash-e45d15ca97f94fdf9c05050ce2c14f7477e0fc49,READ,1099511627776,1000000.0,263,133,16,0,5,5,5,0,0,18,0,0,0,0,134,0.9477611940298507,0.5447761194029851,0,9,19,3.312012351486504,0.05223880597014925
cjson_parsestr,crash-e549f0764138565c9785b73a1b66757059a53463,READ,2065841698,1000000.0,16,8,0,0,1,1,1,0,0,2,0,0,0,0,8,0.875,0.125,0,1,1,2.75,0.0
cjson_parsestr,crash-e72459617d76e659c7d3c39d2ff3ce9c68d74b3b,READ,3031741620,1000000.0,35,18,8,0,1,1,1,0,0,2,0,0,0,0,13,0.5384615384615384,0.07692307692307693,1,4,5,2.931208948910323,0.3076923076923077
cjson_parsestr,crash-e86ca5d134fb262b0a9015ec43c2ce861736402c,READ,4214891131,1000000.0,33,16,2,0,1,1,1,0,0,2,0,0,0,0,12,0.6666666666666666,0.16666666666666666,1,2,5,2.918295834054489,0.08333333333333333
cjson_parsestr,crash-e90bd2e221719871329f7a2db6650578f94c599c,READ,666600006000,1000000.0,237,119,34,0,1,1,1,0,0,4,0,0,0,0,63,0.6984126984126984,0.2857142857142857,0,7,52,3.659354829859466,0.2698412698412698
cjson_parsestr,crash-ea6f2cf4ea4075bd89af0e5119b5091cf47c68bb,READ,2067407483,1000000.0,164,81,0,3,1,1,1,0,0,2,0,0,0,0,46,0.21739130434782608,0.06521739130434782,5,21,3,1.9747363726809288,0.0
cjson_parsestr,crash-eb1964eec93ccae883a1b55d88b14c74e7795355,READ,2065834554,1000000.0,16,8,0,0,2,2,2,0,0,4,0,0,0,0,8,1.0,0.0,0,2,0,2.0,0.0
cjson_parsestr,crash-ec86f53fcbcee1fca0147c0f9f8785eba0f75f6a,READ,2065842210,1000000.0,29,14,0,0,1,1,1,0,0,2,0,0,0,0,11,1.0,0.45454545454545453,0,4,5,2.550340709546388,0.0
cjson_parsestr,crash-ed430fcb77419a733ae956e4ac71a94a0ddd8e49,READ,2067407483,1000000.0,36,18,0,4,1,1,1,0,0,2,0,0,0,0,18,0.4444444444444444,0.05555555555555555,7,6,8,2.744842531753244,0.0
cjson_parsestr,crash-ed959d06eca703350561633f0a86bbf75733caaf,READ,2065850465,1000000.0,44,22,0,0,1,1,2,0,0,2,0,0,0,0,15,0.8666666666666667,0.0,1,2,5,3.640223928941852,0.0
cjson_parsestr,crash-ef061477f219b7be30fdfe8f684f4b235714e175,READ,2065850658,1000000.0,25,12,0,0,1,1,1,0,0,2,0,0,0,0,10,1.0,0.4,0,2,4,2.9219280948873623,0.0
cjson_parsestr,crash-f06856a46368b300b4e3bcc9f5a333ef501cb89f,READ,1099511627776,1000000.0,319,188,39,1,1,1,1,0,0,6,0,0,0,0,1108,0.9972924187725631,0.776173285198556,1,117,133,3.3942558232163695,0.0018050541516245488
cjson_parsestr,crash-f0945f87843d2a6f7bac406e877fbbab9fe584fc,READ,2065850658,1000000.0,53,27,0,0,1,1,1,0,0,2,0,0,0,0,17,0.8823529411764706,0.5294117647058824,0,8,10,2.558051076544457,0.0
cjson_parsestr,crash-f4118f1ae22247b68c36be37f7a47e750e71580b,READ,2067407396,1000000.0,52,26,0,2,2,2,2,0,0,4,0,0,0,0,18,0.7222222222222222,0.05555555555555555,3,2,4,2.974937501201927,0.0
cjson_parsestr,crash-f4b9e3a7ef5d205af59ff40a05bc4f6c13302757,READ,2149726772,1000000.0,37,19,1,0,1,1,1,0,0,2,0,0,0,0,13,0.8461538461538461,0.46153846153846156,1,2,7,3.238901256602631,0.07692307692307693
cjson_parsestr,crash-f621345926aeb03d3a75d82fc2fb9635653baf3b,READ,2065834554,1000000.0,25,12,0,0,2,2,2,0,0,2,0,0,0,0,10,1.0,0.4,0,4,4,2.321928094887362,0.0
cjson_parsestr,crash-f6a67fd973c643891be25f3737373d71e73ea5cd,READ,4022058875,1000000.0,56,28,6,0,1,1,2,0,0,2,0,0,0,0,18,0.7222222222222222,0.2222222222222222,1,3,4,3.5724312513221195,0.16666666666666666
cjson_parsestr,crash-f75ea5fe1ca7314bf645a81c6c84fbf7b9ff8d3e,READ,2065850658,1000000.0,12,6,0,0,1,1,1,0,0,2,0,0,0,0,7,1.0,0.14285714285714285,0,1,1,2.521640636343318,0.0
cjson_parsestr,crash-f7c36549cc8d5715038124ee23c5c31b0b86d825,READ,2065850658,1000000.0,29,14,0,0,1,1,1,0,0,2,0,0,0,0,11,0.9090909090909091,0.36363636363636365,0,2,4,2.913977073182752,0.0
cjson_parsestr,crash-fe268d60289266aa78412fb1e76b4af1b26ab501,READ,2065850658,1000000.0,44,20,0,2,1,1,1,0,0,2,0,0,0,0,19,0.5263157894736842,0.21052631578947367,8,7,12,2.458453829233059,0.0
cjson_parsestr,crash-fec32087460b775a2929ce5f65a6fcc008f96a61,READ,1099511627776,1000000.0,81,41,1,0,1,1,1,0,0,2,0,0,0,0,24,1.0,0.75,0,15,18,1.8617022325423542,0.0
nanosvg_write,write-0000,WRITE,2037522466,1000000.0,256,128,0,0,0,0,0,0,0,10,0,0,0,0,2001,1.0,0.006496751624187906,0,2,8,1.383828772597555,0.0
nanosvg_write,write-0001,WRITE,1986477628,1000000.0,256,128,0,0,0,0,0,0,0,6,0,0,0,0,230,1.0,0.0391304347826087,0,83,169,2.1941621351825304,0.0
nanosvg_write,write-0002,WRITE,2037522466,1000000.0,257,128,0,0,0,0,0,0,0,12,0,0,0,0,769,1.0,0.015604681404421327,0,339,8,1.087822152028923,0.0
nanosvg_write,write-0003,WRITE,2036539426,1000000.0,256,128,0,0,0,0,0,0,0,8,0,0,0,0,168,0.9880952380952381,0.03571428571428571,0,53,6,2.52512162994138,0.0
nanosvg_write,write-0004,WRITE,2020557431,1000000.0,256,128,0,0,0,0,0,0,0,8,0,0,0,0,689,0.12917271407837447,0.020319303338171262,0,300,10,1.1820686744583748,0.0
nanosvg_write,write-0005,WRITE,2003395700,1000000.0,256,128,0,0,0,0,0,0,0,10,0,0,0,0,1063,1.0,0.012229539040451553,0,2,13,1.6745554577129635,0.0
nanosvg_write,write-0006,WRITE,2037522466,1000000.0,256,128,0,0,0,0,0,0,0,10,0,0,0,0,722,0.997229916897507,0.012465373961218837,0,323,7,0.9114524136917139,0.0
nanosvg_write,write-0007,WRITE,2020557431,1000000.0,256,128,0,0,0,0,0,0,0,6,0,0,0,0,369,0.994579945799458,0.02710027100271003,0,144,10,1.7911448749333114,0.0
nanosvg_write,write-0008,WRITE,2003395700,1000000.0,256,128,0,0,0,0,0,0,0,10,0,0,0,0,737,1.0,0.017639077340569877,0,324,13,1.0441359193274342,0.0
nanosvg_write,write-0009,WRITE,2036539426,1000000.0,256,128,0,0,0,0,0,0,0,12,0,0,0,0,1782,0.5252525252525253,0.007856341189674524,0,2,8,1.4691501198714125,0.0
nanosvg_write,write-0010,WRITE,2037522466,1000000.0,256,128,0,0,0,0,0,0,0,10,0,0,0,0,587,1.0,0.022146507666098807,0,2,8,2.0371068516010036,0.0
nanosvg_write,write-0011,WRITE,2036539426,1000000.0,256,128,0,0,0,0,0,0,0,10,0,0,0,0,554,0.9963898916967509,0.021660649819494584,0,237,8,1.1408530920896764,0.0
nanosvg_write,write-0012,WRITE,2037522466,1000000.0,256,128,0,0,0,0,0,0,0,8,0,0,0,0,355,1.0,0.030985915492957747,0,142,8,1.614720942811648,0.0
nanosvg_write,write-0013,WRITE,2003395700,1000000.0,256,128,0,0,0,0,0,0,0,10,0,0,0,0,250,1.0,0.048,0,2,10,3.227658080712462,0.0
nanosvg_write,write-0014,WRITE,2020557431,1000000.0,256,128,0,0,0,0,0,0,0,8,0,0,0,0,177,0.5254237288135594,0.07909604519774012,0,42,10,3.5300795589372473,0.0
nanosvg_write,write-0015,WRITE,2036539426,1000000.0,256,128,0,0,0,0,0,0,0,10,0,0,0,0,1030,0.9980582524271845,0.007766990291262136,0,478,959,0.7044953130292244,0.0
nanosvg_write,write-0016,WRITE,2036539426,1000000.0,256,128,0,0,0,0,0,0,0,10,0,0,0,0,888,0.08333333333333333,0.009009009009009009,0,406,8,0.8096130913723634,0.0
nanosvg_write,write-0017,WRITE,2003395700,1000000.0,256,128,0,0,0,0,0,0,0,6,0,0,0,0,558,1.0,0.014336917562724014,0,250,7,0.9038264620233607,0.0
nanosvg_write,write-0018,WRITE,2037149552,1000000.0,256,128,0,0,0,0,0,0,0,6,0,0,0,0,743,0.550471063257066,0.010767160161507403,0,1,10,1.8685389383722653,0.0
nanosvg_write,write-0019,WRITE,2037522466,1000000.0,256,128,0,0,0,0,0,0,0,6,0,0,0,0,251,0.9920318725099602,0.0199203187250996,0,99,7,1.5815017613441091,0.0
nanosvg_write,write-0020,WRITE,2037522466,1000000.0,256,128,0,0,0,0,0,0,0,12,0,0,0,0,238,1.0,0.037815126050420166,0,70,10,2.9072859339836405,0.0
nanosvg_write,write-0021,WRITE,2020557431,1000000.0,256,128,0,0,0,0,0,0,0,6,0,0,0,0,965,1.0,0.010362694300518135,0,2,13,1.60529921907497,0.0
nanosvg_write,write-0022,WRITE,2037149552,1000000.0,256,128,0,0,0,0,0,0,0,4,0,0,0,0,1390,1.0,0.005035971223021582,0,2,7,1.3606027927410487,0.0
nanosvg_write,write-0023,WRITE,2037149552,1000000.0,256,128,0,0,0,0,0,0,0,6,0,0,0,0,288,0.9930555555555556,0.04513888888888889,0,2,8,2.6133127547737804,0.0
nanosvg_write,write-0024,WRITE,1986477578,1000000.0,256,128,0,0,0,0,0,0,0,4,0,0,0,0,473,0.9957716701902748,0.008456659619450317,0,2,10,1.9328368171197614,0.0
nanosvg_write,write-0025,WRITE,2020557431,1000000.0,256,128,0,0,0,0,0,0,0,6,0,0,0,0,958,0.9979123173277662,0.013569937369519834,0,441,885,0.7668670262342858,0.0
nanosvg_write,write-0026,WRITE,2037149552,1000000.0,256,128,0,0,0,0,0,0,0,8,0,0,0,0,1040,0.9980769230769231,0.011538461538461539,0,477,7,0.7885773597324637,0.0
nanosvg_write,write-0027,WRITE,2020557431,1000000.0,256,128,0,0,0,0,0,0,0,6,0,0,0,0,229,0.9912663755458515,0.043668122270742356,0,76,13,2.263355587243519,0.0
nanosvg_write,write-0028,WRITE,2037149552,1000000.0,256,128,0,0,0,0,0,0,0,8,0,0,0,0,1120,1.0,0.010714285714285714,0,2,7,1.5853658140135825,0.0
nanosvg_write,write-0029,WRITE,2020557431,1000000.0,256,128,0,0,0,0,0,0,0,6,0,0,0,0,265,0.9924528301886792,0.03773584905660377,0,2,10,2.841154361299722,0.0
nanosvg_write,write-0030,WRITE,2037149552,1000000.0,256,128,0,0,0,0,0,0,0,8,0,0,0,0,522,0.9961685823754789,0.028735632183908046,0,2,8,2.185546272894538,0.0
nanosvg_write,write-0031,WRITE,2003395700,1000000.0,257,128,0,0,0,0,0,0,0,10,0,0,0,0,498,0.18473895582329317,0.028112449799196786,0,202,8,1.6224424804790714,0.0
nanosvg_write,write-0032,WRITE,2037149552,1000000.0,256,128,0,0,0,0,0,0,0,8,0,0,0,0,555,0.16756756756756758,0.025225225225225224,0,231,13,1.4456577782697022,0.0
nanosvg_write,write-0033,WRITE,2020557431,1000000.0,256,128,0,0,0,0,0,0,0,6,0,0,0,0,1925,1.0,0.005194805194805195,0,2,13,1.3379362352405724,0.0
nanosvg_write,write-0034,WRITE,2037522466,1000000.0,256,128,0,0,0,0,0,0,0,10,0,0,0,0,672,0.9970238095238095,0.017857142857142856,0,2,10,2.0475571235777177,0.0
nanosvg_write,write-0035,WRITE,2020557431,1000000.0,256,128,0,0,0,0,0,0,0,6,0,0,0,0,362,0.994475138121547,0.03591160220994475,0,2,8,2.316148777905398,0.0
nanosvg_write,write-0036,WRITE,2037522466,1000000.0,256,128,0,0,0,0,0,0,0,10,0,0,0,0,820,1.0,0.014634146341463415,0,363,10,1.046328959757409,0.0
nanosvg_write,write-0037,WRITE,1986477578,1000000.0,256,128,0,0,0,0,0,0,0,2,0,0,0,0,906,0.04194260485651214,0.0033112582781456954,0,433,5,0.4519592853726468,0.0
nanosvg_write,write-0038,WRITE,2036539426,1000000.0,256,128,0,0,0,0,0,0,0,14,0,0,0,0,399,0.9949874686716792,0.03007518796992481,0,2,10,2.678474127316351,0.0
nanosvg_write,write-0039,WRITE,2036539426,1000000.0,256,128,0,0,0,0,0,0,0,10,0,0,0,0,1304,0.9984662576687117,0.006134969325153374,0,2,8,1.4745100583446744,0.0
nanosvg_write,write-0040,WRITE,2037522466,1000000.0,256,128,0,0,0,0,0,0,0,10,0,0,0,0,1249,1.0,0.010408326661329063,0,2,8,1.6068798804565292,0.0
nanosvg_write,write-0041,WRITE,2036539426,1000000.0,256,128,0,0,0,0,0,0,0,8,0,0,0,0,594,0.9966329966329966,0.010101010101010102,0,265,533,0.961466984909158,0.0
nanosvg_write,write-0042,WRITE,2037522466,1000000.0,256,128,0,0,0,0,0,0,0,8,0,0,0,0,1840,1.0,0.003260869565217391,0,2,13,1.3772752582986858,0.0
nanosvg_write,write-0043,WRITE,2037522466,1000000.0,256,128,0,0,0,0,0,0,0,8,0,0,0,0,361,0.9944598337950139,0.030470914127423823,0,144,8,1.5086317926189639,0.0
nanosvg_write,write-0044,WRITE,2020557431,1000000.0,256,128,0,0,0,0,0,0,0,6,0,0,0,0,503,0.9960238568588469,0.019880715705765408,0,213,10,1.3480826847515137,0.0
nanosvg_write,write-0045,WRITE,2020557431,1000000.0,256,128,0,0,0,0,0,0,0,6,0,0,0,0,271,1.0,0.03690036900369004,0,2,10,2.7587683386542454,0.0
nanosvg_write,write-0046,WRITE,2037149552,1000000.0,256,128,0,0,0,0,0,0,0,10,0,0,0,0,655,0.9969465648854962,0.01984732824427481,0,275,553,1.4216028476299263,0.0
nanosvg_write,write-0047,WRITE,2037149552,1000000.0,256,128,0,0,0,0,0,0,0,8,0,0,0,0,610,0.14754098360655737,0.02459016393442623,0,259,8,1.3313426161096213,0.0
nanosvg_write,write-0048,WRITE,2037149552,1000000.0,256,128,0,0,0,0,0,0,0,6,0,0,0,0,457,0.16411378555798686,0.0175054704595186,0,190,13,1.4589406861625962,0.0
nanosvg_write,write-0049,WRITE,2037149552,1000000.0,256,128,0,0,0,0,0,0,0,6,0,0,0,0,659,1.0,0.012139605462822459,0,292,10,0.9983439429359321,0.0
nanosvg_write,write-0050,WRITE,2037522466,1000000.0,256,128,0,0,0,0,0,0,0,8,0,0,0,0,1325,0.5275471698113208,0.00830188679245283,0,2,8,1.4965524772511867,0.0
nanosvg_write,write-0051,WRITE,2020557431,1000000.0,256,128,0,0,0,0,0,0,0,8,0,0,0,0,1866,0.5230439442658092,0.008038585209003215,0,2,8,1.4493747849024667,0.0
nanosvg_write,write-0052,WRITE,2037149552,990349.8065143413,256,128,0,0,0,0,0,0,0,6,0,0,0,0,2057,0.5177442877977637,0.003889158969372873,0,1,13,1.3435036853889541,0.0
nanosvg_write,write-0053,WRITE,2003395700,1000000.0,256,128,0,0,0,0,0,0,0,6,0,0,0,0,396,1.0,0.020202020202020204,0,168,7,1.3024187550659532,0.0
nanosvg_write,write-0054,WRITE,2036539426,1000000.0,256,128,0,0,0,0,0,0,0,10,0,0,0,0,875,1.0,0.008,0,1,10,1.7122452400195372,0.0
nanosvg_write,write-0055,WRITE,2036539426,1000000.0,256,128,0,0,0,0,0,0,0,12,0,0,0,0,1041,1.0,0.012487992315081652,0,471,10,0.8230558880717562,0.0
nanosvg_write,write-0056,WRITE,2037149552,1000000.0,256,128,0,0,0,0,0,0,0,6,0,0,0,0,1470,1.0,0.006122448979591836,0,2,8,1.437722191788654,0.0
nanosvg_write,write-0057,WRITE,2036539426,1000000.0,257,128,0,0,0,0,0,0,0,14,0,0,0,0,409,0.9951100244498777,0.029339853300733496,0,154,311,1.948560337819883,0.0
nanosvg_write,write-0058,WRITE,2036539426,1000000.0,256,128,0,0,0,0,0,0,0,12,0,0,0,0,1070,0.08598130841121496,0.013084112149532711,0,489,8,0.81377753007583,0.0
nanosvg_write,write-0059,WRITE,2037522466,1000000.0,256,128,0,0,0,0,0,0,0,8,0,0,0,0,405,0.5851851851851851,0.01728395061728395,0,2,8,2.2757337050148405,0.0
nanosvg_write,write-0060,WRITE,2037149552,1000000.0,256,128,0,0,0,0,0,0,0,6,0,0,0,0,241,0.991701244813278,0.03319502074688797,0,84,13,2.284713208998092,0.0
nanosvg_write,write-0061,WRITE,1986477628,1000000.0,256,128,0,0,0,0,0,0,0,4,0,0,0,0,1223,1.0,0.003270645952575634,0,2,10,1.4091076181381623,0.0
nanosvg_write,write-0062,WRITE,2036539426,974420.7779904306,256,128,0,0,0,0,0,0,0,14,0,0,0,0,2090,1.0,0.006220095693779904,0,2,8,1.4438536226535743,0.0
nanosvg_write,write-0063,WRITE,2037149552,1000000.0,256,128,0,0,0,0,0,0,0,6,0,0,0,0,434,1.0,0.029953917050691243,0,179,361,1.467429628131531,0.0
nanosvg_write,write-0064,WRITE,2020557431,1000000.0,256,128,0,0,0,0,0,0,0,8,0,0,0,0,947,0.9978880675818373,0.014783526927138331,0,426,10,0.8580480390553492,0.0
nanosvg_write,write-0065,WRITE,2020557431,1000000.0,256,128,0,0,0,0,0,0,0,4,0,0,0,0,626,0.5463258785942492,0.01437699680511182,0,1,8,1.7648639773633363,0.0
nanosvg_write,write-0066,WRITE,2037522466,1000000.0,256,128,0,0,0,0,0,0,0,12,0,0,0,0,1744,1.0,0.006307339449541285,0,2,8,1.4586729187191383,0.0
nanosvg_write,write-0067,WRITE,2037522466,991495.1172749392,256,128,0,0,0,0,0,0,0,10,0,0,0,0,2055,0.9990267639902677,0.006326034063260341,0,2,8,1.3768351907001968,0.0
nanosvg_write,write-0068,WRITE,2037522466,1000000.0,256,128,0,0,0,0,0,0,0,8,0,0,0,0,443,0.9954853273137697,0.01580135440180587,0,2,8,2.1069533416772788,0.0
nanosvg_write,write-0069,WRITE,2036539426,1000000.0,256,128,0,0,0,0,0,0,0,14,0,0,0,0,1813,1.0,0.006618863761720904,0,1,10,1.49332217770634,0.0
nanosvg_write,write-0070,WRITE,2003395700,1000000.0,256,128,0,0,0,0,0,0,0,6,0,0,0,0,818,0.9975550122249389,0.009779951100244499,0,2,7,1.6345374702155968,0.0
nanosvg_write,write-0071,WRITE,1986477578,1000000.0,256,128,0,0,0,0,0,0,0,6,0,0,0,0,418,0.16267942583732056,0.0215311004784689,0,174,8,1.4545045589301837,0.0
nanosvg_write,write-0072,WRITE,2036539426,1000000.0,257,128,0,0,0,0,0,0,0,12,0,0,0,0,555,0.9963963963963964,0.018018018018018018,0,234,7,1.215113764399475,0.0
nanosvg_write,write-0073,WRITE,2003395700,1000000.0,256,128,0,0,0,0,0,0,0,10,0,0,0,0,924,0.9978354978354979,0.012987012987012988,0,413,10,0.9202441920049004,0.0
nanosvg_write,write-0074,WRITE,1986477578,1000000.0,256,128,0,0,0,0,0,0,0,6,0,0,0,0,227,0.6387665198237885,0.03524229074889868,0,2,13,2.963696066633897,0.0
nanosvg_write,write-0075,WRITE,2037149552,1000000.0,256,128,0,0,0,0,0,0,0,8,0,0,0,0,1266,0.9984202211690363,0.009478672985781991,0,2,7,1.5978414915155426,0.0
nanosvg_write,write-0076,WRITE,2037522466,1000000.0,256,128,0,0,0,0,0,0,0,10,0,0,0,0,1451,0.9986216402481047,0.00895933838731909,0,2,8,1.565882115873209,0.0
nanosvg_write,write-0077,WRITE,2037522466,1000000.0,256,128,0,0,0,0,0,0,0,10,0,0,0,0,1486,0.9986541049798116,0.008075370121130552,0,2,10,1.592231987855634,0.0
nanosvg_write,write-0078,WRITE,2037522466,1000000.0,256,128,0,0,0,0,0,0,0,8,0,0,0,0,960,0.9979166666666667,0.00625,0,2,13,1.622089170399201,0.0
nanosvg_write,write-0079,WRITE,2036539426,1000000.0,256,128,0,0,0,0,0,0,0,8,0,0,0,0,250,1.0,0.024,0,2,6,2.4006918448088697,0.0
nanosvg_write,write-0080,WRITE,2037522466,1000000.0,256,128,0,0,0,0,0,0,0,8,0,0,0,0,323,0.6099071207430341,0.034055727554179564,0,2,8,2.609967074697014,0.0
nanosvg_write,write-0081,WRITE,1986477578,1000000.0,256,128,0,0,0,0,0,0,0,2,0,0,0,0,692,0.9971098265895953,0.004335260115606936,0,2,5,1.4568138165976918,0.0
nanosvg_write,write-0082,WRITE,2037522466,1000000.0,256,128,0,0,0,0,0,0,0,8,0,0,0,0,195,1.0,0.05641025641025641,0,60,8,2.4408284370406177,0.0
nanosvg_write,write-0083,WRITE,2020557431,1000000.0,256,128,0,0,0,0,0,0,0,8,0,0,0,0,547,1.0,0.025594149908592323,0,2,10,2.254474639082229,0.0
nanosvg_write,write-0084,WRITE,2003395700,1000000.0,256,128,0,0,0,0,0,0,0,10,0,0,0,0,1538,0.9986996098829649,0.009102730819245773,0,1,8,1.5025940646564517,0.0
nanosvg_write,write-0085,WRITE,2037149552,1000000.0,256,128,0,0,0,0,0,0,0,6,0,0,0,0,447,0.9955257270693513,0.017897091722595078,0,1,13,2.1888317747352333,0.0
nanosvg_write,write-0086,WRITE,2036539426,1000000.0,256,128,0,0,0,0,0,0,0,14,0,0,0,0,816,0.12009803921568628,0.015931372549019607,0,359,8,1.089224498652183,0.0
nanosvg_write,write-0087,WRITE,1986477578,1000000.0,256,128,0,0,0,0,0,0,0,4,0,0,0,0,765,0.9973856209150327,0.00522875816993464,0,356,13,0.6887910645590258,0.0
nanosvg_write,write-0088,WRITE,2037149552,1000000.0,256,128,0,0,0,0,0,0,0,6,0,0,0,0,245,1.0,0.0326530612244898,0,87,13,2.1911116026775277,0.0
nanosvg_write,write-0089,WRITE,2020557431,1000000.0,256,128,0,0,0,0,0,0,0,8,0,0,0,0,727,0.9972489683631361,0.01925722145804677,0,316,635,1.1902508787469794,0.0
nanosvg_write,write-0090,WRITE,2003395700,1000000.0,256,128,0,0,0,0,0,0,0,6,0,0,0,0,1216,0.9983552631578947,0.006578947368421052,0,2,7,1.4418895533087426,0.0
nanosvg_write,write-0091,WRITE,2037522466,1000000.0,256,128,0,0,0,0,0,0,0,8,0,0,0,0,1077,0.9981429897864438,0.0064995357474466105,0,2,8,1.5492923652472046,0.0
nanosvg_write,write-0092,WRITE,2037522466,1000000.0,256,128,0,0,0,0,0,0,0,12,0,0,0,0,824,1.0,0.013349514563106795,0,2,13,1.8567470726467434,0.0
nanosvg_write,write-0093,WRITE,2037149552,1000000.0,256,128,0,0,0,0,0,0,0,10,0,0,0,0,414,0.9951690821256038,0.028985507246376812,0,2,10,2.7688764267533874,0.0
nanosvg_write,write-0094,WRITE,2003395700,1000000.0,256,128,0,0,0,0,0,0,0,10,0,0,0,0,671,0.9970193740685543,0.019374068554396422,0,2,10,2.052247455564058,0.0
nanosvg_write,write-0095,WRITE,1986477578,1000000.0,256,128,0,0,0,0,0,0,0,4,0,0,0,0,1536,0.9986979166666666,0.004557291666666667,0,1,7,1.3199457393937808,0.0
nanosvg_write,write-0096,WRITE,2037522466,1000000.0,256,128,0,0,0,0,0,0,0,8,0,0,0,0,1108,1.0,0.005415162454873646,0,2,13,1.5350291116385837,0.0
nanosvg_write,write-0097,WRITE,1986477578,1000000.0,256,128,0,0,0,0,0,0,0,4,0,0,0,0,208,0.2403846153846154,0.03365384615384615,0,78,7,1.983843222201229,0.0
nanosvg_write,write-0098,WRITE,2037149552,1000000.0,256,128,0,0,0,0,0,0,0,6,0,0,0,0,1845,0.5197831978319783,0.004336043360433604,0,2,13,1.396684141987735,0.0
nanosvg_write,write-0099,WRITE,2037522466,1000000.0,256,128,0,0,0,0,0,0,0,12,0,0,0,0,342,1.0,0.03216374269005848,0,125,253,2.0838927864179735,0.0
nanosvg_write,write-0100,WRITE,2020557431,1000000.0,256,128,0,0,0,0,0,0,0,6,0,0,0,0,541,1.0,0.018484288354898338,0,1,10,2.1175973296419195,0.0
nanosvg_write,write-0101,WRITE,2003395700,1000000.0,257,128,0,0,0,0,0,0,0,8,0,0,0,0,389,1.0,0.02313624678663239,0,1,13,2.4228301886875654,0.0
nanosvg_write,write-0102,WRITE,2020557431,1000000.0,256,128,0,0,0,0,0,0,0,6,0,0,0,0,795,1.0,0.012578616352201259,0,359,10,0.9130273780879623,0.0
nanosvg_write,write-0103,WRITE,2037522466,1000000.0,256,128,0,0,0,0,0,0,0,8,0,0,0,0,904,0.9977876106194691,0.00663716814159292,0,2,13,1.689913958042312,0.0
nanosvg_write,write-0104,WRITE,2037149552,1000000.0,256,128,0,0,0,0,0,0,0,4,0,0,0,0,630,1.0,0.011111111111111112,0,287,577,0.8394046439102969,0.0
nanosvg_write,write-0105,WRITE,2037522466,1000000.0,256,128,0,0,0,0,0,0,0,6,0,0,0,0,1941,0.9989696032972695,0.002575991756826378,0,2,7,1.2582529652867795,0.0
nanosvg_write,write-0106,WRITE,2003395700,1000000.0,257,128,0,0,0,0,0,0,0,6,0,0,0,0,672,0.9970238095238095,0.011904761904761904,0,303,7,0.9164113127214943,0.0
nanosvg_write,write-0107,WRITE,2037522466,1000000.0,256,128,0,0,0,0,0,0,0,10,0,0,0,0,915,0.09289617486338798,0.014207650273224045,0,414,8,0.899999544950276,0.0
nanosvg_write,write-0108,WRITE,2020557431,1000000.0,256,128,0,0,0,0,0,0,0,6,0,0,0,0,815,0.9975460122699387,0.012269938650306749,0,1,10,1.823270321961634,0.0
nanosvg_write,write-0109,WRITE,2003395700,1000000.0,256,128,0,0,0,0,0,0,0,8,0,0,0,0,943,1.0,0.009544008483563097,0,432,867,0.8148286856121262,0.0
nanosvg_write,write-0110,WRITE,2036539426,1000000.0,256,128,0,0,0,0,0,0,0,10,0,0,0,0,435,1.0,0.016091954022988506,0,2,13,2.1748236763017283,0.0
nanosvg_write,write-0111,WRITE,2037522466,1000000.0,256,128,0,0,0,0,0,0,0,10,0,0,0,0,1443,0.9986139986139986,0.009009009009009009,0,2,8,1.5080606322986259,0.0
nanosvg_write,write-0112,WRITE,1986477578,1000000.0,256,128,0,0,0,0,0,0,0,6,0,0,0,0,1889,0.9989412387506618,0.004235044997353097,0,2,10,1.3900875719172485,0.0
nanosvg_write,write-0113,WRITE,2037522466,1000000.0,256,128,0,0,0,0,0,0,0,12,0,0,0,0,1814,0.9988974641675854,0.006063947078280044,0,2,8,1.4859047519675335,0.0
nanosvg_write,write-0114,WRITE,2020557431,1000000.0,256,128,0,0,0,0,0,0,0,6,0,0,0,0,1290,0.5271317829457365,0.008527131782945736,0,1,8,1.5043299389957387,0.0
nanosvg_write,write-0115,WRITE,2037522466,1000000.0,256,128,0,0,0,0,0,0,0,10,0,0,0,0,1859,0.9989241527703067,0.006993006993006993,0,2,8,1.4102741280348499,0.0
nanosvg_write,write-0116,WRITE,2037149552,1000000.0,256,128,0,0,0,0,0,0,0,10,0,0,0,0,429,1.0,0.030303030303030304,0,167,337,1.832037767467444,0.0
nanosvg_write,write-0117,WRITE,2036539426,1000000.0,256,128,0,0,0,0,0,0,0,8,0,0,0,0,336,0.9940476190476191,0.017857142857142856,0,139,6,1.4113800917367487,0.0
nanosvg_write,write-0118,WRITE,2037522466,1000000.0,256,128,0,0,0,0,0,0,0,8,0,0,0,0,411,0.9951338199513382,0.0267639902676399,0,2,8,2.3363043439816327,0.0
nanosvg_write,write-0119,WRITE,2037522466,1000000.0,256,128,0,0,0,0,0,0,0,8,0,0,0,0,833,0.07803121248499399,0.008403361344537815,0,384,8,0.7564577687186944,0.0
nanosvg_write,write-0120,WRITE,2020557431,1000000.0,256,128,0,0,0,0,0,0,0,8,0,0,0,0,553,0.9963833634719711,0.02531645569620253,0,2,13,2.124119174242019,0.0
nanosvg_write,write-0121,WRITE,2020557431,1000000.0,256,128,0,0,0,0,0,0,0,6,0,0,0,0,1574,1.0,0.008259212198221092,0,2,8,1.366371917308834,0.0
nanosvg_write,write-0122,WRITE,2037522466,1000000.0,256,128,0,0,0,0,0,0,0,8,0,0,0,0,1745,0.9988538681948425,0.006303724928366762,0,2,8,1.3645029863643932,0.0
nanosvg_write,write-0123,WRITE,2037522466,1000000.0,257,128,0,0,0,0,0,0,0,10,0,0,0,0,447,0.17225950782997762,0.02237136465324385,0,185,7,1.4475856995191267,0.0
nanosvg_write,write-0124,WRITE,2037149552,1000000.0,256,128,0,0,0,0,0,0,0,6,0,0,0,0,1499,0.9986657771847899,0.00533689126084056,0,1,13,1.4387248290539285,0.0
nanosvg_write,write-0125,WRITE,2036539426,1000000.0,256,128,0,0,0,0,0,0,0,12,0,0,0,0,429,1.0,0.030303030303030304,0,166,10,1.6732963485748875,0.0
nanosvg_write,write-0126,WRITE,2037522466,1000000.0,256,128,0,0,0,0,0,0,0,8,0,0,0,0,1694,1.0,0.0035419126328217238,0,2,10,1.3948683223147809,0.0
nanosvg_write,write-0127,WRITE,2036539426,1000000.0,256,128,0,0,0,0,0,0,0,10,0,0,0,0,280,0.9928571428571429,0.02857142857142857,0,102,8,1.8820832900842699,0.0
nanosvg_write,write-0128,WRITE,2003395700,1000000.0,257,128,0,0,0,0,0,0,0,8,0,0,0,0,244,1.0,0.040983606557377046,0,86,8,2.1689360470349426,0.0
nanosvg_write,write-0129,WRITE,2037149552,1000000.0,256,128,0,0,0,0,0,0,0,6,0,0,0,0,1896,1.0,0.004746835443037975,0,1,8,1.3458756665322105,0.0
nanosvg_write,write-0130,WRITE,2037522466,1000000.0,256,128,0,0,0,0,0,0,0,8,0,0,0,0,1207,0.5310687655343828,0.009113504556752278,0,2,8,1.5773199662898159,0.0
nanosvg_write,write-0131,WRITE,1986477600,1000000.0,256,128,0,0,0,0,0,0,0,6,0,0,0,0,813,0.08241082410824108,0.00984009840098401,0,373,13,0.8068341737672718,0.0
nanosvg_write,write-0132,WRITE,2036539426,1000000.0,256,128,0,0,0,0,0,0,0,10,0,0,0,0,433,0.9953810623556582,0.016166281755196306,0,1,13,2.2367996684660088,0.0
nanosvg_write,write-0133,WRITE,2037149552,1000000.0,256,128,0,0,0,0,0,0,0,6,0,0,0,0,400,0.995,0.0225,0,164,331,1.539654476003126,0.0
nanosvg_write,write-0134,WRITE,2037149552,1000000.0,256,128,0,0,0,0,0,0,0,10,0,0,0,0,748,1.0,0.01871657754010695,0,328,659,1.137601421888597,0.0
nanosvg_write,write-0135,WRITE,2037522466,1000000.0,256,128,0,0,0,0,0,0,0,10,0,0,0,0,302,0.9933774834437086,0.039735099337748346,0,104,10,2.2011766985074934,0.0
nanosvg_write,write-0136,WRITE,2037522466,1000000.0,256,128,0,0,0,0,0,0,0,8,0,0,0,0,1155,1.0,0.006060606060606061,0,2,8,1.4871685603036127,0.0
nanosvg_write,write-0137,WRITE,2037149552,1000000.0,256,128,0,0,0,0,0,0,0,8,0,0,0,0,1381,1.0,0.010137581462708182,0,2,13,1.5933401726498102,0.0
nanosvg_write,write-0138,WRITE,2020557431,1000000.0,256,128,0,0,0,0,0,0,0,8,0,0,0,0,281,1.0,0.0498220640569395,0,97,197,2.369280411583615,0.0
nanosvg_write,write-0139,WRITE,2037522466,1000000.0,256,128,0,0,0,0,0,0,0,10,0,0,0,0,341,0.9941348973607038,0.02932551319648094,0,130,263,1.8726951127812583,0.0
nanosvg_write,write-0140,WRITE,2037149552,1000000.0,256,128,0,0,0,0,0,0,0,6,0,0,0,0,1766,1.0,0.007361268403171008,0,1,8,1.3664803025521124,0.0
nanosvg_write,write-0141,WRITE,2003395700,1000000.0,257,128,0,0,0,0,0,0,0,8,0,0,0,0,299,1.0,0.030100334448160536,0,108,10,2.1783192012836,0.0
nanosvg_write,write-0142,WRITE,1986477600,1000000.0,256,128,0,0,0,0,0,0,0,2,0,0,0,0,674,1.0,0.004451038575667656,0,1,7,1.4588375962300755,0.0
nanosvg_write,write-0143,WRITE,2037522466,1000000.0,256,128,0,0,0,0,0,0,0,8,0,0,0,0,626,0.9968051118210862,0.009584664536741214,0,275,10,1.0443205282253953,0.0
nanosvg_write,write-0144,WRITE,2020557431,1000000.0,256,128,0,0,0,0,0,0,0,4,0,0,0,0,1886,0.5143160127253447,0.004772004241781549,0,1,8,1.307440159223402,0.0
nanosvg_write,write-0145,WRITE,2020557431,981806.3318756074,256,128,0,0,0,0,0,0,0,6,0,0,0,0,2058,0.5160349854227405,0.006316812439261419,0,2,8,1.3308482260285495,0.0
nanosvg_write,write-0146,WRITE,2003395700,1000000.0,256,128,0,0,0,0,0,0,0,8,0,0,0,0,1436,0.5264623955431755,0.008356545961002786,0,1,7,1.4806003185521484,0.0
nanosvg_write,write-0147,WRITE,1986477628,1000000.0,256,128,0,0,0,0,0,0,0,4,0,0,0,0,1985,1.0,0.0020151133501259445,0,1,10,1.2889059828559843,0.0
nanosvg_write,write-0148,WRITE,2036539426,1000000.0,256,128,0,0,0,0,0,0,0,10,0,0,0,0,1564,0.9987212276214834,0.0076726342710997444,0,1,8,1.4299491544679683,0.0
nanosvg_write,write-0149,WRITE,2037149552,1000000.0,256,128,0,0,0,0,0,0,0,8,0,0,0,0,376,1.0,0.031914893617021274,0,148,299,1.7497974815704647,0.0
frozen_dos,dos-0000,DoS,2067407480,18116.718777384416,128,128,0,0,22823,22823,22823,0,0,45646,0,0,0,0,114116,1.0,8.763013074415506e-06,0,1,1,1.922071115166576,0.0
frozen_dos,dos-0001,DoS,2067407481,18131.018197604055,128,128,0,0,22805,22805,22805,0,0,45610,0,0,0,0,114026,1.0,8.769929665164086e-06,0,1,1,1.9220712180690651,0.0
frozen_dos,dos-0002,DoS,2067407457,24227.52577549131,128,128,0,0,0,0,14222,0,0,28444,0,0,0,0,85333,1.0,1.1718795776546003e-05,0,14222,1,2.2518116509940307,0.0
frozen_dos,dos-0003,DoS,2067407480,12040.040999120616,128,128,0,0,34342,34342,34342,0,0,68684,0,0,0,0,171711,1.0,5.8237387237858964e-06,0,1,1,1.9220265765552955,0.0
frozen_dos,dos-0004,DoS,2067407458,14437.606204083913,128,128,0,0,28639,28639,28639,0,0,57278,0,0,0,0,143196,1.0,6.983435291488589e-06,0,1,1,1.9220443578666093,0.0
frozen_dos,dos-0005,DoS,1527405322,68898.25080066759,192,128,0,0,11084,11084,11084,0,0,0,0,0,0,0,22169,0.5000225540168705,4.5108033740809235e-05,0,1,1,1.0006711587611492,0.0
frozen_dos,dos-0006,DoS,1532713819,60598.34021270707,128,128,0,0,0,0,12646,0,0,0,0,0,0,0,25293,1.0,3.953663068833274e-05,0,12646,1,1.0005957821162166,0.0
frozen_dos,dos-0007,DoS,1532713819,29875.715240824124,128,128,0,0,0,0,25651,0,0,0,0,0,0,0,51303,1.0,1.9492037502680156e-05,0,25651,1,1.0003136159006552,0.0
frozen_dos,dos-0008,DoS,1527405322,27759.397379277758,128,128,0,0,27511,27511,27511,0,0,0,0,0,0,0,55023,0.5000090871090271,1.8174218054268214e-05,0,1,1,1.00029424838907,0.0
frozen_dos,dos-0009,DoS,2067407482,14050.996914419313,128,128,0,0,29427,29427,29427,0,0,58854,0,0,0,0,147136,1.0,6.79643323183993e-06,0,1,1,1.9220415107257305,0.0
frozen_dos,dos-0010,DoS,2067407457,31419.088722055894,128,128,0,0,13160,13160,13160,0,0,26320,0,0,0,0,65801,1.0,1.519733742648288e-05,0,1,1,1.9221640575303647,0.0
frozen_dos,dos-0011,DoS,2067407457,11728.906635426003,128,128,0,0,35253,35253,35253,0,0,70506,0,0,0,0,176266,1.0,5.673243847367048e-06,0,1,1,1.9220242459178938,0.0
frozen_dos,dos-0012,DoS,1532713819,77009.18549967342,256,128,0,0,0,0,9951,0,0,0,0,0,0,0,19903,1.0,5.024368185700648e-05,0,9951,1,1.0007397556691338,0.0
frozen_dos,dos-0013,DoS,2067407457,24210.502699284483,128,128,0,0,0,0,14232,0,0,28464,0,0,0,0,85393,1.0,1.1710561755647419e-05,0,14232,1,2.2518115346499745,0.0
frozen_dos,dos-0014,DoS,1532713819,27717.84760475252,128,128,0,0,0,0,27648,0,0,0,0,0,0,0,55297,1.0,1.8084163697849792e-05,0,27648,1,1.0002929199701283,0.0
frozen_dos,dos-0015,DoS,1527405322,22798.795760877678,128,128,0,0,33497,33497,33497,0,0,0,0,0,0,0,66995,0.5000074632435256,1.4926487051272483e-05,0,1,1,1.0002459056658102,0.0
frozen_dos,dos-0016,DoS,2067407458,18430.03367921837,128,128,0,0,22435,22435,22435,0,0,44870,0,0,0,0,112176,1.0,8.914562829838824e-06,0,1,1,1.9220733680744522,0.0
frozen_dos,dos-0017,DoS,2067407457,13777.113687100578,128,128,0,0,0,0,25010,0,0,50020,0,0,0,0,150061,1.0,6.663956657625899e-06,0,25010,1,2.2517383646517244,0.0
frozen_dos,dos-0018,DoS,2067407482,12704.447720471208,128,128,0,0,32546,32546,32546,0,0,65092,0,0,0,0,162731,1.0,6.145110642717122e-06,0,1,1,1.922031534871729,0.0
frozen_dos,dos-0019,DoS,2067407480,10419.822892883964,128,128,0,0,39682,39682,39682,0,0,79364,0,0,0,0,198411,1.0,5.0400431427693025e-06,0,1,1,1.922014374860733,0.0
frozen_dos,dos-0020,DoS,2067407482,16970.862839740275,128,128,0,0,24364,24364,24364,0,0,48728,0,0,0,0,121821,1.0,8.208765319608278e-06,0,1,1,1.9220628431192057,0.0
frozen_dos,dos-0021,DoS,2067407457,12519.195689691715,128,128,0,0,0,0,27523,0,0,55046,0,0,0,0,165139,1.0,6.055504756598986e-06,0,27523,1,2.2517292308667947,0.0
frozen_dos,dos-0022,DoS,2067407482,42538.37332565174,128,128,0,0,9720,9720,9720,0,0,19440,0,0,0,0,48601,1.0,2.0575708318758873e-05,0,1,1,1.9222385710191667,0.0
frozen_dos,dos-0023,DoS,2067407480,45596.865530094175,128,128,0,0,9068,9068,9068,0,0,18136,0,0,0,0,45341,1.0,2.2055093623872433e-05,0,1,1,1.9222586848528738,0.0
frozen_dos,dos-0024,DoS,1532713819,40969.603031194034,128,128,0,0,0,0,18705,0,0,0,0,0,0,0,37411,1.0,2.673010611852129e-05,0,18705,1,1.0004178944874065,0.0
frozen_dos,dos-0025,DoS,2067407481,15165.730012250497,128,128,0,0,27264,27264,27264,0,0,54528,0,0,0,0,136321,1.0,7.335626939356372e-06,0,1,1,1.922049700582396,0.0
frozen_dos,dos-0026,DoS,1532713819,55749.238678936454,128,128,0,0,0,0,13746,0,0,0,0,0,0,0,27493,1.0,3.637289491870658e-05,0,13746,1,1.0005524841058833,0.0
frozen_dos,dos-0027,DoS,2067407457,14032.399542526691,128,128,0,0,0,0,24555,0,0,49110,0,0,0,0,147331,1.0,6.787437810101065e-06,0,24555,1,2.2517402082581923,0.0
frozen_dos,dos-0028,DoS,2067407480,30766.823620453597,128,128,0,0,13439,13439,13439,0,0,26878,0,0,0,0,67196,1.0,1.4881838204655038e-05,0,1,1,1.9221596093219457,0.0
frozen_dos,dos-0029,DoS,2067407457,16767.97483271828,128,128,0,0,0,0,20549,0,0,41098,0,0,0,0,123295,1.0,8.110628979277343e-06,0,20549,1,2.251759771344126,0.0
frozen_dos,dos-0030,DoS,2067407457,12332.349824923498,128,128,0,0,0,0,27940,0,0,55880,0,0,0,0,167641,1.0,5.965127862515733e-06,0,27940,1,2.251727866853213,0.0
frozen_dos,dos-0031,DoS,1528847136,38641.4036648553,128,128,0,0,19782,19782,19782,0,0,0,0,0,0,0,39565,1.0,2.5274864147605207e-05,0,1,1,1.0003971847326059,0.0
frozen_dos,dos-0032,DoS,2067407457,18553.252299629366,128,128,0,0,22286,22286,22286,0,0,44572,0,0,0,0,111431,1.0,8.974163383618562e-06,0,1,1,1.9220742530623034,0.0
frozen_dos,dos-0033,DoS,2067407457,11256.281514915581,128,128,0,0,0,0,30611,0,0,61222,0,0,0,0,183667,1.0,5.444636216631186e-06,0,30611,1,2.251719971913714,0.0
frozen_dos,dos-0034,DoS,2067407459,27093.642164443165,128,128,0,0,15261,15261,15261,0,0,30522,0,0,0,0,76306,1.0,1.310512934762666e-05,0,1,1,1.9221343731141585,0.0
frozen_dos,dos-0035,DoS,1528847136,28695.116950393214,128,128,0,0,26639,26639,26639,0,0,0,0,0,0,0,53279,1.0,1.87691210420616e-05,0,1,1,1.0003030079559647,0.0
frozen_dos,dos-0036,DoS,2067407457,10923.694286665363,128,128,0,0,0,0,31543,0,0,63086,0,0,0,0,189259,1.0,5.2837645765855255e-06,0,31543,1,2.2517175175558153,0.0
frozen_dos,dos-0037,DoS,1528847136,30630.239336445415,128,128,0,0,24956,24956,24956,0,0,0,0,0,0,0,49913,1.0,2.0034860657544126e-05,0,1,1,1.000321555678626,0.0
frozen_dos,dos-0038,DoS,2067407459,19436.732217061843,128,128,0,0,21273,21273,21273,0,0,42546,0,0,0,0,106366,1.0,9.401500479476525e-06,0,1,1,1.922080581938716,0.0
frozen_dos,dos-0039,DoS,2067407459,22493.5803005081,128,128,0,0,18382,18382,18382,0,0,36764,0,0,0,0,91911,1.0,1.0880090522353145e-05,0,1,1,1.9221022710905615,0.0
frozen_dos,dos-0040,DoS,2067407457,12046.916358317843,128,128,0,0,0,0,28602,0,0,57204,0,0,0,0,171613,1.0,5.82706438323437e-06,0,28602,1,2.2517257793052674,0.0
frozen_dos,dos-0041,DoS,1532713819,22454.384315621384,128,128,0,0,0,0,34129,0,0,0,0,0,0,0,68259,1.0,1.4650082772967668e-05,0,34129,1,1.000241747112199,0.0
frozen_dos,dos-0042,DoS,1532713819,77133.20009058427,256,128,0,0,0,0,9935,0,0,0,0,0,0,0,19871,1.0,5.032459362890645e-05,0,9935,1,1.0007408301341536,0.0
frozen_dos,dos-0043,DoS,1532713819,30130.606440071555,128,128,0,0,0,0,25434,0,0,0,0,0,0,0,50869,1.0,1.965833808409837e-05,0,25434,1,1.000316050639355,0.0
frozen_dos,dos-0044,DoS,1527405322,46283.607224023515,128,128,0,0,16500,16500,16500,0,0,0,0,0,0,0,33001,0.5000151510560286,3.0302112057210386e-05,0,1,1,1.000468255365101,0.0
frozen_dos,dos-0045,DoS,1527339785,37748.44381008873,128,128,0,0,20230,20230,20230,0,0,0,0,0,0,0,40461,0.5000123575789032,2.4715157806282595e-05,0,1,1,1.0003891876515374,0.0
frozen_dos,dos-0046,DoS,2067407459,19564.56794200869,128,128,0,0,21134,21134,21134,0,0,42268,0,0,0,0,105671,1.0,9.463334311211212e-06,0,1,1,1.922081495348195,0.0
frozen_dos,dos-0047,DoS,2067407458,16098.671229783291,128,128,0,0,25684,25684,25684,0,0,51368,0,0,0,0,128421,1.0,7.78688843724936e-06,0,1,1,1.9220565106678136,0.0
frozen_dos,dos-0048,DoS,1532713819,23686.254137755182,128,128,0,0,0,0,32354,0,0,0,0,0,0,0,64709,1.0,1.545380086232209e-05,0,32354,1,1.0002538188297623,0.0
frozen_dos,dos-0049,DoS,1528847136,19858.510345902556,128,128,0,0,38493,38493,38493,0,0,0,0,0,0,0,76987,1.0,1.2989205969839063e-05,0,1,1,1.00021659517716,0.0
frozen_dos,dos-0050,DoS,1527405322,23703.11957044647,128,128,0,0,32219,32219,32219,0,0,0,0,0,0,0,64439,0.5000077592762148,1.5518552429429383e-05,0,1,1,1.0002547887200575,0.0
frozen_dos,dos-0051,DoS,2067407459,11707.320639217174,128,128,0,0,35318,35318,35318,0,0,70636,0,0,0,0,176591,1.0,5.662802747591893e-06,0,1,1,1.9220240840099856,0.0
frozen_dos,dos-0052,DoS,2067407457,19564.19763799646,128,128,0,0,0,0,17612,0,0,35224,0,0,0,0,105673,1.0,9.46315520520852e-06,0,17612,1,2.2517794451913247,0.0
frozen_dos,dos-0053,DoS,2067407459,16246.050944552713,128,128,0,0,25451,25451,25451,0,0,50902,0,0,0,0,127256,1.0,7.858175645942039e-06,0,1,1,1.9220575829699011,0.0
frozen_dos,dos-0054,DoS,2067407457,10166.29437103841,128,128,0,0,0,0,33893,0,0,67786,0,0,0,0,203359,1.0,4.917412064378759e-06,0,33893,1,2.251711901526179,0.0
frozen_dos,dos-0055,DoS,2067407457,13426.554640567869,128,128,0,0,0,0,25663,0,0,51326,0,0,0,0,153979,1.0,6.494392092428188e-06,0,25663,1,2.2517358276159682,0.0
frozen_dos,dos-0056,DoS,1532713819,37179.231510006066,128,128,0,0,0,0,20612,0,0,0,0,0,0,0,41225,1.0,2.425712553062462e-05,0,20612,1,1.000382629700816,0.0
frozen_dos,dos-0057,DoS,1527405322,27526.272270179674,128,128,0,0,27744,27744,27744,0,0,0,0,0,0,0,55489,0.5000090107949323,1.802158986465786e-05,0,1,1,1.0002919965438934,0.0
frozen_dos,dos-0058,DoS,1532713819,19957.99079391122,128,128,0,0,0,0,38398,0,0,0,0,0,0,0,76797,1.0,1.3021341979504408e-05,0,38398,1,1.0002170846254677,0.0
frozen_dos,dos-0059,DoS,2067407480,29772.144410362755,128,128,0,0,13888,13888,13888,0,0,27776,0,0,0,0,69441,1.0,1.4400714275428061e-05,0,1,1,1.9221528073290228,0.0
frozen_dos,dos-0060,DoS,1527339785,27428.208404417706,128,128,0,0,27842,27842,27842,0,0,0,0,0,0,0,55685,0.5000089790787465,1.7958157493041215e-05,0,1,1,1.0002910601279342,0.0
frozen_dos,dos-0061,DoS,1527405322,27440.226398145987,128,128,0,0,27831,27831,27831,0,0,0,0,0,0,0,55663,0.5000089826275982,1.7965255196450067e-05,0,1,1,1.000291164923326,0.0
frozen_dos,dos-0062,DoS,2067407457,21120.563277690373,128,128,0,0,19577,19577,19577,0,0,39154,0,0,0,0,97886,1.0,1.0215965510900436e-05,0,1,1,1.922092567585108,0.0
frozen_dos,dos-0063,DoS,2067407459,17525.451901395318,128,128,0,0,23593,23593,23593,0,0,47186,0,0,0,0,117966,1.0,8.477018802027703e-06,0,1,1,1.9220668532788772,0.0
frozen_dos,dos-0064,DoS,2067407457,14203.616893957611,128,128,0,0,0,0,24259,0,0,48518,0,0,0,0,145555,1.0,6.8702552299817936e-06,0,24259,1,2.2517414429248417,0.0
frozen_dos,dos-0065,DoS,2067407459,18362.917760645196,128,128,0,0,22517,22517,22517,0,0,45034,0,0,0,0,112586,1.0,8.882099017639849e-06,0,1,1,1.9220728857890168,0.0
frozen_dos,dos-0066,DoS,2067407481,46985.46580759528,128,128,0,0,8800,8800,8800,0,0,17600,0,0,0,0,44001,1.0,2.2726756210086133e-05,0,1,1,1.9222677689684842,0.0
frozen_dos,dos-0067,DoS,1528847136,24617.92724989131,128,128,0,0,31051,31051,31051,0,0,0,0,0,0,0,62103,1.0,1.6102281693315944e-05,0,1,1,1.0002635147861976,0.0
frozen_dos,dos-0068,DoS,1528847136,30484.878387270444,128,128,0,0,25075,25075,25075,0,0,0,0,0,0,0,50151,1.0,1.9939781858786464e-05,0,1,1,1.0003201665271877,0.0
frozen_dos,dos-0069,DoS,2067407457,20824.846458358516,128,128,0,0,19855,19855,19855,0,0,39710,0,0,0,0,99276,1.0,1.0072927998710665e-05,0,1,1,1.9220904696511263,0.0
frozen_dos,dos-0070,DoS,2067407458,11968.249911717543,128,128,0,0,34548,34548,34548,0,0,69096,0,0,0,0,172741,1.0,5.789013609970997e-06,0,1,1,1.9220260392884665,0.0
frozen_dos,dos-0071,DoS,2067407457,16155.533426064125,128,128,0,0,0,0,21328,0,0,42656,0,0,0,0,127969,1.0,7.814392548195265e-06,0,21328,1,2.2517554205825516,0.0
frozen_dos,dos-0072,DoS,2067407457,13759.508675367546,128,128,0,0,0,0,25042,0,0,50084,0,0,0,0,150253,1.0,6.65544115591702e-06,0,25042,1,2.2517382373920394,0.0
frozen_dos,dos-0073,DoS,2067407459,16510.7291320598,128,128,0,0,25043,25043,25043,0,0,50086,0,0,0,0,125216,1.0,7.986199846664963e-06,0,1,1,1.9220595063729558,0.0
frozen_dos,dos-0074,DoS,2067407457,24431.953308358643,128,128,0,0,0,0,14103,0,0,28206,0,0,0,0,84619,1.0,1.1817676881078718e-05,0,14103,1,2.251813047501803,0.0
frozen_dos,dos-0075,DoS,2067407457,39682.28674254784,128,128,0,0,0,0,8683,0,0,17366,0,0,0,0,52099,1.0,1.9194226376705887e-05,0,8683,1,2.251914393977366,0.0
frozen_dos,dos-0076,DoS,2067407457,16200.348368138542,128,128,0,0,0,0,21269,0,0,42538,0,0,0,0,127615,1.0,7.836069427575128e-06,0,21269,1,2.2517557394883623,0.0
frozen_dos,dos-0077,DoS,1527405322,47792.65064614037,128,128,0,0,15979,15979,15979,0,0,0,0,0,0,0,31959,0.5000156450452142,3.129009042836134e-05,0,1,1,1.0004820741298568,0.0
frozen_dos,dos-0078,DoS,2067407481,16041.834639498433,128,128,0,0,25775,25775,25775,0,0,51550,0,0,0,0,128876,1.0,7.759396629318105e-06,0,1,1,1.9220560968849825,0.0
frozen_dos,dos-0079,DoS,1527405322,23545.997656816045,128,128,0,0,32434,32434,32434,0,0,0,0,0,0,0,64869,0.5000077078419584,1.541568391681697e-05,0,1,1,1.0002532477069044,0.0
frozen_dos,dos-0080,DoS,1532713819,83878.60882175888,256,128,0,0,0,0,9136,0,0,0,0,0,0,0,18273,1.0,5.472555135992995e-05,0,9136,1,1.0007989975074607,0.0
frozen_dos,dos-0081,DoS,1532713819,44848.977878566206,128,128,0,0,0,0,17087,0,0,0,0,0,0,0,34175,1.0,2.9261155815654717e-05,0,17087,1,1.0004536452860453,0.0
frozen_dos,dos-0082,DoS,2067407459,13787.220218604743,128,128,0,0,29990,29990,29990,0,0,59980,0,0,0,0,149951,1.0,6.668845156084321e-06,0,1,1,1.922039563925603,0.0
frozen_dos,dos-0083,DoS,2067407457,14771.099912119631,128,128,0,0,0,0,23327,0,0,46654,0,0,0,0,139963,1.0,7.144745396997778e-06,0,23327,1,2.2517455249015024,0.0
frozen_dos,dos-0084,DoS,1532713819,20901.308027982708,128,128,0,0,0,0,36665,0,0,0,0,0,0,0,73331,1.0,1.3636797534467005e-05,0,36665,1,1.0002264365793017,0.0
frozen_dos,dos-0085,DoS,2067407457,35027.14970435254,128,128,0,0,0,0,9837,0,0,19674,0,0,0,0,59023,1.0,1.6942547820341222e-05,0,9837,1,2.2518839840403637,0.0
frozen_dos,dos-0086,DoS,2067407457,23411.06180570497,128,128,0,0,0,0,14718,0,0,29436,0,0,0,0,88309,1.0,1.132387412381524e-05,0,14718,1,2.251806061368754,0.0
frozen_dos,dos-0087,DoS,2067407457,22536.735782416745,128,128,0,0,0,0,15289,0,0,30578,0,0,0,0,91735,1.0,1.0900964735379081e-05,0,15289,1,2.251800053556301,0.0
frozen_dos,dos-0088,DoS,2067407458,15005.570331552664,128,128,0,0,27555,27555,27555,0,0,55110,0,0,0,0,137776,1.0,7.258158169782836e-06,0,1,1,1.9220485275228234,0.0
frozen_dos,dos-0089,DoS,1527405322,42048.32269786648,128,128,0,0,18162,18162,18162,0,0,0,0,0,0,0,36325,0.500013764624914,2.7529249827942188e-05,0,1,1,1.0004292181792143,0.0
frozen_dos,dos-0090,DoS,2067407481,15672.745116025199,128,128,0,0,26382,26382,26382,0,0,52764,0,0,0,0,131911,1.0,7.580868919195518e-06,0,1,1,1.9220534063991188,0.0
frozen_dos,dos-0091,DoS,2067407480,18145.34019098441,128,128,0,0,22787,22787,22787,0,0,45574,0,0,0,0,113936,1.0,8.77685718297992e-06,0,1,1,1.9220713211262346,0.0
frozen_dos,dos-0092,DoS,1532713819,38752.84617329524,128,128,0,0,0,0,19775,0,0,0,0,0,0,0,39551,1.0,2.528381077596015e-05,0,19775,1,1.0003973124157128,0.0
frozen_dos,dos-0093,DoS,1527339785,57926.187469184966,128,128,0,0,13183,13183,13183,0,0,0,0,0,0,0,26367,0.5000189630978117,3.792619562331703e-05,0,1,1,1.0005737897180136,0.0
frozen_dos,dos-0094,DoS,1527339785,20109.5414806915,128,128,0,0,37975,37975,37975,0,0,0,0,0,0,0,75951,0.5000065831917947,1.3166383589419494e-05,0,1,1,1.0002192922658397,0.0
frozen_dos,dos-0095,DoS,1532713819,44820.1251279352,128,128,0,0,0,0,17098,0,0,0,0,0,0,0,34197,1.0,2.9242331198643156e-05,0,17098,1,1.000453380591681,0.0
frozen_dos,dos-0096,DoS,2067407480,23492.999852274406,128,128,0,0,17600,17600,17600,0,0,35200,0,0,0,0,88001,1.0,1.1363507232872354e-05,0,1,1,1.9221092972719533,0.0
frozen_dos,dos-0097,DoS,2067407459,20224.880005087016,128,128,0,0,20444,20444,20444,0,0,40888,0,0,0,0,102221,1.0,9.782725663024232e-06,0,1,1,1.9220862041992814,0.0
frozen_dos,dos-0098,DoS,2067407457,38823.82409720005,128,128,0,0,0,0,8875,0,0,17750,0,0,0,0,53251,1.0,1.8778990065914254e-05,0,8875,1,2.2519088160953538,0.0
frozen_dos,dos-0099,DoS,2067407457,42036.71045729041,128,128,0,0,9836,9836,9836,0,0,19672,0,0,0,0,49181,1.0,2.0333055448242206e-05,0,1,1,1.92223525752594,0.0
frozen_dos,dos-0100,DoS,2067407457,14439.118716868858,128,128,0,0,28636,28636,28636,0,0,57272,0,0,0,0,143181,1.0,6.984166893652091e-06,0,1,1,1.922044368991072,0.0
frozen_dos,dos-0101,DoS,1532713819,90978.44239330445,256,128,0,0,0,0,8423,0,0,0,0,0,0,0,16847,1.0,5.935774915415207e-05,0,8423,1,1.0008596697519387,0.0
frozen_dos,dos-0102,DoS,1527405322,22354.344870988043,128,128,0,0,34163,34163,34163,0,0,0,0,0,0,0,68327,0.5000073177514014,1.4635502802698787e-05,0,1,1,1.0002415275461767,0.0
frozen_dos,dos-0103,DoS,1532713819,40122.3480798932,128,128,0,0,0,0,19100,0,0,0,0,0,0,0,38201,1.0,2.617732520091097e-05,0,19100,1,1.000410041594251,0.0
frozen_dos,dos-0104,DoS,2067407457,39654.88552795627,128,128,0,0,0,0,8689,0,0,17378,0,0,0,0,52135,1.0,1.9180972475304497e-05,0,8689,1,2.251914216139043,0.0
frozen_dos,dos-0105,DoS,1532713819,25878.633376669426,128,128,0,0,0,0,29613,0,0,0,0,0,0,0,59227,1.0,1.688419133165617e-05,0,29613,1,1.0002751557609326,0.0
frozen_dos,dos-0106,DoS,2067407457,13809.137863779364,128,128,0,0,0,0,24952,0,0,49904,0,0,0,0,149713,1.0,6.679446674637473e-06,0,24952,1,2.251738596101627,0.0
frozen_dos,dos-0107,DoS,2067407458,15582.377053875607,128,128,0,0,26535,26535,26535,0,0,53070,0,0,0,0,132676,1.0,7.537158189876089e-06,0,1,1,1.9220527467415494,0.0
frozen_dos,dos-0108,DoS,1527339785,19658.14769290173,128,128,0,0,38847,38847,38847,0,0,0,0,0,0,0,77695,0.5000064354205548,1.2870841109466504e-05,0,1,1,1.000214791426658,0.0
frozen_dos,dos-0109,DoS,2067407457,10496.105767912717,128,128,0,0,0,0,32828,0,0,65656,0,0,0,0,196969,1.0,5.076941041483685e-06,0,32828,1,2.251714351712638,0.0
frozen_dos,dos-0110,DoS,2067407458,30677.79759908593,128,128,0,0,13478,13478,13478,0,0,26956,0,0,0,0,67391,1.0,1.4838776691249574e-05,0,1,1,1.922159001455827,0.0
frozen_dos,dos-0111,DoS,1527405322,23013.14311973603,128,128,0,0,33185,33185,33185,0,0,0,0,0,0,0,66371,0.5000075334106764,1.506682135269922e-05,0,1,1,1.0002480141863643,0.0
frozen_dos,dos-0112,DoS,1532713819,22852.109242444574,128,128,0,0,0,0,33535,0,0,0,0,0,0,0,67071,1.0,1.4909573437103964e-05,0,33535,1,1.0002456514108566,0.0
frozen_dos,dos-0113,DoS,1527339785,29304.855906675108,128,128,0,0,26059,26059,26059,0,0,0,0,0,0,0,52119,0.5000095934304188,1.9186860837698344e-05,0,1,1,1.0003091425964301,0.0
frozen_dos,dos-0114,DoS,1532713819,73205.99030424606,256,128,0,0,0,0,10468,0,0,0,0,0,0,0,20937,1.0,4.7762334622916366e-05,0,10468,1,1.0007067119312354,0.0
frozen_dos,dos-0115,DoS,2067407457,20771.91026735926,128,128,0,0,0,0,16588,0,0,33176,0,0,0,0,99529,1.0,1.0047322890815743e-05,0,16588,1,2.251787853679796,0.0
frozen_dos,dos-0116,DoS,2067407481,17444.85727907114,128,128,0,0,23702,23702,23702,0,0,47404,0,0,0,0,118511,1.0,8.438035287863573e-06,0,1,1,1.9220662712786478,0.0
frozen_dos,dos-0117,DoS,2067407480,38834.76369374108,128,128,0,0,10647,10647,10647,0,0,21294,0,0,0,0,53236,1.0,1.878428131339695e-05,0,1,1,1.922214007952785,0.0
frozen_dos,dos-0118,DoS,2067407458,12405.23868327573,128,128,0,0,33331,33331,33331,0,0,66662,0,0,0,0,166656,1.0,6.000384024577573e-06,0,1,1,1.9220293050229158,0.0
frozen_dos,dos-0119,DoS,1528847136,48434.88471408205,128,128,0,0,15782,15782,15782,0,0,0,0,0,0,0,31565,1.0,3.168065895770632e-05,0,1,1,1.0004875244834004,0.0
frozen_dos,dos-0120,DoS,1528847136,38435.45606757674,128,128,0,0,19888,19888,19888,0,0,0,0,0,0,0,39777,1.0,2.5140156371772633e-05,0,1,1,1.0003952616777794,0.0
frozen_dos,dos-0121,DoS,1527339785,26197.488636558548,128,128,0,0,29150,29150,29150,0,0,0,0,0,0,0,58301,0.5000085761822267,1.7152364453439908e-05,0,1,1,1.0002791361327734,0.0
frozen_dos,dos-0122,DoS,1532713819,25345.423891654125,128,128,0,0,0,0,30236,0,0,0,0,0,0,0,60473,1.0,1.6536305458634432e-05,0,30236,1,1.00026998307746,0.0
frozen_dos,dos-0123,DoS,2067407457,32154.526829040686,128,128,0,0,12859,12859,12859,0,0,25718,0,0,0,0,64296,1.0,1.5553067064825185e-05,0,1,1,1.9221690616208036,0.0
frozen_dos,dos-0124,DoS,1527405322,27540.169163916988,128,128,0,0,27730,27730,27730,0,0,0,0,0,0,0,55461,0.5000090153441157,1.803068823136979e-05,0,1,1,1.0002921308314556,0.0
frozen_dos,dos-0125,DoS,2067407457,23050.84745063497,128,128,0,0,0,0,14948,0,0,29896,0,0,0,0,89689,1.0,1.1149639309168348e-05,0,14948,1,2.2518035890143926,0.0
frozen_dos,dos-0126,DoS,2067407459,16125.039653383876,128,128,0,0,25642,25642,25642,0,0,51284,0,0,0,0,128211,1.0,7.799642776360842e-06,0,1,1,1.922056702587474,0.0
frozen_dos,dos-0127,DoS,1532713819,66187.92671762318,256,128,0,0,0,0,11578,0,0,0,0,0,0,0,23157,1.0,4.3183486634710884e-05,0,11578,1,1.0006452400843509,0.0
frozen_dos,dos-0128,DoS,1532713819,64543.4715543016,128,128,0,0,0,0,11873,0,0,0,0,0,0,0,23747,1.0,4.211058238935444e-05,0,11873,1,1.0006307374535908,0.0
frozen_dos,dos-0129,DoS,1532713819,22634.77544118733,128,128,0,0,0,0,33857,0,0,0,0,0,0,0,67715,1.0,1.4767776711216126e-05,0,33857,1,1.0002435187509098,0.0
frozen_dos,dos-0130,DoS,2067407457,9999.890961241736,128,128,0,0,0,0,34457,0,0,68914,0,0,0,0,206743,1.0,4.8369231364544386e-06,0,34457,1,2.2517106624872536,0.0
frozen_dos,dos-0131,DoS,2067407482,50472.58323771392,128,128,0,0,8192,8192,8192,0,0,16384,0,0,0,0,40961,1.0,2.4413466468103806e-05,0,1,1,1.922290456954982,0.0
frozen_dos,dos-0132,DoS,2067407457,22502.883948494116,128,128,0,0,0,0,15312,0,0,30624,0,0,0,0,91873,1.0,1.0884590684967293e-05,0,15312,1,2.251799820477853,0.0
frozen_dos,dos-0133,DoS,1527405322,24154.429066181703,128,128,0,0,31617,31617,31617,0,0,0,0,0,0,0,63235,0.500007907013521,1.5814027041986243e-05,0,1,1,1.0002592096040337,0.0
frozen_dos,dos-0134,DoS,2067407480,18144.543930630763,128,128,0,0,22788,22788,22788,0,0,45576,0,0,0,0,113941,1.0,8.776472033771864e-06,0,1,1,1.9220713153967723,0.0
frozen_dos,dos-0135,DoS,2067407482,11280.911254678991,128,128,0,0,36653,36653,36653,0,0,73306,0,0,0,0,183266,1.0,5.456549496360481e-06,0,1,1,1.9220208799246437,0.0
frozen_dos,dos-0136,DoS,1527405322,34073.333526669194,128,128,0,0,22413,22413,22413,0,0,0,0,0,0,0,44827,0.5000111539920138,2.2307984027483438e-05,0,1,1,1.000354580036145,0.0
frozen_dos,dos-0137,DoS,2067407457,18459.489602400063,128,128,0,0,0,0,18666,0,0,37332,0,0,0,0,111997,1.0,8.928810593140888e-06,0,18666,1,2.2517717083486994,0.0
frozen_dos,dos-0138,DoS,1532713819,45847.08261792947,128,128,0,0,0,0,16715,0,0,0,0,0,0,0,33431,1.0,2.9912356794591845e-05,0,16715,1,1.0004627911923971,0.0
frozen_dos,dos-0139,DoS,2067407457,10375.061886815178,128,128,0,0,0,0,33211,0,0,66422,0,0,0,0,199267,1.0,5.018392408175965e-06,0,33211,1,2.2517134533234646,0.0
frozen_dos,dos-0140,DoS,2067407457,11964.509719609943,128,128,0,0,0,0,28799,0,0,57598,0,0,0,0,172795,1.0,5.787204490870685e-06,0,28799,1,2.251725175742495,0.0
frozen_dos,dos-0141,DoS,2067407457,10873.36606621611,128,128,0,0,0,0,31689,0,0,63378,0,0,0,0,190135,1.0,5.259420937754753e-06,0,31689,1,2.251717145543772,0.0
frozen_dos,dos-0142,DoS,1528847136,22099.234414073228,128,128,0,0,34590,34590,34590,0,0,0,0,0,0,0,69181,1.0,1.4454835865338749e-05,0,1,1,1.0002388050600775,0.0
frozen_dos,dos-0143,DoS,2067407458,12692.74782202958,128,128,0,0,32576,32576,32576,0,0,65152,0,0,0,0,162881,1.0,6.1394515014028645e-06,0,1,1,1.9220314477726939,0.0
frozen_dos,dos-0144,DoS,2067407457,10419.612715772497,128,128,0,0,0,0,33069,0,0,66138,0,0,0,0,198415,1.0,5.039941536678175e-06,0,33069,1,2.251713784094265,0.0
frozen_dos,dos-0145,DoS,2067407457,12694.46243069158,128,128,0,0,0,0,27143,0,0,54286,0,0,0,0,162859,1.0,6.140280856446374e-06,0,27143,1,2.2517305085809256,0.0
frozen_dos,dos-0146,DoS,1528847136,25556.176320144426,128,128,0,0,29911,29911,29911,0,0,0,0,0,0,0,59823,1.0,1.6715978804138877e-05,0,1,1,1.0002726559287027,0.0
frozen_dos,dos-0147,DoS,1532713819,31058.660134957143,128,128,0,0,0,0,24674,0,0,0,0,0,0,0,49349,1.0,2.0263835133437355e-05,0,24674,1,1.000324898450901,0.0
frozen_dos,dos-0148,DoS,1532713819,19977.240449408913,128,128,0,0,0,0,38361,0,0,0,0,0,0,0,76723,1.0,1.3033901176961276e-05,0,38361,1,1.0002172758775298,0.0
frozen_dos,dos-0149,DoS,1527405322,45639.146681805956,128,128,0,0,16733,16733,16733,0,0,0,0,0,0,0,33467,0.5000149400902382,2.9880180476290076e-05,0,1,1,1.000462339770493,0.0
