target,filename,path,cls,asan_kind,access,fault_fn,patched_still_faults,size
cjson_minify,crash-000d6c92139d9989d721affb674fbb5b3fae69c8,/Users/ebukaobi/Documents/NemesisForge/gen2/crashes/cjson_minify/crash-000d6c92139d9989d721affb674fbb5b3fae69c8,READ,heap-buffer-overflow,READ,,0,32
cjson_minify,crash-01001da2865b6efc6264a86c2e32963de0e18e70,/Users/ebukaobi/Documents/NemesisForge/gen2/crashes/cjson_minify/crash-01001da2865b6efc6264a86c2e32963de0e18e70,READ,heap-buffer-overflow,READ,,0,8
cjson_minify,crash-022c9fde327a109dd7bb6189b6e5bcf3b1105524,/Users/ebukaobi/Documents/NemesisForge/gen2/crashes/cjson_minify/crash-022c9fde327a109dd7bb6189b6e5bcf3b1105524,READ,heap-buffer-overflow,READ,,0,20
cjson_minify,crash-03271ebf8058800f5593e96626a8b8d2600fc1c7,/Users/ebukaobi/Documents/NemesisForge/gen2/crashes/cjson_minify/crash-03271ebf8058800f5593e96626a8b8d2600fc1c7,READ,heap-buffer-overflow,READ,,0,19
cjson_minify,crash-04ef68b88cf3c3ab34edec0dec4ccf24f9c5c12a,/Users/ebukaobi/Documents/NemesisForge/gen2/crashes/cjson_minify/crash-04ef68b88cf3c3ab34edec0dec4ccf24f9c5c12a,READ,heap-buffer-overflow,READ,,0,14
cjson_minify,crash-06f9898301af2f437991f6b39f14bee3e9d05b9b,/Users/ebukaobi/Documents/NemesisForge/gen2/crashes/cjson_minify/crash-06f9898301af2f437991f6b39f14bee3e9d05b9b,READ,heap-buffer-overflow,READ,,0,19
cjson_minify,crash-0851a034676da8214aea5c34c2da7d77092f4f8d,/Users/ebukaobi/Documents/NemesisForge/gen2/crashes/cjson_minify/crash-0851a034676da8214aea5c34c2da7d77092f4f8d,READ,heap-buffer-overflow,READ,,0,14
cjson_minify,crash-098cce3304e5a37aa7ecddc715bf943c49a92020,/Users/ebukaobi/Documents/NemesisForge/gen2/crashes/cjson_minify/crash-098cce3304e5a37aa7ecddc715bf943c49a92020,READ,heap-buffer-overflow,READ,,0,18
cjson_minify,crash-0ca10d0a3264bda460ad9daf0a8745e2999d96f5,/Users/ebukaobi/Documents/NemesisForge/gen2/crashes/cjson_minify/crash-0ca10d0a3264bda460ad9daf0a8745e2999d96f5,READ,heap-buffer-overflow,READ,,0,19
cjson_minify,crash-0ee75e76c948a3155ce12222e3a72625a744a88a,/Users/ebukaobi/Documents/NemesisForge/gen2/crashes/cjson_minify/crash-0ee75e76c948a3155ce12222e3a72625a744a88a,READ,heap-buffer-overflow,READ,,0,17
cjson_minify,crash-1052ca001fb6c08adee0d5a1268b6d2ffc1ae1b1,/Users/ebukaobi/Documents/NemesisForge/gen2/crashes/cjson_minify/crash-1052ca001fb6c08adee0d5a1268b6d2ffc1ae1b1,READ,heap-buffer-overflow,READ,,0,14
cjson_minify,crash-11b05eb618a57b5d3c2e1ff54f884334135a340f,/Users/ebukaobi/Documents/NemesisForge/gen2/crashes/cjson_minify/crash-11b05eb618a57b5d3c2e1ff54f884334135a340f,READ,heap-buffer-overflow,READ,,0,22
cjson_minify,crash-148de593ae37f0b0451350a0351ee8f2bc6bcd67,/Users/ebukaobi/Documents/NemesisForge/gen2/crashes/cjson_minify/crash-148de593ae37f0b0451350a0351ee8f2bc6bcd67,READ,heap-buffer-overflow,READ,,0,15
cjson_minify,crash-16c3e245b9307cb252e2e897965f305ee10fbfe9,/Users/ebukaobi/Documents/NemesisForge/gen2/crashes/cjson_minify/crash-16c3e245b9307cb252e2e897965f305ee10fbfe9,READ,heap-buffer-overflow,READ,,0,13
cjson_minify,crash-197ac9f525f78d9cd1d507d44b4c334a679a5fc1,/Users/ebukaobi/Documents/NemesisForge/gen2/crashes/cjson_minify/crash-197ac9f525f78d9cd1d507d44b4c334a679a5fc1,READ,heap-buffer-overflow,READ,,0,33
cjson_minify,crash-1accc620a19aba0e37d443da314b17a2956ac875,/Users/ebukaobi/Documents/NemesisForge/gen2/crashes/cjson_minify/crash-1accc620a19aba0e37d443da314b17a2956ac875,READ,heap-buffer-overflow,READ,,0,20
cjson_minify,crash-1d0fa01ed2e1e09a816a9f23dea6626da4fc3dad,/Users/ebukaobi/Documents/NemesisForge/gen2/crashes/cjson_minify/crash-1d0fa01ed2e1e09a816a9f23dea6626da4fc3dad,READ,heap-buffer-overflow,READ,,0,11
cjson_minify,crash-1f4523ea83030367b864c8759bc24e069a1d732a,/Users/ebukaobi/Documents/NemesisForge/gen2/crashes/cjson_minify/crash-1f4523ea83030367b864c8759bc24e069a1d732a,READ,heap-buffer-overflow,READ,,0,19
cjson_minify,crash-213816cdfa10ff1300471adc18cba763fe72c68f,/Users/ebukaobi/Documents/NemesisForge/gen2/crashes/cjson_minify/crash-213816cdfa10ff1300471adc18cba763fe72c68f,READ,heap-buffer-overflow,READ,,0,8
cjson_minify,crash-2229d6d57c1632f2a0e2e434fc868104f696fdd6,/Users/ebukaobi/Documents/NemesisForge/gen2/crashes/cjson_minify/crash-2229d6d57c1632f2a0e2e434fc868104f696fdd6,READ,heap-buffer-overflow,READ,,0,16
cjson_minify,crash-2394b7c43639668a7b71166248f9eb68baf98285,/Users/ebukaobi/Documents/NemesisForge/gen2/crashes/cjson_minify/crash-2394b7c43639668a7b71166248f9eb68baf98285,READ,heap-buffer-overflow,READ,,0,12
cjson_minify,crash-260d2a7eba5ad81e1dafe1772c78858013bd04a3,/Users/ebukaobi/Documents/NemesisForge/gen2/crashes/cjson_minify/crash-260d2a7eba5ad81e1dafe1772c78858013bd04a3,READ,heap-buffer-overflow,READ,,0,19
cjson_minify,crash-27812602f0fdbd4c87af5081575f3964523ee845,/Users/ebukaobi/Documents/NemesisForge/gen2/crashes/cjson_minify/crash-27812602f0fdbd4c87af5081575f3964523ee845,READ,heap-buffer-overflow,READ,,0,20
cjson_minify,crash-29988e3d4352b2de8b421549d09a4984e9439aac,/Users/ebukaobi/Documents/NemesisForge/gen2/crashes/cjson_minify/crash-29988e3d4352b2de8b421549d09a4984e9439aac,READ,heap-buffer-overflow,READ,,0,33
cjson_minify,crash-2ace62c1befa19e3ea37dd52be9f6d508c5163e6,/Users/ebukaobi/Documents/NemesisForge/gen2/crashes/cjson_minify/crash-2ace62c1befa19e3ea37dd52be9f6d508c5163e6,READ,heap-buffer-overflow,READ,,0,1
cjson_minify,crash-2ba5ac4208e97d2326e207ee9dc30ba4eb5f0e0b,/Users/ebukaobi/Documents/NemesisForge/gen2/crashes/cjson_minify/crash-2ba5ac4208e97d2326e207ee9dc30ba4eb5f0e0b,READ,heap-buffer-overflow,READ,,0,24
cjson_minify,crash-2d4d25389a7f6f6157c4d090266174ec9ec4ad7e,/Users/ebukaobi/Documents/NemesisForge/gen2/crashes/cjson_minify/crash-2d4d25389a7f6f6157c4d090266174ec9ec4ad7e,READ,heap-buffer-overflow,READ,,0,10
cjson_minify,crash-2f776086b397dc9437776b09b78f0bab66055d66,/Users/ebukaobi/Documents/NemesisForge/gen2/crashes/cjson_minify/crash-2f776086b397dc9437776b09b78f0bab66055d66,READ,heap-buffer-overflow,READ,,0,12
cjson_minify,crash-3298f1c7bcac0e1553ba54db039685bd98636890,/Users/ebukaobi/Documents/NemesisForge/gen2/crashes/cjson_minify/crash-3298f1c7bcac0e1553ba54db039685bd98636890,READ,heap-buffer-overflow,READ,,0,19
cjson_minify,crash-346461d59c42d2c2e03592f343aae6ec66d77ea0,/Users/ebukaobi/Documents/NemesisForge/gen2/crashes/cjson_minify/crash-346461d59c42d2c2e03592f343aae6ec66d77ea0,READ,heap-buffer-overflow,READ,,0,10
cjson_minify,crash-36cfd433673bbd73bb4b5ccf295701ce6da895b6,/Users/ebukaobi/Documents/NemesisForge/gen2/crashes/cjson_minify/crash-36cfd433673bbd73bb4b5ccf295701ce6da895b6,READ,heap-buffer-overflow,READ,,0,12
cjson_minify,crash-376cb1590a1208b2436c333f35aefa9bda4ce034,/Users/ebukaobi/Documents/NemesisForge/gen2/crashes/cjson_minify/crash-376cb1590a1208b2436c333f35aefa9bda4ce034,READ,heap-buffer-overflow,READ,,0,19
cjson_minify,crash-389f063500835f451d0ecb1a2332dc6a5da63780,/Users/ebukaobi/Documents/NemesisForge/gen2/crashes/cjson_minify/crash-389f063500835f451d0ecb1a2332dc6a5da63780,READ,heap-buffer-overflow,READ,,0,4
cjson_minify,crash-396710b3e205657eda5e7b1fe3e01e17a613ffcc,/Users/ebukaobi/Documents/NemesisForge/gen2/crashes/cjson_minify/crash-396710b3e205657eda5e7b1fe3e01e17a613ffcc,READ,heap-buffer-overflow,READ,,0,5
cjson_minify,crash-3baa54909463abdf38c6801575677e6f20571545,/Users/ebukaobi/Documents/NemesisForge/gen2/crashes/cjson_minify/crash-3baa54909463abdf38c6801575677e6f20571545,READ,heap-buffer-overflow,READ,,0,17
cjson_minify,crash-3d8540a76bafde21fe2395f1faed9104d90e6ff9,/Users/ebukaobi/Documents/NemesisForge/gen2/crashes/cjson_minify/crash-3d8540a76bafde21fe2395f1faed9104d90e6ff9,READ,heap-buffer-overflow,READ,,0,20
cjson_minify,crash-3f530c987db7e7275d636cd246f1be39c49e04b3,/Users/ebukaobi/Documents/NemesisForge/gen2/crashes/cjson_minify/crash-3f530c987db7e7275d636cd246f1be39c49e04b3,READ,heap-buffer-overflow,READ,,0,14
cjson_minify,crash-40e4b0a63a07184216f22577af1105fd3e3f185d,/Users/ebukaobi/Documents/NemesisForge/gen2/crashes/cjson_minify/crash-40e4b0a63a07184216f22577af1105fd3e3f185d,READ,heap-buffer-overflow,READ,,0,13
cjson_minify,crash-42801fe774ff8cbb723b0ba9f1c53a67f62578fa,/Users/ebukaobi/Documents/NemesisForge/gen2/crashes/cjson_minify/crash-42801fe774ff8cbb723b0ba9f1c53a67f62578fa,READ,heap-buffer-overflow,READ,,0,32
cjson_minify,crash-43ccf024100c21abca881518f8408a6e048b277b,/Users/ebukaobi/Documents/NemesisForge/gen2/crashes/cjson_minify/crash-43ccf024100c21abca881518f8408a6e048b277b,READ,heap-buffer-overflow,READ,,0,5
cjson_minify,crash-45df040ede22a1d05d86be0ff8dcd7df1e890547,/Users/ebukaobi/Documents/NemesisForge/gen2/crashes/cjson_minify/crash-45df040ede22a1d05d86be0ff8dcd7df1e890547,READ,heap-buffer-overflow,READ,,0,9
cjson_minify,crash-472f4d706a5beea2b9589e235d2958aff8caf207,/Users/ebukaobi/Documents/NemesisForge/gen2/crashes/cjson_minify/crash-472f4d706a5beea2b9589e235d2958aff8caf207,READ,heap-buffer-overflow,READ,,0,16
cjson_minify,crash-48cd2a86e3b709b1a8c2808caa0624a65e702d81,/Users/ebukaobi/Documents/NemesisForge/gen2/crashes/cjson_minify/crash-48cd2a86e3b709b1a8c2808caa0624a65e702d81,READ,heap-buffer-overflow,READ,,0,31
cjson_minify,crash-4a620291047485dd20b3e301f5525590721ff393,/Users/ebukaobi/Documents/NemesisForge/gen2/crashes/cjson_minify/crash-4a620291047485dd20b3e301f5525590721ff393,READ,heap-buffer-overflow,READ,,0,19
cjson_minify,crash-4c56f9dcbe1d1eeed40b029590aa94413a8973cf,/Users/ebukaobi/Documents/NemesisForge/gen2/crashes/cjson_minify/crash-4c56f9dcbe1d1eeed40b029590aa94413a8973cf,READ,heap-buffer-overflow,READ,,0,18
cjson_minify,crash-4d715017f103538f9fa5f396b4bc7b5d766330b2,/Users/ebukaobi/Documents/NemesisForge/gen2/crashes/cjson_minify/crash-4d715017f103538f9fa5f396b4bc7b5d766330b2,READ,heap-buffer-overflow,READ,,0,17
cjson_minify,crash-4e73c34cdbc76a3bd228d58cffd660cb30336f69,/Users/ebukaobi/Documents/NemesisForge/gen2/crashes/cjson_minify/crash-4e73c34cdbc76a3bd228d58cffd660cb30336f69,READ,heap-buffer-overflow,READ,,0,14
cjson_minify,crash-50552ecfa7b882d8cf37070981349168dc451fc3,/Users/ebukaobi/Documents/NemesisForge/gen2/crashes/cjson_minify/crash-50552ecfa7b882d8cf37070981349168dc451fc3,READ,heap-buffer-overflow,READ,,0,15
cjson_minify,crash-51baf9b4e3df9f067366dd9267012efd622c4a6d,/Users/ebukaobi/Documents/NemesisForge/gen2/crashes/cjson_minify/crash-51baf9b4e3df9f067366dd9267012efd622c4a6d,READ,heap-buffer-overflow,READ,,0,14
cjson_minify,crash-52c093ed4ca185edb8a29d32ac0d9a17bb7670fe,/Users/ebukaobi/Documents/NemesisForge/gen2/crashes/cjson_minify/crash-52c093ed4ca185edb8a29d32ac0d9a17bb7670fe,READ,heap-buffer-overflow,READ,,0,13
cjson_minify,crash-550c1f50172d32cfc7e0224899dcf35218b272a9,/Users/ebukaobi/Documents/NemesisForge/gen2/crashes/cjson_minify/crash-550c1f50172d32cfc7e0224899dcf35218b272a9,READ,heap-buffer-overflow,READ,,0,14
cjson_minify,crash-56bd3656d62ccdff759f5f53e1bb7deef148e9be,/Users/ebukaobi/Documents/NemesisForge/gen2/crashes/cjson_minify/crash-56bd3656d62ccdff759f5f53e1bb7deef148e9be,READ,heap-buffer-overflow,READ,,0,10
cjson_minify,crash-586e0dc9af814130ba814ccf2ec5200ed6efe83d,/Users/ebukaobi/Documents/NemesisForge/gen2/crashes/cjson_minify/crash-586e0dc9af814130ba814ccf2ec5200ed6efe83d,READ,heap-buffer-overflow,READ,,0,21
cjson_minify,crash-5afcf7cc9bd3061a68af7e3260e8626cad821a18,/Users/ebukaobi/Documents/NemesisForge/gen2/crashes/cjson_minify/crash-5afcf7cc9bd3061a68af7e3260e8626cad821a18,READ,heap-buffer-overflow,READ,,0,12
cjson_minify,crash-5bb25561c522e8e1735c8ba360509847f9906a95,/Users/ebukaobi/Documents/NemesisForge/gen2/crashes/cjson_minify/crash-5bb25561c522e8e1735c8ba360509847f9906a95,READ,heap-buffer-overflow,READ,,0,4
cjson_minify,crash-5cee425e731e5c9156d69eba38400cf42297adde,/Users/ebukaobi/Documents/NemesisForge/gen2/crashes/cjson_minify/crash-5cee425e731e5c9156d69eba38400cf42297adde,READ,heap-buffer-overflow,READ,,0,16
cjson_minify,crash-5e97badafa1a0c5ec8448147744ef34ffaaa6f0a,/Users/ebukaobi/Documents/NemesisForge/gen2/crashes/cjson_minify/crash-5e97badafa1a0c5ec8448147744ef34ffaaa6f0a,READ,heap-buffer-overflow,READ,,0,33
cjson_minify,crash-5ffd3773bcb9c2dbd137d27889f5de752b43c617,/Users/ebukaobi/Documents/NemesisForge/gen2/crashes/cjson_minify/crash-5ffd3773bcb9c2dbd137d27889f5de752b43c617,READ,heap-buffer-overflow,READ,,0,20
cjson_minify,crash-61dc4e9acef512e5833885d758f243e836a4bbff,/Users/ebukaobi/Documents/NemesisForge/gen2/crashes/cjson_minify/crash-61dc4e9acef512e5833885d758f243e836a4bbff,READ,heap-buffer-overflow,READ,,0,33
cjson_minify,crash-63656fb8b9f7bb06ced2aa016c132874f434852e,/Users/ebukaobi/Documents/NemesisForge/gen2/crashes/cjson_minify/crash-63656fb8b9f7bb06ced2aa016c132874f434852e,READ,heap-buffer-overflow,READ,,0,10
cjson_minify,crash-64b87f8e2c7e2bb8e204ca3f44e5587e13ca261d,/Users/ebukaobi/Documents/NemesisForge/gen2/crashes/cjson_minify/crash-64b87f8e2c7e2bb8e204ca3f44e5587e13ca261d,READ,heap-buffer-overflow,READ,,0,18
cjson_minify,crash-66c6666e5fd21dea0c30e0836c18b07f253716ff,/Users/ebukaobi/Documents/NemesisForge/gen2/crashes/cjson_minify/crash-66c6666e5fd21dea0c30e0836c18b07f253716ff,READ,heap-buffer-overflow,READ,,0,33
cjson_minify,crash-6807e848464ecdde9ef1420b6f803de938e5be48,/Users/ebukaobi/Documents/NemesisForge/gen2/crashes/cjson_minify/crash-6807e848464ecdde9ef1420b6f803de938e5be48,READ,heap-buffer-overflow,READ,,0,23
cjson_minify,crash-6a1a3089439603ab2bcbe2313ae437f71337a6e6,/Users/ebukaobi/Documents/NemesisForge/gen2/crashes/cjson_minify/crash-6a1a3089439603ab2bcbe2313ae437f71337a6e6,READ,heap-buffer-overflow,READ,,0,14
cjson_minify,crash-6b582b749ab3cc1ee8420d21414bf41b6a8ab344,/Users/ebukaobi/Documents/NemesisForge/gen2/crashes/cjson_minify/crash-6b582b749ab3cc1ee8420d21414bf41b6a8ab344,READ,heap-buffer-overflow,READ,,0,21
cjson_minify,crash-6cdf383f547fc3e541d6d27058e0ab00de14403b,/Users/ebukaobi/Documents/NemesisForge/gen2/crashes/cjson_minify/crash-6cdf383f547fc3e541d6d27058e0ab00de14403b,READ,heap-buffer-overflow,READ,,0,13
cjson_minify,crash-6e8c8aac16beac0b880c74cb9f76813631638ff5,/Users/ebukaobi/Documents/NemesisForge/gen2/crashes/cjson_minify/crash-6e8c8aac16beac0b880c74cb9f76813631638ff5,READ,heap-buffer-overflow,READ,,0,10
cjson_minify,crash-714adafbd355bed353f0c851cdbcfb7e3ddc2ba0,/Users/ebukaobi/Documents/NemesisForge/gen2/crashes/cjson_minify/crash-714adafbd355bed353f0c851cdbcfb7e3ddc2ba0,READ,heap-buffer-overflow,READ,,0,19
cjson_minify,crash-72e16bebba042aeee57bc4d7b96a763721601044,/Users/ebukaobi/Documents/NemesisForge/gen2/crashes/cjson_minify/crash-72e16bebba042aeee57bc4d7b96a763721601044,READ,heap-buffer-overflow,READ,,0,20
cjson_minify,crash-74b49f06612dc63f5baeef39f902890e184c2527,/Users/ebukaobi/Documents/NemesisForge/gen2/crashes/cjson_minify/crash-74b49f06612dc63f5baeef39f902890e184c2527,READ,heap-buffer-overflow,READ,,0,20
cjson_minify,crash-75b52fa7935754d1b9062e2a207ae653297c63eb,/Users/ebukaobi/Documents/NemesisForge/gen2/crashes/cjson_minify/crash-75b52fa7935754d1b9062e2a207ae653297c63eb,READ,heap-buffer-overflow,READ,,0,20
cjson_minify,crash-797a8753a6c4c693d9d8eb918edff96a0212ed45,/Users/ebukaobi/Documents/NemesisForge/gen2/crashes/cjson_minify/crash-797a8753a6c4c693d9d8eb918edff96a0212ed45,READ,heap-buffer-overflow,READ,,0,12
cjson_minify,crash-7b59d3d90d0b730c2d82da7edd7a79c85878b102,/Users/ebukaobi/Documents/NemesisForge/gen2/crashes/cjson_minify/crash-7b59d3d90d0b730c2d82da7edd7a79c85878b102,READ,heap-buffer-overflow,READ,,0,17
cjson_minify,crash-7c0f3cd435007f7da0e73bcf53b83f20f8ceb4ad,/Users/ebukaobi/Documents/NemesisForge/gen2/crashes/cjson_minify/crash-7c0f3cd435007f7da0e73bcf53b83f20f8ceb4ad,READ,heap-buffer-overflow,READ,,0,14
cjson_minify,crash-7ddf03d967e65deebc5f8876bce25bd5a5c80c1a,/Users/ebukaobi/Documents/NemesisForge/gen2/crashes/cjson_minify/crash-7ddf03d967e65deebc5f8876bce25bd5a5c80c1a,READ,heap-buffer-overflow,READ,,0,3
cjson_minify,crash-80c204238569536be2bd7b5b26554a866fbc46ef,/Users/ebukaobi/Documents/NemesisForge/gen2/crashes/cjson_minify/crash-80c204238569536be2bd7b5b26554a866fbc46ef,READ,heap-buffer-overflow,READ,,0,14
cjson_minify,crash-81da7823395d0518398b926fdb03182faad4f0cb,/Users/ebukaobi/Documents/NemesisForge/gen2/crashes/cjson_minify/crash-81da7823395d0518398b926fdb03182faad4f0cb,READ,heap-buffer-overflow,READ,,0,24
cjson_minify,crash-83172d73fa5fd168a151235a22891d2fb54a10b7,/Users/ebukaobi/Documents/NemesisForge/gen2/crashes/cjson_minify/crash-83172d73fa5fd168a151235a22891d2fb54a10b7,READ,heap-buffer-overflow,READ,,0,9
cjson_minify,crash-84a99f882f463ca44f5f3ffec548bf2b6e40a48b,/Users/ebukaobi/Documents/NemesisForge/gen2/crashes/cjson_minify/crash-84a99f882f463ca44f5f3ffec548bf2b6e40a48b,READ,heap-buffer-overflow,READ,,0,33
cjson_minify,crash-874adcdef074576b99d4a19d5477db98f70034a9,/Users/ebukaobi/Documents/NemesisForge/gen2/crashes/cjson_minify/crash-874adcdef074576b99d4a19d5477db98f70034a9,READ,heap-buffer-overflow,READ,,0,7
cjson_minify,crash-898d05d864d0cf44b554a496c072a3495925c398,/Users/ebukaobi/Documents/NemesisForge/gen2/crashes/cjson_minify/crash-898d05d864d0cf44b554a496c072a3495925c398,READ,heap-buffer-overflow,READ,,0,5
cjson_minify,crash-8b2ec6fa6b3c614a495c2a00797a6b6a0d1c0a65,/Users/ebukaobi/Documents/NemesisForge/gen2/crashes/cjson_minify/crash-8b2ec6fa6b3c614a495c2a00797a6b6a0d1c0a65,READ,heap-buffer-overflow,READ,,0,5
cjson_minify,crash-8c63081427e98c271377039d4741973323532b45,/Users/ebukaobi/Documents/NemesisForge/gen2/crashes/cjson_minify/crash-8c63081427e98c271377039d4741973323532b45,READ,heap-buffer-overflow,READ,,0,18
cjson_minify,crash-8de78455e98e00c39e9bae833124ae4d930ab807,/Users/ebukaobi/Documents/NemesisForge/gen2/crashes/cjson_minify/crash-8de78455e98e00c39e9bae833124ae4d930ab807,READ,heap-buffer-overflow,READ,,0,18
cjson_minify,crash-8ff1b70a81ac9bf1ad9fd7c3d70cdd77949d2742,/Users/ebukaobi/Documents/NemesisForge/gen2/crashes/cjson_minify/crash-8ff1b70a81ac9bf1ad9fd7c3d70cdd77949d2742,READ,heap-buffer-overflow,READ,,0,27
cjson_minify,crash-9289e27b83ce82e3fc49b41843ce5fbc6d7609d8,/Users/ebukaobi/Documents/NemesisForge/gen2/crashes/cjson_minify/crash-9289e27b83ce82e3fc49b41843ce5fbc6d7609d8,READ,heap-buffer-overflow,READ,,0,20
cjson_minify,crash-94d4282b7aa8db64cee5fe1b5c9c025b6219a138,/Users/ebukaobi/Documents/NemesisForge/gen2/crashes/cjson_minify/crash-94d4282b7aa8db64cee5fe1b5c9c025b6219a138,READ,heap-buffer-overflow,READ,,0,17
cjson_minify,crash-9607b3851e593be72e4094c454d7ae5538139677,/Users/ebukaobi/Documents/NemesisForge/gen2/crashes/cjson_minify/crash-9607b3851e593be72e4094c454d7ae5538139677,READ,heap-buffer-overflow,READ,,0,22
cjson_minify,crash-981ddfd83a793ea357848c74e8233223929465e5,/Users/ebukaobi/Documents/NemesisForge/gen2/crashes/cjson_minify/crash-981ddfd83a793ea357848c74e8233223929465e5,READ,heap-buffer-overflow,READ,,0,32
cjson_minify,crash-99572a8f55f2b4a3063157e9d66edc39881b7b09,/Users/ebukaobi/Documents/NemesisForge/gen2/crashes/cjson_minify/crash-99572a8f55f2b4a3063157e9d66edc39881b7b09,READ,heap-buffer-overflow,READ,,0,32
cjson_minify,crash-9b218aca38462ad9c2aa058c03197d0aec9f2107,/Users/ebukaobi/Documents/NemesisForge/gen2/crashes/cjson_minify/crash-9b218aca38462ad9c2aa058c03197d0aec9f2107,READ,heap-buffer-overflow,READ,,0,11
cjson_minify,crash-9d0faf26db9840a8fd7e00c212c2fea5b7c56078,/Users/ebukaobi/Documents/NemesisForge/gen2/crashes/cjson_minify/crash-9d0faf26db9840a8fd7e00c212c2fea5b7c56078,READ,heap-buffer-overflow,READ,,0,13
cjson_minify,crash-9e5c835ee1570f5fc29f9a888c95144a897e17d0,/Users/ebukaobi/Documents/NemesisForge/gen2/crashes/cjson_minify/crash-9e5c835ee1570f5fc29f9a888c95144a897e17d0,READ,heap-buffer-overflow,READ,,0,19
cjson_minify,crash-9f75065599b35451083756d4f2614c90adf18bf3,/Users/ebukaobi/Documents/NemesisForge/gen2/crashes/cjson_minify/crash-9f75065599b35451083756d4f2614c90adf18bf3,READ,heap-buffer-overflow,READ,,0,20
cjson_minify,crash-a11b554aef300ed10df4a78f1f25709e52236c90,/Users/ebukaobi/Documents/NemesisForge/gen2/crashes/cjson_minify/crash-a11b554aef300ed10df4a78f1f25709e52236c90,READ,heap-buffer-overflow,READ,,0,17
cjson_minify,crash-a2658623c7f24f8742faccdad5765734e369b8f0,/Users/ebukaobi/Documents/NemesisForge/gen2/crashes/cjson_minify/crash-a2658623c7f24f8742faccdad5765734e369b8f0,READ,heap-buffer-overflow,READ,,0,17
cjson_minify,crash-a44907b1b015ed77576f9b3f808479c2af27fb3b,/Users/ebukaobi/Documents/NemesisForge/gen2/crashes/cjson_minify/crash-a44907b1b015ed77576f9b3f808479c2af27fb3b,READ,heap-buffer-overflow,READ,,0,13
cjson_minify,crash-a5fd1f0a41e7275c1c615bff6a812b6c1e856673,/Users/ebukaobi/Documents/NemesisForge/gen2/crashes/cjson_minify/crash-a5fd1f0a41e7275c1c615bff6a812b6c1e856673,READ,heap-buffer-overflow,READ,,0,15
cjson_minify,crash-a79c64fc3ebde369da4df281c0dd2d110c9968e1,/Users/ebukaobi/Documents/NemesisForge/gen2/crashes/cjson_minify/crash-a79c64fc3ebde369da4df281c0dd2d110c9968e1,READ,heap-buffer-overflow,READ,,0,11
cjson_minify,crash-a9cf042f7e249628e6aec158bc1a98eba08892a3,/Users/ebukaobi/Documents/NemesisForge/gen2/crashes/cjson_minify/crash-a9cf042f7e249628e6aec158bc1a98eba08892a3,READ,heap-buffer-overflow,READ,,0,28
cjson_minify,crash-abdebae470800be1211cf34ee7ddbfc21fa5f335,/Users/ebukaobi/Documents/NemesisForge/gen2/crashes/cjson_minify/crash-abdebae470800be1211cf34ee7ddbfc21fa5f335,READ,heap-buffer-overflow,READ,,0,13
cjson_minify,crash-ad98407978c1c5f772b6d0176eaf1d7008c9dae8,/Users/ebukaobi/Documents/NemesisForge/gen2/crashes/cjson_minify/crash-ad98407978c1c5f772b6d0176eaf1d7008c9dae8,READ,heap-buffer-overflow,READ,,0,12
cjson_minify,crash-afeefb3b42fa2c5fade96c0226d7e71b59cbaac9,/Users/ebukaobi/Documents/NemesisForge/gen2/crashes/cjson_minify/crash-afeefb3b42fa2c5fade96c0226d7e71b59cbaac9,READ,heap-buffer-overflow,READ,,0,14
cjson_minify,crash-b218382c4d83e32a40796891d9f3bc4f202b5e67,/Users/ebukaobi/Documents/NemesisForge/gen2/crashes/cjson_minify/crash-b218382c4d83e32a40796891d9f3bc4f202b5e67,READ,heap-buffer-overflow,READ,,0,13
cjson_minify,crash-b39de0ada195c9de41ebbabac2c3c79c71519cb2,/Users/ebukaobi/Documents/NemesisForge/gen2/crashes/cjson_minify/crash-b39de0ada195c9de41ebbabac2c3c79c71519cb2,READ,heap-buffer-overflow,READ,,0,15
cjson_minify,crash-b54d03b20feeafcf250b31c7dc44edd8df156c5f,/Users/ebukaobi/Documents/NemesisForge/gen2/crashes/cjson_minify/crash-b54d03b20feeafcf250b31c7dc44edd8df156c5f,READ,heap-buffer-overflow,READ,,0,8
cjson_minify,crash-b7222ace3c042b5f2d9b71a7c74f64490057161b,/Users/ebukaobi/Documents/NemesisForge/gen2/crashes/cjson_minify/crash-b7222ace3c042b5f2d9b71a7c74f64490057161b,READ,heap-buffer-overflow,READ,,0,17
cjson_minify,crash-b91f407ad53c2843a26d18005a7519dc13843fc4,/Users/ebukaobi/Documents/NemesisForge/gen2/crashes/cjson_minify/crash-b91f407ad53c2843a26d18005a7519dc13843fc4,READ,heap-buffer-overflow,READ,,0,30
cjson_minify,crash-ba21fb792a17b735ef474e27236596d21db4b339,/Users/ebukaobi/Documents/NemesisForge/gen2/crashes/cjson_minify/crash-ba21fb792a17b735ef474e27236596d21db4b339,READ,heap-buffer-overflow,READ,,0,30
cjson_minify,crash-bba9c3122cb8808f785206773e7e97e505f5dbf9,/Users/ebukaobi/Documents/NemesisForge/gen2/crashes/cjson_minify/crash-bba9c3122cb8808f785206773e7e97e505f5dbf9,READ,heap-buffer-overflow,READ,,0,15
cjson_minify,crash-bd867ee6257e0bd382d2ddd9c8b39be43fe5bcba,/Users/ebukaobi/Documents/NemesisForge/gen2/crashes/cjson_minify/crash-bd867ee6257e0bd382d2ddd9c8b39be43fe5bcba,READ,heap-buffer-overflow,READ,,0,13
cjson_minify,crash-bfadb45c407e923081cfc12b5e6143b3ff5f7ff3,/Users/ebukaobi/Documents/NemesisForge/gen2/crashes/cjson_minify/crash-bfadb45c407e923081cfc12b5e6143b3ff5f7ff3,READ,heap-buffer-overflow,READ,,0,20
cjson_minify,crash-c119a67d13b3160409f27091056177856c120d0b,/Users/ebukaobi/Documents/NemesisForge/gen2/crashes/cjson_minify/crash-c119a67d13b3160409f27091056177856c120d0b,READ,heap-buffer-overflow,READ,,0,21
cjson_minify,crash-c2e313cac78ea557ab601b23decb7fc6c874f9ed,/Users/ebukaobi/Documents/NemesisForge/gen2/crashes/cjson_minify/crash-c2e313cac78ea557ab601b23decb7fc6c874f9ed,READ,heap-buffer-overflow,READ,,0,25
cjson_minify,crash-c434a2f1b3e661603c222a9c36292be9ae3a28b9,/Users/ebukaobi/Documents/NemesisForge/gen2/crashes/cjson_minify/crash-c434a2f1b3e661603c222a9c36292be9ae3a28b9,READ,heap-buffer-overflow,READ,,0,8
cjson_minify,crash-c561fa9bec5a7c89a76a5c750cad39c7a872cf54,/Users/ebukaobi/Documents/NemesisForge/gen2/crashes/cjson_minify/crash-c561fa9bec5a7c89a76a5c750cad39c7a872cf54,READ,heap-buffer-overflow,READ,,0,33
cjson_minify,crash-c7195dd2452193e9b940ab74c7a4ef1c4fa24973,/Users/ebukaobi/Documents/NemesisForge/gen2/crashes/cjson_minify/crash-c7195dd2452193e9b940ab74c7a4ef1c4fa24973,READ,heap-buffer-overflow,READ,,0,7
cjson_minify,crash-c96a669a952cdf6f9213ac1b01f12ae10c97c2ff,/Users/ebukaobi/Documents/NemesisForge/gen2/crashes/cjson_minify/crash-c96a669a952cdf6f9213ac1b01f12ae10c97c2ff,READ,heap-buffer-overflow,READ,,0,12
cjson_minify,crash-cb55372bfee50a4f70e1f46bf15655b435bf28ad,/Users/ebukaobi/Documents/NemesisForge/gen2/crashes/cjson_minify/crash-cb55372bfee50a4f70e1f46bf15655b435bf28ad,READ,heap-buffer-overflow,READ,,0,15
cjson_minify,crash-cc394da5456a78dbb734f3571ff9575aea340987,/Users/ebukaobi/Documents/NemesisForge/gen2/crashes/cjson_minify/crash-cc394da5456a78dbb734f3571ff9575aea340987,READ,heap-buffer-overflow,READ,,0,11
cjson_minify,crash-ce5373fc394b84eb262a3f9ca8d376446080a944,/Users/ebukaobi/Documents/NemesisForge/gen2/crashes/cjson_minify/crash-ce5373fc394b84eb262a3f9ca8d376446080a944,READ,heap-buffer-overflow,READ,,0,20
cjson_minify,crash-d018959863aa6cab4211db6de89112584b447410,/Users/ebukaobi/Documents/NemesisForge/gen2/crashes/cjson_minify/crash-d018959863aa6cab4211db6de89112584b447410,READ,heap-buffer-overflow,READ,,0,11
cjson_minify,crash-d2612350d867f441646aeb245214e0b5063750ef,/Users/ebukaobi/Documents/NemesisForge/gen2/crashes/cjson_minify/crash-d2612350d867f441646aeb245214e0b5063750ef,READ,heap-buffer-overflow,READ,,0,7
cjson_minify,crash-d508822cd7041af0c39741d136a73b677b6f3afb,/Users/ebukaobi/Documents/NemesisForge/gen2/crashes/cjson_minify/crash-d508822cd7041af0c39741d136a73b677b6f3afb,READ,heap-buffer-overflow,READ,,0,21
cjson_minify,crash-d6cce84bde985d0110bf8bcd77699ce5824cf4ce,/Users/ebukaobi/Documents/NemesisForge/gen2/crashes/cjson_minify/crash-d6cce84bde985d0110bf8bcd77699ce5824cf4ce,READ,heap-buffer-overflow,READ,,0,18
cjson_minify,crash-d9139eb0caa4008e954ece1443875fade3f81dbd,/Users/ebukaobi/Documents/NemesisForge/gen2/crashes/cjson_minify/crash-d9139eb0caa4008e954ece1443875fade3f81dbd,READ,heap-buffer-overflow,READ,,0,9
cjson_minify,crash-da21ee056b03360a4a38bd7980b30f42d6e5ee22,/Users/ebukaobi/Documents/NemesisForge/gen2/crashes/cjson_minify/crash-da21ee056b03360a4a38bd7980b30f42d6e5ee22,READ,heap-buffer-overflow,READ,,0,8
cjson_minify,crash-dc42171bebf36b68603eb7a1670d33fdb7ed0c3c,/Users/ebukaobi/Documents/NemesisForge/gen2/crashes/cjson_minify/crash-dc42171bebf36b68603eb7a1670d33fdb7ed0c3c,READ,heap-buffer-overflow,READ,,0,30
cjson_minify,crash-ddbe184080b38bc5bb4091906882c8afc751a3f6,/Users/ebukaobi/Documents/NemesisForge/gen2/crashes/cjson_minify/crash-ddbe184080b38bc5bb4091906882c8afc751a3f6,READ,heap-buffer-overflow,READ,,0,21
cjson_minify,crash-df76332cc5614ddda903a217f172790cd17afa9b,/Users/ebukaobi/Documents/NemesisForge/gen2/crashes/cjson_minify/crash-df76332cc5614ddda903a217f172790cd17afa9b,READ,heap-buffer-overflow,READ,,0,15
cjson_minify,crash-e13ba93ee1d15fa355b67baf54ab3c24b9f78291,/Users/ebukaobi/Documents/NemesisForge/gen2/crashes/cjson_minify/crash-e13ba93ee1d15fa355b67baf54ab3c24b9f78291,READ,heap-buffer-overflow,READ,,0,19
cjson_minify,crash-e35f460a153de5c31814e672432e4ccb06c06c11,/Users/ebukaobi/Documents/NemesisForge/gen2/crashes/cjson_minify/crash-e35f460a153de5c31814e672432e4ccb06c06c11,READ,heap-buffer-overflow,READ,,0,14
cjson_minify,crash-e51c9da920173949664ed9cbe4a9bf87b44bf360,/Users/ebukaobi/Documents/NemesisForge/gen2/crashes/cjson_minify/crash-e51c9da920173949664ed9cbe4a9bf87b44bf360,READ,heap-buffer-overflow,READ,,0,18
cjson_minify,crash-e66a71872b289d1a0eccf3c2f2c72837850e41c5,/Users/ebukaobi/Documents/NemesisForge/gen2/crashes/cjson_minify/crash-e66a71872b289d1a0eccf3c2f2c72837850e41c5,READ,heap-buffer-overflow,READ,,0,4
cjson_minify,crash-e7e3d4140490babef1f7b2bfb52d32d39d8ad137,/Users/ebukaobi/Documents/NemesisForge/gen2/crashes/cjson_minify/crash-e7e3d4140490babef1f7b2bfb52d32d39d8ad137,READ,heap-buffer-overflow,READ,,0,28
cjson_minify,crash-e951ee2d78a4eae3056cf4619a055065b255cb92,/Users/ebukaobi/Documents/NemesisForge/gen2/crashes/cjson_minify/crash-e951ee2d78a4eae3056cf4619a055065b255cb92,READ,heap-buffer-overflow,READ,,0,14
cjson_minify,crash-ea2addbe680ce9ea652dfad8e096167dfd521ed3,/Users/ebukaobi/Documents/NemesisForge/gen2/crashes/cjson_minify/crash-ea2addbe680ce9ea652dfad8e096167dfd521ed3,READ,heap-buffer-overflow,READ,,0,10
cjson_minify,crash-ebd138ea2c01020016de8d27c0d04dbd884c7ca8,/Users/ebukaobi/Documents/NemesisForge/gen2/crashes/cjson_minify/crash-ebd138ea2c01020016de8d27c0d04dbd884c7ca8,READ,heap-buffer-overflow,READ,,0,18
cjson_minify,crash-ed2cbb454d382542b7095b4359f0da13d854e513,/Users/ebukaobi/Documents/NemesisForge/gen2/crashes/cjson_minify/crash-ed2cbb454d382542b7095b4359f0da13d854e513,READ,heap-buffer-overflow,READ,,0,20
cjson_minify,crash-ef65af05de05e3bcc8004195622e286ceb8f2c8b,/Users/ebukaobi/Documents/NemesisForge/gen2/crashes/cjson_minify/crash-ef65af05de05e3bcc8004195622e286ceb8f2c8b,READ,heap-buffer-overflow,READ,,0,18
cjson_minify,crash-f0e32b7a940b7feb18f3a27972e76b94ec690226,/Users/ebukaobi/Documents/NemesisForge/gen2/crashes/cjson_minify/crash-f0e32b7a940b7feb18f3a27972e76b94ec690226,READ,heap-buffer-overflow,READ,,0,30
cjson_minify,crash-f28c9e9d1617658a649c8942367235047a78d593,/Users/ebukaobi/Documents/NemesisForge/gen2/crashes/cjson_minify/crash-f28c9e9d1617658a649c8942367235047a78d593,READ,heap-buffer-overflow,READ,,0,17
cjson_minify,crash-f43f3b1d089f334277f009eecc49b14518ca3cdb,/Users/ebukaobi/Documents/NemesisForge/gen2/crashes/cjson_minify/crash-f43f3b1d089f334277f009eecc49b14518ca3cdb,READ,heap-buffer-overflow,READ,,0,14
cjson_minify,crash-f6067ac636abdd2fc4c7da3696d048d009267c43,/Users/ebukaobi/Documents/NemesisForge/gen2/crashes/cjson_minify/crash-f6067ac636abdd2fc4c7da3696d048d009267c43,READ,heap-buffer-overflow,READ,,0,13
cjson_minify,crash-f6f7a9a2ab549e6d1580a43560a42fd9ef1d271b,/Users/ebukaobi/Documents/NemesisForge/gen2/crashes/cjson_minify/crash-f6f7a9a2ab549e6d1580a43560a42fd9ef1d271b,READ,heap-buffer-overflow,READ,,0,4
cjson_minify,crash-f89ea17b1d8adc644280fc61edbd99e5d352771e,/Users/ebukaobi/Documents/NemesisForge/gen2/crashes/cjson_minify/crash-f89ea17b1d8adc644280fc61edbd99e5d352771e,READ,heap-buffer-overflow,READ,,0,14
cjson_minify,crash-fab15ce554723b076d5b6d98b2b56c751f3fe6ab,/Users/ebukaobi/Documents/NemesisForge/gen2/crashes/cjson_minify/crash-fab15ce554723b076d5b6d98b2b56c751f3fe6ab,READ,heap-buffer-overflow,READ,,0,19
cjson_minify,crash-fbfaebb6f09752049eec86911aa88bf7c9de8355,/Users/ebukaobi/Documents/NemesisForge/gen2/crashes/cjson_minify/crash-fbfaebb6f09752049eec86911aa88bf7c9de8355,READ,heap-buffer-overflow,READ,,0,8
cjson_minify,crash-fd68ba2cf0914c706ec4c739864219afba11d629,/Users/ebukaobi/Documents/NemesisForge/gen2/crashes/cjson_minify/crash-fd68ba2cf0914c706ec4c739864219afba11d629,READ,heap-buffer-overflow,READ,,0,16
cjson_minify,crash-fe9cd3d9aaa18713cf098f09b8c8abc1b16d6f4e,/Users/ebukaobi/Documents/NemesisForge/gen2/crashes/cjson_minify/crash-fe9cd3d9aaa18713cf098f09b8c8abc1b16d6f4e,READ,heap-buffer-overflow,READ,,0,30
cjson_parsestr,crash-007cee8a132073af1a34ef832b8743824e0dbfd3,/Users/ebukaobi/Documents/NemesisForge/gen2/crashes/cjson_parsestr/crash-007cee8a132073af1a34ef832b8743824e0dbfd3,READ,heap-buffer-overflow,READ,,0,8
cjson_parsestr,crash-011174ac5c0226770decceedecc562d58ff00fe8,/Users/ebukaobi/Documents/NemesisForge/gen2/crashes/cjson_parsestr/crash-011174ac5c0226770decceedecc562d58ff00fe8,READ,heap-buffer-overflow,READ,,0,748
cjson_parsestr,crash-036d7bd2fc0da47a8db56441bc19f0f09cce6548,/Users/ebukaobi/Documents/NemesisForge/gen2/crashes/cjson_parsestr/crash-036d7bd2fc0da47a8db56441bc19f0f09cce6548,READ,heap-buffer-overflow,READ,,0,7
cjson_parsestr,crash-058f64bbb6e46376a38b46ae86c7916aa7b4a0f6,/Users/ebukaobi/Documents/NemesisForge/gen2/crashes/cjson_parsestr/crash-058f64bbb6e46376a38b46ae86c7916aa7b4a0f6,READ,heap-buffer-overflow,READ,,0,8
cjson_parsestr,crash-0784eed313d85662133e873afbb70f0a35e4e2d9,/Users/ebukaobi/Documents/NemesisForge/gen2/crashes/cjson_parsestr/crash-0784eed313d85662133e873afbb70f0a35e4e2d9,READ,heap-buffer-overflow,READ,,0,375
cjson_parsestr,crash-07beefcb0b37eaa73be0cb3fece7c063f31ea70e,/Users/ebukaobi/Documents/NemesisForge/gen2/crashes/cjson_parsestr/crash-07beefcb0b37eaa73be0cb3fece7c063f31ea70e,READ,heap-buffer-overflow,READ,,0,13
cjson_parsestr,crash-08d729df7c540476393e8c4a1d027eb728f50218,/Users/ebukaobi/Documents/NemesisForge/gen2/crashes/cjson_parsestr/crash-08d729df7c540476393e8c4a1d027eb728f50218,READ,heap-buffer-overflow,READ,,0,14
cjson_parsestr,crash-09a94b1cc3997c434b002d70f311195577cecf51,/Users/ebukaobi/Documents/NemesisForge/gen2/crashes/cjson_parsestr/crash-09a94b1cc3997c434b002d70f311195577cecf51,READ,heap-buffer-overflow,READ,,0,94
cjson_parsestr,crash-0d77b55f22aa150db4f6b5062b43621a9d88afe5,/Users/ebukaobi/Documents/NemesisForge/gen2/crashes/cjson_parsestr/crash-0d77b55f22aa150db4f6b5062b43621a9d88afe5,READ,heap-buffer-overflow,READ,,0,8
cjson_parsestr,crash-126724fe041e6749131d731336b1e594c2c547b3,/Users/ebukaobi/Documents/NemesisForge/gen2/crashes/cjson_parsestr/crash-126724fe041e6749131d731336b1e594c2c547b3,READ,heap-buffer-overflow,READ,,0,13
cjson_parsestr,crash-13974881057561d4303769ef42ee8fc4e098c771,/Users/ebukaobi/Documents/NemesisForge/gen2/crashes/cjson_parsestr/crash-13974881057561d4303769ef42ee8fc4e098c771,READ,heap-buffer-overflow,READ,,0,6
cjson_parsestr,crash-144cb5769456445f18cf0ace196092c5a1923d49,/Users/ebukaobi/Documents/NemesisForge/gen2/crashes/cjson_parsestr/crash-144cb5769456445f18cf0ace196092c5a1923d49,READ,heap-buffer-overflow,READ,,0,38
cjson_parsestr,crash-15e916c02d7b3c1550060734a6236bb160ff2104,/Users/ebukaobi/Documents/NemesisForge/gen2/crashes/cjson_parsestr/crash-15e916c02d7b3c1550060734a6236bb160ff2104,READ,heap-buffer-overflow,READ,,0,8
cjson_parsestr,crash-16d25b2d1d1e7e785a53ee518e3e50eb056d8c9a,/Users/ebukaobi/Documents/NemesisForge/gen2/crashes/cjson_parsestr/crash-16d25b2d1d1e7e785a53ee518e3e50eb056d8c9a,READ,heap-buffer-overflow,READ,,0,11
cjson_parsestr,crash-184f1df13c16c9f0199a92d33dd44a9a7eca4bd2,/Users/ebukaobi/Documents/NemesisForge/gen2/crashes/cjson_parsestr/crash-184f1df13c16c9f0199a92d33dd44a9a7eca4bd2,READ,heap-buffer-overflow,READ,,0,7
cjson_parsestr,crash-1a314051d7c33eb8c4142a47a88f944fd409f614,/Users/ebukaobi/Documents/NemesisForge/gen2/crashes/cjson_parsestr/crash-1a314051d7c33eb8c4142a47a88f944fd409f614,READ,heap-buffer-overflow,READ,,0,7
cjson_parsestr,crash-1ac5e4ed0b1d462a6c62c1462dbda75decf4e55c,/Users/ebukaobi/Documents/NemesisForge/gen2/crashes/cjson_parsestr/crash-1ac5e4ed0b1d462a6c62c1462dbda75decf4e55c,READ,heap-buffer-overflow,READ,,0,11
cjson_parsestr,crash-1bf7cd36dfccbfd7e1e08e1bca9a1e9a800ac83e,/Users/ebukaobi/Documents/NemesisForge/gen2/crashes/cjson_parsestr/crash-1bf7cd36dfccbfd7e1e08e1bca9a1e9a800ac83e,READ,heap-buffer-overflow,READ,,0,93
cjson_parsestr,crash-1e6cb2947e14ae942ec65dab800d930d0af8989e,/Users/ebukaobi/Documents/NemesisForge/gen2/crashes/cjson_parsestr/crash-1e6cb2947e14ae942ec65dab800d930d0af8989e,READ,heap-buffer-overflow,READ,,0,17
cjson_parsestr,crash-1f6b208934a066bc814fd855669d1d1dbad1bb41,/Users/ebukaobi/Documents/NemesisForge/gen2/crashes/cjson_parsestr/crash-1f6b208934a066bc814fd855669d1d1dbad1bb41,READ,heap-buffer-overflow,READ,,0,18
cjson_parsestr,crash-20e3aad89490b8efc24156ccda47330f86ffa6b7,/Users/ebukaobi/Documents/NemesisForge/gen2/crashes/cjson_parsestr/crash-20e3aad89490b8efc24156ccda47330f86ffa6b7,READ,heap-buffer-overflow,READ,,0,7
cjson_parsestr,crash-22abfbc38fbed7862d1422dc87319ff5241b0ff6,/Users/ebukaobi/Documents/NemesisForge/gen2/crashes/cjson_parsestr/crash-22abfbc38fbed7862d1422dc87319ff5241b0ff6,READ,heap-buffer-overflow,READ,,0,2500
cjson_parsestr,crash-23777affe1b7d5947124c62ec1926e5d87c0024d,/Users/ebukaobi/Documents/NemesisForge/gen2/crashes/cjson_parsestr/crash-23777affe1b7d5947124c62ec1926e5d87c0024d,READ,heap-buffer-overflow,READ,,0,11
cjson_parsestr,crash-24ef2687906a01b18bb806107345f86bf20d3c6f,/Users/ebukaobi/Documents/NemesisForge/gen2/crashes/cjson_parsestr/crash-24ef2687906a01b18bb806107345f86bf20d3c6f,READ,heap-buffer-overflow,READ,,0,14
cjson_parsestr,crash-2609005c20754a28f232d17f671043c2d778c46c,/Users/ebukaobi/Documents/NemesisForge/gen2/crashes/cjson_parsestr/crash-2609005c20754a28f232d17f671043c2d778c46c,READ,heap-buffer-overflow,READ,,0,530
cjson_parsestr,crash-277fc322bc61d52075c0ee32c7d34a6a1a1b35bc,/Users/ebukaobi/Documents/NemesisForge/gen2/crashes/cjson_parsestr/crash-277fc322bc61d52075c0ee32c7d34a6a1a1b35bc,READ,heap-buffer-overflow,READ,,0,22
cjson_parsestr,crash-2a976d18a4ac0b6b84e0c8d40afdea18aec6af68,/Users/ebukaobi/Documents/NemesisForge/gen2/crashes/cjson_parsestr/crash-2a976d18a4ac0b6b84e0c8d40afdea18aec6af68,READ,heap-buffer-overflow,READ,,0,99
cjson_parsestr,crash-2c3e34cf9a051f936fdfd5d29b7bda4898588646,/Users/ebukaobi/Documents/NemesisForge/gen2/crashes/cjson_parsestr/crash-2c3e34cf9a051f936fdfd5d29b7bda4898588646,READ,heap-buffer-overflow,READ,,0,11
cjson_parsestr,crash-2c5992ab526bc8ddec47f4a5b2d9191aee104dc2,/Users/ebukaobi/Documents/NemesisForge/gen2/crashes/cjson_parsestr/crash-2c5992ab526bc8ddec47f4a5b2d9191aee104dc2,READ,heap-buffer-overflow,READ,,0,17
cjson_parsestr,crash-2ce34d5d7ed14e7333b3ffcf06a5093426ce350f,/Users/ebukaobi/Documents/NemesisForge/gen2/crashes/cjson_parsestr/crash-2ce34d5d7ed14e7333b3ffcf06a5093426ce350f,READ,heap-buffer-overflow,READ,,0,15
cjson_parsestr,crash-2d312c921ca1761feb9586c780816d57f91420d8,/Users/ebukaobi/Documents/NemesisForge/gen2/crashes/cjson_parsestr/crash-2d312c921ca1761feb9586c780816d57f91420d8,READ,heap-buffer-overflow,READ,,0,16
cjson_parsestr,crash-2f73bc2f04176c89346aa8d19827bffb21d95874,/Users/ebukaobi/Documents/NemesisForge/gen2/crashes/cjson_parsestr/crash-2f73bc2f04176c89346aa8d19827bffb21d95874,READ,heap-buffer-overflow,READ,,0,9
cjson_parsestr,crash-324f731d5686c8bcb25f518c27c0cfb8a20ae212,/Users/ebukaobi/Documents/NemesisForge/gen2/crashes/cjson_parsestr/crash-324f731d5686c8bcb25f518c27c0cfb8a20ae212,READ,heap-buffer-overflow,READ,,0,101
cjson_parsestr,crash-333331425e486a1fb6c3964fb9b410f428afb19d,/Users/ebukaobi/Documents/NemesisForge/gen2/crashes/cjson_parsestr/crash-333331425e486a1fb6c3964fb9b410f428afb19d,READ,heap-buffer-overflow,READ,,0,54
cjson_parsestr,crash-37c48074e7332ab5d2549cad74a0ca0912473030,/Users/ebukaobi/Documents/NemesisForge/gen2/crashes/cjson_parsestr/crash-37c48074e7332ab5d2549cad74a0ca0912473030,READ,heap-buffer-overflow,READ,,0,23
cjson_parsestr,crash-3833516a361d85845a6b89d0f2ff5fba1d4a598b,/Users/ebukaobi/Documents/NemesisForge/gen2/crashes/cjson_parsestr/crash-3833516a361d85845a6b89d0f2ff5fba1d4a598b,READ,heap-buffer-overflow,READ,,0,11
cjson_parsestr,crash-3aa9382e3cccae20748e9dc8236bb6c3e3e980b2,/Users/ebukaobi/Documents/NemesisForge/gen2/crashes/cjson_parsestr/crash-3aa9382e3cccae20748e9dc8236bb6c3e3e980b2,READ,heap-buffer-overflow,READ,,0,17
cjson_parsestr,crash-3c135bf3cf69ef90175530a6952b25f2536ff60d,/Users/ebukaobi/Documents/NemesisForge/gen2/crashes/cjson_parsestr/crash-3c135bf3cf69ef90175530a6952b25f2536ff60d,READ,heap-buffer-overflow,READ,,0,16
cjson_parsestr,crash-3d792717aac8f7b11ce66a50cfb03d780d7b20e8,/Users/ebukaobi/Documents/NemesisForge/gen2/crashes/cjson_parsestr/crash-3d792717aac8f7b11ce66a50cfb03d780d7b20e8,READ,heap-buffer-overflow,READ,,0,11
cjson_parsestr,crash-3de5d0b2fae8049b0c2b23d54742d4b83ba37e14,/Users/ebukaobi/Documents/NemesisForge/gen2/crashes/cjson_parsestr/crash-3de5d0b2fae8049b0c2b23d54742d4b83ba37e14,READ,heap-buffer-overflow,READ,,0,27
cjson_parsestr,crash-4088f39b3e58048acfdbeb1197aad70dc9bb8078,/Users/ebukaobi/Documents/NemesisForge/gen2/crashes/cjson_parsestr/crash-4088f39b3e58048acfdbeb1197aad70dc9bb8078,READ,heap-buffer-overflow,READ,,0,49
cjson_parsestr,crash-426454f76bbcb576c259f2018aaf3831a1a1b4a6,/Users/ebukaobi/Documents/NemesisForge/gen2/crashes/cjson_parsestr/crash-426454f76bbcb576c259f2018aaf3831a1a1b4a6,READ,heap-buffer-overflow,READ,,0,8
cjson_parsestr,crash-44c086afd65c703591200b061320a3235cb80c52,/Users/ebukaobi/Documents/NemesisForge/gen2/crashes/cjson_parsestr/crash-44c086afd65c703591200b061320a3235cb80c52,READ,heap-buffer-overflow,READ,,0,171
cjson_parsestr,crash-45efeff10f3d9ade0e219e3d4de5f95f033b35c1,/Users/ebukaobi/Documents/NemesisForge/gen2/crashes/cjson_parsestr/crash-45efeff10f3d9ade0e219e3d4de5f95f033b35c1,READ,heap-buffer-overflow,READ,,0,7
cjson_parsestr,crash-4602a5bc7325d479bc53f4d6eaa9b1a1cf363c8d,/Users/ebukaobi/Documents/NemesisForge/gen2/crashes/cjson_parsestr/crash-4602a5bc7325d479bc53f4d6eaa9b1a1cf363c8d,READ,heap-buffer-overflow,READ,,0,7
cjson_parsestr,crash-4b1112e4b5cee180599a9be07fd0fa9893477a0d,/Users/ebukaobi/Documents/NemesisForge/gen2/crashes/cjson_parsestr/crash-4b1112e4b5cee180599a9be07fd0fa9893477a0d,READ,heap-buffer-overflow,READ,,0,64
cjson_parsestr,crash-4bc43971bd6edc594ffed0302830b5af8c784b1b,/Users/ebukaobi/Documents/NemesisForge/gen2/crashes/cjson_parsestr/crash-4bc43971bd6edc594ffed0302830b5af8c784b1b,READ,heap-buffer-overflow,READ,,0,17
cjson_parsestr,crash-4cfb9c1f3c215a979be8710dc707c2739d6ab4c2,/Users/ebukaobi/Documents/NemesisForge/gen2/crashes/cjson_parsestr/crash-4cfb9c1f3c215a979be8710dc707c2739d6ab4c2,READ,heap-buffer-overflow,READ,,0,67
cjson_parsestr,crash-4fadcb9629a6914b0a9cde13eaf64e223692def7,/Users/ebukaobi/Documents/NemesisForge/gen2/crashes/cjson_parsestr/crash-4fadcb9629a6914b0a9cde13eaf64e223692def7,READ,heap-buffer-overflow,READ,,0,64
cjson_parsestr,crash-522435109fa94f98fdbf2c147b7ad54c08edd51b,/Users/ebukaobi/Documents/NemesisForge/gen2/crashes/cjson_parsestr/crash-522435109fa94f98fdbf2c147b7ad54c08edd51b,READ,heap-buffer-overflow,READ,,0,14
cjson_parsestr,crash-547d8e2c9be1717d7c7cb3a5edfecb432edd969a,/Users/ebukaobi/Documents/NemesisForge/gen2/crashes/cjson_parsestr/crash-547d8e2c9be1717d7c7cb3a5edfecb432edd969a,READ,heap-buffer-overflow,READ,,0,17
cjson_parsestr,crash-55f353f00178cb6b37e223e513401646235c0f8b,/Users/ebukaobi/Documents/NemesisForge/gen2/crashes/cjson_parsestr/crash-55f353f00178cb6b37e223e513401646235c0f8b,READ,heap-buffer-overflow,READ,,0,99
cjson_parsestr,crash-56e6b16277b465530859e3abbb090c7297466e52,/Users/ebukaobi/Documents/NemesisForge/gen2/crashes/cjson_parsestr/crash-56e6b16277b465530859e3abbb090c7297466e52,READ,heap-buffer-overflow,READ,,0,41
cjson_parsestr,crash-5929d5f50e409eb1e571fe3001cf317effe15702,/Users/ebukaobi/Documents/NemesisForge/gen2/crashes/cjson_parsestr/crash-5929d5f50e409eb1e571fe3001cf317effe15702,READ,heap-buffer-overflow,READ,,0,1007
cjson_parsestr,crash-5af3e6912b379987c80da89a04bd4e8a9546d5f6,/Users/ebukaobi/Documents/NemesisForge/gen2/crashes/cjson_parsestr/crash-5af3e6912b379987c80da89a04bd4e8a9546d5f6,READ,heap-buffer-overflow,READ,,0,11
cjson_parsestr,crash-5deac6692006a538a81e94c025a0cab93edef143,/Users/ebukaobi/Documents/NemesisForge/gen2/crashes/cjson_parsestr/crash-5deac6692006a538a81e94c025a0cab93edef143,READ,heap-buffer-overflow,READ,,0,25
cjson_parsestr,crash-60acd98e483a876791214ced63aa99c0250cffbc,/Users/ebukaobi/Documents/NemesisForge/gen2/crashes/cjson_parsestr/crash-60acd98e483a876791214ced63aa99c0250cffbc,READ,heap-buffer-overflow,READ,,0,61
cjson_parsestr,crash-636e9d736241e2d7b0860a33ca6f3e080157729e,/Users/ebukaobi/Documents/NemesisForge/gen2/crashes/cjson_parsestr/crash-636e9d736241e2d7b0860a33ca6f3e080157729e,READ,heap-buffer-overflow,READ,,0,31
cjson_parsestr,crash-65072772f42fba1d4da744a99b9eee0882ab52d9,/Users/ebukaobi/Documents/NemesisForge/gen2/crashes/cjson_parsestr/crash-65072772f42fba1d4da744a99b9eee0882ab52d9,READ,heap-buffer-overflow,READ,,0,180
cjson_parsestr,crash-65e128761968c26f5e405caee747aa520368e808,/Users/ebukaobi/Documents/NemesisForge/gen2/crashes/cjson_parsestr/crash-65e128761968c26f5e405caee747aa520368e808,READ,heap-buffer-overflow,READ,,0,41
cjson_parsestr,crash-680a6c1a70106f5528f1afe6971423effc80bed0,/Users/ebukaobi/Documents/NemesisForge/gen2/crashes/cjson_parsestr/crash-680a6c1a70106f5528f1afe6971423effc80bed0,READ,heap-buffer-overflow,READ,,0,15
cjson_parsestr,crash-68f2192c9914bc549f75bb282ffe1c6eabbfb2ee,/Users/ebukaobi/Documents/NemesisForge/gen2/crashes/cjson_parsestr/crash-68f2192c9914bc549f75bb282ffe1c6eabbfb2ee,READ,heap-buffer-overflow,READ,,0,27
cjson_parsestr,crash-69836b27b8513b77efeeda2c133bda58be1e12dd,/Users/ebukaobi/Documents/NemesisForge/gen2/crashes/cjson_parsestr/crash-69836b27b8513b77efeeda2c133bda58be1e12dd,READ,heap-buffer-overflow,READ,,0,84
cjson_parsestr,crash-6bd040a67265f82686f39abb865be3a10da81c90,/Users/ebukaobi/Documents/NemesisForge/gen2/crashes/cjson_parsestr/crash-6bd040a67265f82686f39abb865be3a10da81c90,READ,heap-buffer-overflow,READ,,0,7
cjson_parsestr,crash-6d66710e0c79fe81f591d214d8cd4dc9c43e6e5e,/Users/ebukaobi/Documents/NemesisForge/gen2/crashes/cjson_parsestr/crash-6d66710e0c79fe81f591d214d8cd4dc9c43e6e5e,READ,heap-buffer-overflow,READ,,0,7
cjson_parsestr,crash-70631decdc1acaad28992bc114efc67eac553f5c,/Users/ebukaobi/Documents/NemesisForge/gen2/crashes/cjson_parsestr/crash-70631decdc1acaad28992bc114efc67eac553f5c,READ,heap-buffer-overflow,READ,,0,13
cjson_parsestr,crash-7420cecf22050045b0ba39457b10a63945c325c3,/Users/ebukaobi/Documents/NemesisForge/gen2/crashes/cjson_parsestr/crash-7420cecf22050045b0ba39457b10a63945c325c3,READ,heap-buffer-overflow,READ,,0,12
cjson_parsestr,crash-7543625d2f108cfc76310fee76857671647f9633,/Users/ebukaobi/Documents/NemesisForge/gen2/crashes/cjson_parsestr/crash-7543625d2f108cfc76310fee76857671647f9633,READ,heap-buffer-overflow,READ,,0,16
cjson_parsestr,crash-7650d6f333e3cb41eb1a4dc129854dfc97d5dc70,/Users/ebukaobi/Documents/NemesisForge/gen2/crashes/cjson_parsestr/crash-7650d6f333e3cb41eb1a4dc129854dfc97d5dc70,READ,heap-buffer-overflow,READ,,0,13
cjson_parsestr,crash-7755ef8175be0bfeeaf1cc77593a1b2b1d403280,/Users/ebukaobi/Documents/NemesisForge/gen2/crashes/cjson_parsestr/crash-7755ef8175be0bfeeaf1cc77593a1b2b1d403280,READ,heap-buffer-overflow,READ,,0,1482
cjson_parsestr,crash-78c39c17da7d4f005caa9c0cc81a4d2f9e7bae78,/Users/ebukaobi/Documents/NemesisForge/gen2/crashes/cjson_parsestr/crash-78c39c17da7d4f005caa9c0cc81a4d2f9e7bae78,READ,heap-buffer-overflow,READ,,0,9
cjson_parsestr,crash-7c0253cc39657d7c8f8c8cfb68c0c1258f79ff7a,/Users/ebukaobi/Documents/NemesisForge/gen2/crashes/cjson_parsestr/crash-7c0253cc39657d7c8f8c8cfb68c0c1258f79ff7a,READ,heap-buffer-overflow,READ,,0,8
cjson_parsestr,crash-7e279ee9847b72ed3186608f38734cb971e0c71d,/Users/ebukaobi/Documents/NemesisForge/gen2/crashes/cjson_parsestr/crash-7e279ee9847b72ed3186608f38734cb971e0c71d,READ,heap-buffer-overflow,READ,,0,20
cjson_parsestr,crash-7fd01afde69dd7a223c244261906516df47bf989,/Users/ebukaobi/Documents/NemesisForge/gen2/crashes/cjson_parsestr/crash-7fd01afde69dd7a223c244261906516df47bf989,READ,heap-buffer-overflow,READ,,0,7
cjson_parsestr,crash-814eb2f765fdbb2b42dde0cb651813888e366326,/Users/ebukaobi/Documents/NemesisForge/gen2/crashes/cjson_parsestr/crash-814eb2f765fdbb2b42dde0cb651813888e366326,READ,heap-buffer-overflow,READ,,0,17
cjson_parsestr,crash-82ec1577dadbe6c6f063b5b7120eaaea9fbcfcfb,/Users/ebukaobi/Documents/NemesisForge/gen2/crashes/cjson_parsestr/crash-82ec1577dadbe6c6f063b5b7120eaaea9fbcfcfb,READ,heap-buffer-overflow,READ,,0,1747
cjson_parsestr,crash-847208c61c803a899ade58aaa8a7bdc332418f44,/Users/ebukaobi/Documents/NemesisForge/gen2/crashes/cjson_parsestr/crash-847208c61c803a899ade58aaa8a7bdc332418f44,READ,heap-buffer-overflow,READ,,0,16
cjson_parsestr,crash-856477c750f110a5e663fffd1bbce296e24849a1,/Users/ebukaobi/Documents/NemesisForge/gen2/crashes/cjson_parsestr/crash-856477c750f110a5e663fffd1bbce296e24849a1,READ,heap-buffer-overflow,READ,,0,125
cjson_parsestr,crash-88cd04caa32f8a6e8748c1679bf713c7c04150b6,/Users/ebukaobi/Documents/NemesisForge/gen2/crashes/cjson_parsestr/crash-88cd04caa32f8a6e8748c1679bf713c7c04150b6,READ,heap-buffer-overflow,READ,,0,48
cjson_parsestr,crash-8a7237a31b1703b938e02bdec85b0b3ad28449d3,/Users/ebukaobi/Documents/NemesisForge/gen2/crashes/cjson_parsestr/crash-8a7237a31b1703b938e02bdec85b0b3ad28449d3,READ,heap-buffer-overflow,READ,,0,10
cjson_parsestr,crash-8cc8d927bcd653a10894c8a3580f14f5ec291fe1,/Users/ebukaobi/Documents/NemesisForge/gen2/crashes/cjson_parsestr/crash-8cc8d927bcd653a10894c8a3580f14f5ec291fe1,READ,heap-buffer-overflow,READ,,0,14
cjson_parsestr,crash-8d5e3e6c595e9739bfbe244ad105729d7745ddf2,/Users/ebukaobi/Documents/NemesisForge/gen2/crashes/cjson_parsestr/crash-8d5e3e6c595e9739bfbe244ad105729d7745ddf2,READ,heap-buffer-overflow,READ,,0,14
cjson_parsestr,crash-8de169ce85ed2defed0abb446bbda6b0e28b9810,/Users/ebukaobi/Documents/NemesisForge/gen2/crashes/cjson_parsestr/crash-8de169ce85ed2defed0abb446bbda6b0e28b9810,READ,heap-buffer-overflow,READ,,0,9
cjson_parsestr,crash-92834c51193662b41c5250650a390440bffcfda3,/Users/ebukaobi/Documents/NemesisForge/gen2/crashes/cjson_parsestr/crash-92834c51193662b41c5250650a390440bffcfda3,READ,heap-buffer-overflow,READ,,0,169
cjson_parsestr,crash-943c091184cc1211f24ea6e659803821c833948e,/Users/ebukaobi/Documents/NemesisForge/gen2/crashes/cjson_parsestr/crash-943c091184cc1211f24ea6e659803821c833948e,READ,heap-buffer-overflow,READ,,0,15
cjson_parsestr,crash-98113a57084b907315bfe8bb6c9524efc6e5d624,/Users/ebukaobi/Documents/NemesisForge/gen2/crashes/cjson_parsestr/crash-98113a57084b907315bfe8bb6c9524efc6e5d624,READ,heap-buffer-overflow,READ,,0,12
cjson_parsestr,crash-98fdf40dc4c8bbbd721c25191fe357922652e4ee,/Users/ebukaobi/Documents/NemesisForge/gen2/crashes/cjson_parsestr/crash-98fdf40dc4c8bbbd721c25191fe357922652e4ee,READ,heap-buffer-overflow,READ,,0,12
cjson_parsestr,crash-9c3739ed22aceef415d98d394d3f0d3af8d4f84b,/Users/ebukaobi/Documents/NemesisForge/gen2/crashes/cjson_parsestr/crash-9c3739ed22aceef415d98d394d3f0d3af8d4f84b,READ,heap-buffer-overflow,READ,,0,8
cjson_parsestr,crash-9d982ed98f5925577aea8e65fbe22cb7bdd24679,/Users/ebukaobi/Documents/NemesisForge/gen2/crashes/cjson_parsestr/crash-9d982ed98f5925577aea8e65fbe22cb7bdd24679,READ,heap-buffer-overflow,READ,,0,23
cjson_parsestr,crash-9f8b4b43cd9bdedacc7ac039e48096b014fa2d89,/Users/ebukaobi/Documents/NemesisForge/gen2/crashes/cjson_parsestr/crash-9f8b4b43cd9bdedacc7ac039e48096b014fa2d89,READ,heap-buffer-overflow,READ,,0,16
cjson_parsestr,crash-a03f3cf79ed1f871ddf0359dfe4c0eb8a10ab43d,/Users/ebukaobi/Documents/NemesisForge/gen2/crashes/cjson_parsestr/crash-a03f3cf79ed1f871ddf0359dfe4c0eb8a10ab43d,READ,heap-buffer-overflow,READ,,0,9
cjson_parsestr,crash-a2fe716461a67fd11a3f5ce686f9e50ec6a9746a,/Users/ebukaobi/Documents/NemesisForge/gen2/crashes/cjson_parsestr/crash-a2fe716461a67fd11a3f5ce686f9e50ec6a9746a,READ,heap-buffer-overflow,READ,,0,1276
cjson_parsestr,crash-a43bbc01018e6ac2c441d2caf3d40dbd43ceb8af,/Users/ebukaobi/Documents/NemesisForge/gen2/crashes/cjson_parsestr/crash-a43bbc01018e6ac2c441d2caf3d40dbd43ceb8af,READ,heap-buffer-overflow,READ,,0,38
cjson_parsestr,crash-a56ca1dc97e4302e9ca00baf25b6603cd908bf14,/Users/ebukaobi/Documents/NemesisForge/gen2/crashes/cjson_parsestr/crash-a56ca1dc97e4302e9ca00baf25b6603cd908bf14,READ,heap-buffer-overflow,READ,,0,112
cjson_parsestr,crash-a95b8b1dfe302f2579f2cf9528bc3815e474365d,/Users/ebukaobi/Documents/NemesisForge/gen2/crashes/cjson_parsestr/crash-a95b8b1dfe302f2579f2cf9528bc3815e474365d,READ,heap-buffer-overflow,READ,,0,21
cjson_parsestr,crash-aa43cc26512e860895f9ab85d52752262156ed83,/Users/ebukaobi/Documents/NemesisForge/gen2/crashes/cjson_parsestr/crash-aa43cc26512e860895f9ab85d52752262156ed83,READ,heap-buffer-overflow,READ,,0,8
cjson_parsestr,crash-adcac5ce8edc1b6c41dc05bdbaffa558099d1209,/Users/ebukaobi/Documents/NemesisForge/gen2/crashes/cjson_parsestr/crash-adcac5ce8edc1b6c41dc05bdbaffa558099d1209,READ,heap-buffer-overflow,READ,,0,89
cjson_parsestr,crash-b41459149f3b35d43dfd214dac7913f3569f6b17,/Users/ebukaobi/Documents/NemesisForge/gen2/crashes/cjson_parsestr/crash-b41459149f3b35d43dfd214dac7913f3569f6b17,READ,heap-buffer-overflow,READ,,0,8
cjson_parsestr,crash-b57b3425cbc4990cf326bf996ba6ef54520ef84c,/Users/ebukaobi/Documents/NemesisForge/gen2/crashes/cjson_parsestr/crash-b57b3425cbc4990cf326bf996ba6ef54520ef84c,READ,heap-buffer-overflow,READ,,0,17
cjson_parsestr,crash-b5e01fb9cd13d298afebed75e646f13124265287,/Users/ebukaobi/Documents/NemesisForge/gen2/crashes/cjson_parsestr/crash-b5e01fb9cd13d298afebed75e646f13124265287,READ,heap-buffer-overflow,READ,,0,26
cjson_parsestr,crash-b8dd80e62a480853fbe54108cc5f953a17354d25,/Users/ebukaobi/Documents/NemesisForge/gen2/crashes/cjson_parsestr/crash-b8dd80e62a480853fbe54108cc5f953a17354d25,READ,heap-buffer-overflow,READ,,0,16
cjson_parsestr,crash-b917478160a63191bbaf307cfe5257e1f9053864,/Users/ebukaobi/Documents/NemesisForge/gen2/crashes/cjson_parsestr/crash-b917478160a63191bbaf307cfe5257e1f9053864,READ,heap-buffer-overflow,READ,,0,8
cjson_parsestr,crash-bb96ce845b3f54d7859a257e25ab53ffb9ffc37a,/Users/ebukaobi/Documents/NemesisForge/gen2/crashes/cjson_parsestr/crash-bb96ce845b3f54d7859a257e25ab53ffb9ffc37a,READ,heap-buffer-overflow,READ,,0,21
cjson_parsestr,crash-bbdfa0e95effc235ffa2809f5b9fdfb0bc518e58,/Users/ebukaobi/Documents/NemesisForge/gen2/crashes/cjson_parsestr/crash-bbdfa0e95effc235ffa2809f5b9fdfb0bc518e58,READ,heap-buffer-overflow,READ,,0,9
cjson_parsestr,crash-bcb944efbc246f723c54fe1c14324d5823f61c8e,/Users/ebukaobi/Documents/NemesisForge/gen2/crashes/cjson_parsestr/crash-bcb944efbc246f723c54fe1c14324d5823f61c8e,READ,heap-buffer-overflow,READ,,0,61
cjson_parsestr,crash-bfa5604c10e336a084bd3224ee83f71b1acb5fed,/Users/ebukaobi/Documents/NemesisForge/gen2/crashes/cjson_parsestr/crash-bfa5604c10e336a084bd3224ee83f71b1acb5fed,READ,heap-buffer-overflow,READ,,0,76
cjson_parsestr,crash-c18e94e0cbb6ed5b4ec75b539b565cd1a13912bf,/Users/ebukaobi/Documents/NemesisForge/gen2/crashes/cjson_parsestr/crash-c18e94e0cbb6ed5b4ec75b539b565cd1a13912bf,READ,heap-buffer-overflow,READ,,0,22
cjson_parsestr,crash-c26ac2e83bc11b0eb7923250c5c431f7d1ef79dd,/Users/ebukaobi/Documents/NemesisForge/gen2/crashes/cjson_parsestr/crash-c26ac2e83bc11b0eb7923250c5c431f7d1ef79dd,READ,heap-buffer-overflow,READ,,0,7
cjson_parsestr,crash-c528e6f2ba41a8de5e2514c12f11b33c4eaca307,/Users/ebukaobi/Documents/NemesisForge/gen2/crashes/cjson_parsestr/crash-c528e6f2ba41a8de5e2514c12f11b33c4eaca307,READ,heap-buffer-overflow,READ,,0,9
cjson_parsestr,crash-c68f6b59469430599b768727c8b08a37841c5315,/Users/ebukaobi/Documents/NemesisForge/gen2/crashes/cjson_parsestr/crash-c68f6b59469430599b768727c8b08a37841c5315,READ,heap-buffer-overflow,READ,,0,10
cjson_parsestr,crash-c7d20babb1a3c1f8f75aabd270a1bac3eaa9c2f2,/Users/ebukaobi/Documents/NemesisForge/gen2/crashes/cjson_parsestr/crash-c7d20babb1a3c1f8f75aabd270a1bac3eaa9c2f2,READ,heap-buffer-overflow,READ,,0,7
cjson_parsestr,crash-cabd34e97c4f7708a1554748d5f080c6b9f20100,/Users/ebukaobi/Documents/NemesisForge/gen2/crashes/cjson_parsestr/crash-cabd34e97c4f7708a1554748d5f080c6b9f20100,READ,heap-buffer-overflow,READ,,0,8
cjson_parsestr,crash-cb6889e150f114c3e06b878c57e20705c0099cce,/Users/ebukaobi/Documents/NemesisForge/gen2/crashes/cjson_parsestr/crash-cb6889e150f114c3e06b878c57e20705c0099cce,READ,heap-buffer-overflow,READ,,0,14
cjson_parsestr,crash-cc2fec796645c8b8c563c8ed5cc69a84810bcb59,/Users/ebukaobi/Documents/NemesisForge/gen2/crashes/cjson_parsestr/crash-cc2fec796645c8b8c563c8ed5cc69a84810bcb59,READ,heap-buffer-overflow,READ,,0,291
cjson_parsestr,crash-cef4db34c4f4c74d6ea2984d81d033d63dd8eeb1,/Users/ebukaobi/Documents/NemesisForge/gen2/crashes/cjson_parsestr/crash-cef4db34c4f4c74d6ea2984d81d033d63dd8eeb1,READ,heap-buffer-overflow,READ,,0,11
cjson_parsestr,crash-d04caf69d9ff2df4a021da3b5a5a0155ec47f3fa,/Users/ebukaobi/Documents/NemesisForge/gen2/crashes/cjson_parsestr/crash-d04caf69d9ff2df4a021da3b5a5a0155ec47f3fa,READ,heap-buffer-overflow,READ,,0,220
cjson_parsestr,crash-d14867cc7ed431ab9030cbe36aa22d464cd55877,/Users/ebukaobi/Documents/NemesisForge/gen2/crashes/cjson_parsestr/crash-d14867cc7ed431ab9030cbe36aa22d464cd55877,READ,heap-buffer-overflow,READ,,0,10
cjson_parsestr,crash-d3e17211580026e5513d5cc7856aa1ab1fcae13b,/Users/ebukaobi/Documents/NemesisForge/gen2/crashes/cjson_parsestr/crash-d3e17211580026e5513d5cc7856aa1ab1fcae13b,READ,heap-buffer-overflow,READ,,0,14
cjson_parsestr,crash-d4ce8cb98ddc1eea1527e875b6892059bf465ce0,/Users/ebukaobi/Documents/NemesisForge/gen2/crashes/cjson_parsestr/crash-d4ce8cb98ddc1eea1527e875b6892059bf465ce0,READ,heap-buffer-overflow,READ,,0,25
cjson_parsestr,crash-d58ffbe0fac06f26d25f99a046d61ea8f9eb1b61,/Users/ebukaobi/Documents/NemesisForge/gen2/crashes/cjson_parsestr/crash-d58ffbe0fac06f26d25f99a046d61ea8f9eb1b61,READ,heap-buffer-overflow,READ,,0,11
cjson_parsestr,crash-d5af0848bdd1bb1104d452d4b68c34569a6bdc33,/Users/ebukaobi/Documents/NemesisForge/gen2/crashes/cjson_parsestr/crash-d5af0848bdd1bb1104d452d4b68c34569a6bdc33,READ,heap-buffer-overflow,READ,,0,10
cjson_parsestr,crash-d6c62c1152a23c1095d96169b2011ede221b63b1,/Users/ebukaobi/Documents/NemesisForge/gen2/crashes/cjson_parsestr/crash-d6c62c1152a23c1095d96169b2011ede221b63b1,READ,heap-buffer-overflow,READ,,0,45
cjson_parsestr,crash-db28e79fa10b1cf4cb5705ba607dc7db0122f122,/Users/ebukaobi/Documents/NemesisForge/gen2/crashes/cjson_parsestr/crash-db28e79fa10b1cf4cb5705ba607dc7db0122f122,READ,heap-buffer-overflow,READ,,0,10
cjson_parsestr,crash-dc2fc0049bdc76d2f5566f317f9cdfb664311ee8,/Users/ebukaobi/Documents/NemesisForge/gen2/crashes/cjson_parsestr/crash-dc2fc0049bdc76d2f5566f317f9cdfb664311ee8,READ,heap-buffer-overflow,READ,,0,10
cjson_parsestr,crash-dcd7f68c8f9de83524df98c0e0723ba57d5af0fc,/Users/ebukaobi/Documents/NemesisForge/gen2/crashes/cjson_parsestr/crash-dcd7f68c8f9de83524df98c0e0723ba57d5af0fc,READ,heap-buffer-overflow,READ,,0,19
cjson_parsestr,crash-de940cbb0ca85dd2e9c58484588012baec10df43,/Users/ebukaobi/Documents/NemesisForge/gen2/crashes/cjson_parsestr/crash-de940cbb0ca85dd2e9c58484588012baec10df43,READ,heap-buffer-overflow,READ,,0,9
cjson_parsestr,crash-df7db2524878ba4697609a30994c9b149c52a31c,/Users/ebukaobi/Documents/NemesisForge/gen2/crashes/cjson_parsestr/crash-df7db2524878ba4697609a30994c9b149c52a31c,READ,heap-buffer-overflow,READ,,0,16
cjson_parsestr,crash-e13a407f28d831b13fd90de7f1b5aad5681df7c1,/Users/ebukaobi/Documents/NemesisForge/gen2/crashes/cjson_parsestr/crash-e13a407f28d831b13fd90de7f1b5aad5681df7c1,READ,heap-buffer-overflow,READ,,0,72
cjson_parsestr,crash-e324d07d53653249bef9f3114bb2db2bda4cc2b9,/Users/ebukaobi/Documents/NemesisForge/gen2/crashes/cjson_parsestr/crash-e324d07d53653249bef9f3114bb2db2bda4cc2b9,READ,heap-buffer-overflow,READ,,0,14
cjson_parsestr,crash-e45d15ca97f94fdf9c05050ce2c14f7477e0fc49,/Users/ebukaobi/Documents/NemesisForge/gen2/crashes/cjson_parsestr/crash-e45d15ca97f94fdf9c05050ce2c14f7477e0fc49,READ,heap-buffer-overflow,READ,,0,134
cjson_parsestr,crash-e549f0764138565c9785b73a1b66757059a53463,/Users/ebukaobi/Documents/NemesisForge/gen2/crashes/cjson_parsestr/crash-e549f0764138565c9785b73a1b66757059a53463,READ,heap-buffer-overflow,READ,,0,8
cjson_parsestr,crash-e72459617d76e659c7d3c39d2ff3ce9c68d74b3b,/Users/ebukaobi/Documents/NemesisForge/gen2/crashes/cjson_parsestr/crash-e72459617d76e659c7d3c39d2ff3ce9c68d74b3b,READ,heap-buffer-overflow,READ,,0,13
cjson_parsestr,crash-e86ca5d134fb262b0a9015ec43c2ce861736402c,/Users/ebukaobi/Documents/NemesisForge/gen2/crashes/cjson_parsestr/crash-e86ca5d134fb262b0a9015ec43c2ce861736402c,READ,heap-buffer-overflow,READ,,0,12
cjson_parsestr,crash-e90bd2e221719871329f7a2db6650578f94c599c,/Users/ebukaobi/Documents/NemesisForge/gen2/crashes/cjson_parsestr/crash-e90bd2e221719871329f7a2db6650578f94c599c,READ,heap-buffer-overflow,READ,,0,63
cjson_parsestr,crash-ea6f2cf4ea4075bd89af0e5119b5091cf47c68bb,/Users/ebukaobi/Documents/NemesisForge/gen2/crashes/cjson_parsestr/crash-ea6f2cf4ea4075bd89af0e5119b5091cf47c68bb,READ,heap-buffer-overflow,READ,,0,46
cjson_parsestr,crash-eb1964eec93ccae883a1b55d88b14c74e7795355,/Users/ebukaobi/Documents/NemesisForge/gen2/crashes/cjson_parsestr/crash-eb1964eec93ccae883a1b55d88b14c74e7795355,READ,heap-buffer-overflow,READ,,0,8
cjson_parsestr,crash-ec86f53fcbcee1fca0147c0f9f8785eba0f75f6a,/Users/ebukaobi/Documents/NemesisForge/gen2/crashes/cjson_parsestr/crash-ec86f53fcbcee1fca0147c0f9f8785eba0f75f6a,READ,heap-buffer-overflow,READ,,0,11
cjson_parsestr,crash-ed430fcb77419a733ae956e4ac71a94a0ddd8e49,/Users/ebukaobi/Documents/NemesisForge/gen2/crashes/cjson_parsestr/crash-ed430fcb77419a733ae956e4ac71a94a0ddd8e49,READ,heap-buffer-overflow,READ,,0,18
cjson_parsestr,crash-ed959d06eca703350561633f0a86bbf75733caaf,/Users/ebukaobi/Documents/NemesisForge/gen2/crashes/cjson_parsestr/crash-ed959d06eca703350561633f0a86bbf75733caaf,READ,heap-buffer-overflow,READ,,0,15
cjson_parsestr,crash-ef061477f219b7be30fdfe8f684f4b235714e175,/Users/ebukaobi/Documents/NemesisForge/gen2/crashes/cjson_parsestr/crash-ef061477f219b7be30fdfe8f684f4b235714e175,READ,heap-buffer-overflow,READ,,0,10
cjson_parsestr,crash-f06856a46368b300b4e3bcc9f5a333ef501cb89f,/Users/ebukaobi/Documents/NemesisForge/gen2/crashes/cjson_parsestr/crash-f06856a46368b300b4e3bcc9f5a333ef501cb89f,READ,heap-buffer-overflow,READ,,0,1108
cjson_parsestr,crash-f0945f87843d2a6f7bac406e877fbbab9fe584fc,/Users/ebukaobi/Documents/NemesisForge/gen2/crashes/cjson_parsestr/crash-f0945f87843d2a6f7bac406e877fbbab9fe584fc,READ,heap-buffer-overflow,READ,,0,17
cjson_parsestr,crash-f4118f1ae22247b68c36be37f7a47e750e71580b,/Users/ebukaobi/Documents/NemesisForge/gen2/crashes/cjson_parsestr/crash-f4118f1ae22247b68c36be37f7a47e750e71580b,READ,heap-buffer-overflow,READ,,0,18
cjson_parsestr,crash-f4b9e3a7ef5d205af59ff40a05bc4f6c13302757,/Users/ebukaobi/Documents/NemesisForge/gen2/crashes/cjson_parsestr/crash-f4b9e3a7ef5d205af59ff40a05bc4f6c13302757,READ,heap-buffer-overflow,READ,,0,13
cjson_parsestr,crash-f621345926aeb03d3a75d82fc2fb9635653baf3b,/Users/ebukaobi/Documents/NemesisForge/gen2/crashes/cjson_parsestr/crash-f621345926aeb03d3a75d82fc2fb9635653baf3b,READ,heap-buffer-overflow,READ,,0,10
cjson_parsestr,crash-f6a67fd973c643891be25f3737373d71e73ea5cd,/Users/ebukaobi/Documents/NemesisForge/gen2/crashes/cjson_parsestr/crash-f6a67fd973c643891be25f3737373d71e73ea5cd,READ,heap-buffer-overflow,READ,,0,18
cjson_parsestr,crash-f75ea5fe1ca7314bf645a81c6c84fbf7b9ff8d3e,/Users/ebukaobi/Documents/NemesisForge/gen2/crashes/cjson_parsestr/crash-f75ea5fe1ca7314bf645a81c6c84fbf7b9ff8d3e,READ,heap-buffer-overflow,READ,,0,7
cjson_parsestr,crash-f7c36549cc8d5715038124ee23c5c31b0b86d825,/Users/ebukaobi/Documents/NemesisForge/gen2/crashes/cjson_parsestr/crash-f7c36549cc8d5715038124ee23c5c31b0b86d825,READ,heap-buffer-overflow,READ,,0,11
cjson_parsestr,crash-fe268d60289266aa78412fb1e76b4af1b26ab501,/Users/ebukaobi/Documents/NemesisForge/gen2/crashes/cjson_parsestr/crash-fe268d60289266aa78412fb1e76b4af1b26ab501,READ,heap-buffer-overflow,READ,,0,19
cjson_parsestr,crash-fec32087460b775a2929ce5f65a6fcc008f96a61,/Users/ebukaobi/Documents/NemesisForge/gen2/crashes/cjson_parsestr/crash-fec32087460b775a2929ce5f65a6fcc008f96a61,READ,heap-buffer-overflow,READ,,0,24
nanosvg_color,crash-00caeb9f0f1cea8b4509af9df32d804214661296,/Users/ebukaobi/Documents/NemesisForge/gen2/crashes/nanosvg_color/crash-00caeb9f0f1cea8b4509af9df32d804214661296,READ,heap-buffer-overflow,READ,,1,305
nanosvg_color,crash-00d487a22c7b9ee8cc12d9332227861eb3bb5748,/Users/ebukaobi/Documents/NemesisForge/gen2/crashes/nanosvg_color/crash-00d487a22c7b9ee8cc12d9332227861eb3bb5748,READ,heap-buffer-overflow,READ,,1,318
nanosvg_color,crash-04341d808773b3c6bad04bb6f68e0ac8591cf0e4,/Users/ebukaobi/Documents/NemesisForge/gen2/crashes/nanosvg_color/crash-04341d808773b3c6bad04bb6f68e0ac8591cf0e4,READ,heap-buffer-overflow,READ,,1,501
nanosvg_color,crash-0506ff4180bb87516c51610c370b9745b264a287,/Users/ebukaobi/Documents/NemesisForge/gen2/crashes/nanosvg_color/crash-0506ff4180bb87516c51610c370b9745b264a287,READ,heap-buffer-overflow,READ,,1,128
nanosvg_color,crash-050b3be57120ec18e96726d356bbf1c883cf5ba2,/Users/ebukaobi/Documents/NemesisForge/gen2/crashes/nanosvg_color/crash-050b3be57120ec18e96726d356bbf1c883cf5ba2,READ,heap-buffer-overflow,READ,,1,192
nanosvg_color,crash-0a1e94a514a685b980f1a37e4d6633627fc3557f,/Users/ebukaobi/Documents/NemesisForge/gen2/crashes/nanosvg_color/crash-0a1e94a514a685b980f1a37e4d6633627fc3557f,READ,heap-buffer-overflow,READ,,1,283
nanosvg_color,crash-0d42c3e8b6fd5e2c0e98823251c20f952105ff48,/Users/ebukaobi/Documents/NemesisForge/gen2/crashes/nanosvg_color/crash-0d42c3e8b6fd5e2c0e98823251c20f952105ff48,READ,heap-buffer-overflow,READ,,1,46
nanosvg_color,crash-0e9353de2170a8758555e577ee2992a68fb6b827,/Users/ebukaobi/Documents/NemesisForge/gen2/crashes/nanosvg_color/crash-0e9353de2170a8758555e577ee2992a68fb6b827,READ,heap-buffer-overflow,READ,,1,179
nanosvg_color,crash-0f9ff43df66d2f3ccd8c7a4f20ede6e09a96397d,/Users/ebukaobi/Documents/NemesisForge/gen2/crashes/nanosvg_color/crash-0f9ff43df66d2f3ccd8c7a4f20ede6e09a96397d,READ,heap-buffer-overflow,READ,,1,113
nanosvg_color,crash-10102870155bcb0296c21ae84c2c3ed7b1651fe7,/Users/ebukaobi/Documents/NemesisForge/gen2/crashes/nanosvg_color/crash-10102870155bcb0296c21ae84c2c3ed7b1651fe7,READ,heap-buffer-overflow,READ,,1,91
nanosvg_color,crash-1538adb161fcf4f0117bcb13f199fbdcf0700467,/Users/ebukaobi/Documents/NemesisForge/gen2/crashes/nanosvg_color/crash-1538adb161fcf4f0117bcb13f199fbdcf0700467,READ,heap-buffer-overflow,READ,,1,248
nanosvg_color,crash-15902c69b97431c2e0f97a36d17cc0bd75bde4fd,/Users/ebukaobi/Documents/NemesisForge/gen2/crashes/nanosvg_color/crash-15902c69b97431c2e0f97a36d17cc0bd75bde4fd,READ,heap-buffer-overflow,READ,,1,209
nanosvg_color,crash-19e28fd3a2bc678401c362255b98eb90c0f2934f,/Users/ebukaobi/Documents/NemesisForge/gen2/crashes/nanosvg_color/crash-19e28fd3a2bc678401c362255b98eb90c0f2934f,READ,heap-buffer-overflow,READ,,1,537
nanosvg_color,crash-19eb5d784f40f33ee37dab8ea30b700017d4c153,/Users/ebukaobi/Documents/NemesisForge/gen2/crashes/nanosvg_color/crash-19eb5d784f40f33ee37dab8ea30b700017d4c153,READ,heap-buffer-overflow,READ,,1,393
nanosvg_color,crash-1b8f16c086e048713684c3ae6bb5f93cd8614b1e,/Users/ebukaobi/Documents/NemesisForge/gen2/crashes/nanosvg_color/crash-1b8f16c086e048713684c3ae6bb5f93cd8614b1e,READ,heap-buffer-overflow,READ,,1,630
nanosvg_color,crash-2051cbde2f279a8f041ff8508b0506750068ba38,/Users/ebukaobi/Documents/NemesisForge/gen2/crashes/nanosvg_color/crash-2051cbde2f279a8f041ff8508b0506750068ba38,READ,heap-buffer-overflow,READ,,1,513
nanosvg_color,crash-217322a5462045737cc8b5f1e3d1114d94005429,/Users/ebukaobi/Documents/NemesisForge/gen2/crashes/nanosvg_color/crash-217322a5462045737cc8b5f1e3d1114d94005429,READ,heap-buffer-overflow,READ,,1,461
nanosvg_color,crash-237bc2ed543aafb46dfa09c7ea89b758952c2ce4,/Users/ebukaobi/Documents/NemesisForge/gen2/crashes/nanosvg_color/crash-237bc2ed543aafb46dfa09c7ea89b758952c2ce4,READ,heap-buffer-overflow,READ,,1,175
nanosvg_color,crash-2b4bb806584b56de802978c7f7979733a5edc911,/Users/ebukaobi/Documents/NemesisForge/gen2/crashes/nanosvg_color/crash-2b4bb806584b56de802978c7f7979733a5edc911,READ,heap-buffer-overflow,READ,,1,652
nanosvg_color,crash-2eb60f56af77ecb8253c22ed88ca58c8d5bd7218,/Users/ebukaobi/Documents/NemesisForge/gen2/crashes/nanosvg_color/crash-2eb60f56af77ecb8253c22ed88ca58c8d5bd7218,READ,heap-buffer-overflow,READ,,1,87
nanosvg_color,crash-30b58111ad0020896608f54d88377bd95ee4a9a6,/Users/ebukaobi/Documents/NemesisForge/gen2/crashes/nanosvg_color/crash-30b58111ad0020896608f54d88377bd95ee4a9a6,READ,heap-buffer-overflow,READ,,1,318
nanosvg_color,crash-30b8ee485c24e014c9271e05dcb3916eefc4b286,/Users/ebukaobi/Documents/NemesisForge/gen2/crashes/nanosvg_color/crash-30b8ee485c24e014c9271e05dcb3916eefc4b286,READ,heap-buffer-overflow,READ,,1,264
nanosvg_color,crash-31a4bff59a9eec33f940b6cd7921cef22cebe43a,/Users/ebukaobi/Documents/NemesisForge/gen2/crashes/nanosvg_color/crash-31a4bff59a9eec33f940b6cd7921cef22cebe43a,READ,heap-buffer-overflow,READ,,1,267
nanosvg_color,crash-327846103fb5b0352c956c5a794c9fa6098e108a,/Users/ebukaobi/Documents/NemesisForge/gen2/crashes/nanosvg_color/crash-327846103fb5b0352c956c5a794c9fa6098e108a,READ,heap-buffer-overflow,READ,,1,190
nanosvg_color,crash-337a76fe6ee5c9c4d53abe69f313b5988e5a3261,/Users/ebukaobi/Documents/NemesisForge/gen2/crashes/nanosvg_color/crash-337a76fe6ee5c9c4d53abe69f313b5988e5a3261,READ,heap-buffer-overflow,READ,,1,292
nanosvg_color,crash-3614835338ef069688a7b77a7bf31897dc1a8ca9,/Users/ebukaobi/Documents/NemesisForge/gen2/crashes/nanosvg_color/crash-3614835338ef069688a7b77a7bf31897dc1a8ca9,READ,heap-buffer-overflow,READ,,1,436
nanosvg_color,crash-36abbf0b0289eac4f983b5047b38856ac5fc4189,/Users/ebukaobi/Documents/NemesisForge/gen2/crashes/nanosvg_color/crash-36abbf0b0289eac4f983b5047b38856ac5fc4189,READ,heap-buffer-overflow,READ,,1,92
nanosvg_color,crash-3969f6a6b0470e8420e2411fca53889f34d394fc,/Users/ebukaobi/Documents/NemesisForge/gen2/crashes/nanosvg_color/crash-3969f6a6b0470e8420e2411fca53889f34d394fc,READ,heap-buffer-overflow,READ,,1,324
nanosvg_color,crash-3ac25ea0da7844f7afca21d8f9a16fe7b2a0a5d7,/Users/ebukaobi/Documents/NemesisForge/gen2/crashes/nanosvg_color/crash-3ac25ea0da7844f7afca21d8f9a16fe7b2a0a5d7,READ,heap-buffer-overflow,READ,,1,40
nanosvg_color,crash-3bb982e751ac43a907e59403750db2d537914d55,/Users/ebukaobi/Documents/NemesisForge/gen2/crashes/nanosvg_color/crash-3bb982e751ac43a907e59403750db2d537914d55,READ,heap-buffer-overflow,READ,,1,351
nanosvg_color,crash-3e17cb31f64e8d1ab93b84fadea63d4d39f3c191,/Users/ebukaobi/Documents/NemesisForge/gen2/crashes/nanosvg_color/crash-3e17cb31f64e8d1ab93b84fadea63d4d39f3c191,READ,heap-buffer-overflow,READ,,1,309
nanosvg_color,crash-3e1a10032ebf0dd36db44724a65a59682a7e25f6,/Users/ebukaobi/Documents/NemesisForge/gen2/crashes/nanosvg_color/crash-3e1a10032ebf0dd36db44724a65a59682a7e25f6,READ,heap-buffer-overflow,READ,,1,90
nanosvg_color,crash-3e9e3ee2029002d3a89bcba50fe63cf19fe30d54,/Users/ebukaobi/Documents/NemesisForge/gen2/crashes/nanosvg_color/crash-3e9e3ee2029002d3a89bcba50fe63cf19fe30d54,READ,heap-buffer-overflow,READ,,1,611
nanosvg_color,crash-3fb16bac09b20a7fbb674fe2787136e9416fc659,/Users/ebukaobi/Documents/NemesisForge/gen2/crashes/nanosvg_color/crash-3fb16bac09b20a7fbb674fe2787136e9416fc659,READ,heap-buffer-overflow,READ,,1,766
nanosvg_color,crash-41ba89a6e4d92af365413b3d57e34a1f50114e6e,/Users/ebukaobi/Documents/NemesisForge/gen2/crashes/nanosvg_color/crash-41ba89a6e4d92af365413b3d57e34a1f50114e6e,READ,heap-buffer-overflow,READ,,1,770
nanosvg_color,crash-43386509f2bbf40f79f289aad777b1d0920a6bc9,/Users/ebukaobi/Documents/NemesisForge/gen2/crashes/nanosvg_color/crash-43386509f2bbf40f79f289aad777b1d0920a6bc9,READ,heap-buffer-overflow,READ,,1,96
nanosvg_color,crash-43cc7526a2616fd7070d293b4d0c34bb4e752be2,/Users/ebukaobi/Documents/NemesisForge/gen2/crashes/nanosvg_color/crash-43cc7526a2616fd7070d293b4d0c34bb4e752be2,READ,heap-buffer-overflow,READ,,1,194
nanosvg_color,crash-4564abf968548bb0074ecf3996e2ee1e28ecc22d,/Users/ebukaobi/Documents/NemesisForge/gen2/crashes/nanosvg_color/crash-4564abf968548bb0074ecf3996e2ee1e28ecc22d,READ,heap-buffer-overflow,READ,,1,93
nanosvg_color,crash-4650afc798a2bc107b1c6ea2886291301cca1456,/Users/ebukaobi/Documents/NemesisForge/gen2/crashes/nanosvg_color/crash-4650afc798a2bc107b1c6ea2886291301cca1456,READ,heap-buffer-overflow,READ,,1,241
nanosvg_color,crash-47dae93eed6ab15b98135f07d4a8849500784863,/Users/ebukaobi/Documents/NemesisForge/gen2/crashes/nanosvg_color/crash-47dae93eed6ab15b98135f07d4a8849500784863,READ,heap-buffer-overflow,READ,,1,122
nanosvg_color,crash-49da2bff28bc897537cbd2add5a134a9adf08506,/Users/ebukaobi/Documents/NemesisForge/gen2/crashes/nanosvg_color/crash-49da2bff28bc897537cbd2add5a134a9adf08506,READ,heap-buffer-overflow,READ,,1,523
nanosvg_color,crash-49f420774a90e5e9d9b89e235b803666a593fdda,/Users/ebukaobi/Documents/NemesisForge/gen2/crashes/nanosvg_color/crash-49f420774a90e5e9d9b89e235b803666a593fdda,READ,heap-buffer-overflow,READ,,1,490
nanosvg_color,crash-4dc32d799d5636cfd32f9a1ff7475e6d20b1fedf,/Users/ebukaobi/Documents/NemesisForge/gen2/crashes/nanosvg_color/crash-4dc32d799d5636cfd32f9a1ff7475e6d20b1fedf,READ,heap-buffer-overflow,READ,,1,604
nanosvg_color,crash-4f1a90af57ff829bf86237c79d2efacf408a661b,/Users/ebukaobi/Documents/NemesisForge/gen2/crashes/nanosvg_color/crash-4f1a90af57ff829bf86237c79d2efacf408a661b,READ,heap-buffer-overflow,READ,,1,526
nanosvg_color,crash-51b104330dcc5f6bc8c55ebd160f6fc60f7288fa,/Users/ebukaobi/Documents/NemesisForge/gen2/crashes/nanosvg_color/crash-51b104330dcc5f6bc8c55ebd160f6fc60f7288fa,READ,heap-buffer-overflow,READ,,1,383
nanosvg_color,crash-51f2c008ee3ef71c578606776bfedbc7fb43c4ba,/Users/ebukaobi/Documents/NemesisForge/gen2/crashes/nanosvg_color/crash-51f2c008ee3ef71c578606776bfedbc7fb43c4ba,READ,heap-buffer-overflow,READ,,1,194
nanosvg_color,crash-526dc363ba0db385cc6848151702d9d9f0250152,/Users/ebukaobi/Documents/NemesisForge/gen2/crashes/nanosvg_color/crash-526dc363ba0db385cc6848151702d9d9f0250152,READ,heap-buffer-overflow,READ,,1,95
nanosvg_color,crash-56b0aba6e34999ae16c577796a25d6954ea2cf30,/Users/ebukaobi/Documents/NemesisForge/gen2/crashes/nanosvg_color/crash-56b0aba6e34999ae16c577796a25d6954ea2cf30,READ,heap-buffer-overflow,READ,,1,403
nanosvg_color,crash-57b7432179bcd63a5aa5f4698274abd6ff9df519,/Users/ebukaobi/Documents/NemesisForge/gen2/crashes/nanosvg_color/crash-57b7432179bcd63a5aa5f4698274abd6ff9df519,READ,heap-buffer-overflow,READ,,1,356
nanosvg_color,crash-5f5b769175958ac941c24db7f70016a62f460e1b,/Users/ebukaobi/Documents/NemesisForge/gen2/crashes/nanosvg_color/crash-5f5b769175958ac941c24db7f70016a62f460e1b,READ,heap-buffer-overflow,READ,,1,655
nanosvg_color,crash-60c8c11618e6e91d2cc89b2a573095970bedd5f8,/Users/ebukaobi/Documents/NemesisForge/gen2/crashes/nanosvg_color/crash-60c8c11618e6e91d2cc89b2a573095970bedd5f8,READ,heap-buffer-overflow,READ,,1,138
nanosvg_color,crash-61080c83f9dab3c4ec7d32962b3662274c42a7e3,/Users/ebukaobi/Documents/NemesisForge/gen2/crashes/nanosvg_color/crash-61080c83f9dab3c4ec7d32962b3662274c42a7e3,READ,heap-buffer-overflow,READ,,1,259
nanosvg_color,crash-621b0e042d58ed6a7d138589648129ebea3ebbea,/Users/ebukaobi/Documents/NemesisForge/gen2/crashes/nanosvg_color/crash-621b0e042d58ed6a7d138589648129ebea3ebbea,READ,heap-buffer-overflow,READ,,1,497
nanosvg_color,crash-65c9ef0c685c20e3e2ae0b576028a19f6f6f81ca,/Users/ebukaobi/Documents/NemesisForge/gen2/crashes/nanosvg_color/crash-65c9ef0c685c20e3e2ae0b576028a19f6f6f81ca,READ,heap-buffer-overflow,READ,,1,432
nanosvg_color,crash-66e722b92876ce7db4da14ca1d237b09d19d37b7,/Users/ebukaobi/Documents/NemesisForge/gen2/crashes/nanosvg_color/crash-66e722b92876ce7db4da14ca1d237b09d19d37b7,READ,heap-buffer-overflow,READ,,1,402
nanosvg_color,crash-677e99b0862ffa26f3d0e401a07706ae2ef94e2e,/Users/ebukaobi/Documents/NemesisForge/gen2/crashes/nanosvg_color/crash-677e99b0862ffa26f3d0e401a07706ae2ef94e2e,READ,heap-buffer-overflow,READ,,1,209
nanosvg_color,crash-67d39843fb83967517d8e854aad86f9bd5830445,/Users/ebukaobi/Documents/NemesisForge/gen2/crashes/nanosvg_color/crash-67d39843fb83967517d8e854aad86f9bd5830445,READ,heap-buffer-overflow,READ,,1,200
nanosvg_color,crash-684068539fe7315d8ba283ff22b47614435006ff,/Users/ebukaobi/Documents/NemesisForge/gen2/crashes/nanosvg_color/crash-684068539fe7315d8ba283ff22b47614435006ff,READ,heap-buffer-overflow,READ,,1,455
nanosvg_color,crash-689ecab600eba16a5fcae6c3cfe94a42e46135ee,/Users/ebukaobi/Documents/NemesisForge/gen2/crashes/nanosvg_color/crash-689ecab600eba16a5fcae6c3cfe94a42e46135ee,READ,heap-buffer-overflow,READ,,1,491
nanosvg_color,crash-6a24c83177ddce32addae913d218e77cd7c392d9,/Users/ebukaobi/Documents/NemesisForge/gen2/crashes/nanosvg_color/crash-6a24c83177ddce32addae913d218e77cd7c392d9,READ,heap-buffer-overflow,READ,,1,109
nanosvg_color,crash-6b390cca0f2c3fbdef8d158a1b50bfc8ebb13bac,/Users/ebukaobi/Documents/NemesisForge/gen2/crashes/nanosvg_color/crash-6b390cca0f2c3fbdef8d158a1b50bfc8ebb13bac,READ,heap-buffer-overflow,READ,,1,473
nanosvg_color,crash-6c84ba18db2fc08479e017b7e4394c59364648e7,/Users/ebukaobi/Documents/NemesisForge/gen2/crashes/nanosvg_color/crash-6c84ba18db2fc08479e017b7e4394c59364648e7,READ,heap-buffer-overflow,READ,,1,281
nanosvg_color,crash-6db878060edbe96e5b086f24072a927edbea0f8b,/Users/ebukaobi/Documents/NemesisForge/gen2/crashes/nanosvg_color/crash-6db878060edbe96e5b086f24072a927edbea0f8b,READ,heap-buffer-overflow,READ,,1,286
nanosvg_color,crash-75138b1f5e8705cc7293ba65f8d0a63164573dd2,/Users/ebukaobi/Documents/NemesisForge/gen2/crashes/nanosvg_color/crash-75138b1f5e8705cc7293ba65f8d0a63164573dd2,READ,heap-buffer-overflow,READ,,1,526
nanosvg_color,crash-7d151fb29a642a79a4f82ac217550a512a2668a5,/Users/ebukaobi/Documents/NemesisForge/gen2/crashes/nanosvg_color/crash-7d151fb29a642a79a4f82ac217550a512a2668a5,READ,heap-buffer-overflow,READ,,1,338
nanosvg_color,crash-7ed6a863e33ea594bb1e313aff09ec2b287931eb,/Users/ebukaobi/Documents/NemesisForge/gen2/crashes/nanosvg_color/crash-7ed6a863e33ea594bb1e313aff09ec2b287931eb,READ,heap-buffer-overflow,READ,,1,424
nanosvg_color,crash-7fdf46b6e4dd31760786156de85f446f4de9a628,/Users/ebukaobi/Documents/NemesisForge/gen2/crashes/nanosvg_color/crash-7fdf46b6e4dd31760786156de85f446f4de9a628,READ,heap-buffer-overflow,READ,,1,86
nanosvg_color,crash-805cdf975e954f8c374568b3f78c6408b8295e40,/Users/ebukaobi/Documents/NemesisForge/gen2/crashes/nanosvg_color/crash-805cdf975e954f8c374568b3f78c6408b8295e40,READ,heap-buffer-overflow,READ,,1,499
nanosvg_color,crash-82b7b3f6080b787b250637fbb23c59a7b4395a44,/Users/ebukaobi/Documents/NemesisForge/gen2/crashes/nanosvg_color/crash-82b7b3f6080b787b250637fbb23c59a7b4395a44,READ,heap-buffer-overflow,READ,,1,180
nanosvg_color,crash-83fba3a957f407db6634b847d5dcd3e7dc8a77ef,/Users/ebukaobi/Documents/NemesisForge/gen2/crashes/nanosvg_color/crash-83fba3a957f407db6634b847d5dcd3e7dc8a77ef,READ,heap-buffer-overflow,READ,,1,292
nanosvg_color,crash-8585209fda1c70feae5579025aeb078c88649781,/Users/ebukaobi/Documents/NemesisForge/gen2/crashes/nanosvg_color/crash-8585209fda1c70feae5579025aeb078c88649781,READ,heap-buffer-overflow,READ,,1,513
nanosvg_color,crash-87c097709f7cd7a9e2a9087abc02d034e67c1ef7,/Users/ebukaobi/Documents/NemesisForge/gen2/crashes/nanosvg_color/crash-87c097709f7cd7a9e2a9087abc02d034e67c1ef7,READ,heap-buffer-overflow,READ,,1,318
nanosvg_color,crash-8a05d413de171ae2f7c79167adc8d4b966f89223,/Users/ebukaobi/Documents/NemesisForge/gen2/crashes/nanosvg_color/crash-8a05d413de171ae2f7c79167adc8d4b966f89223,READ,heap-buffer-overflow,READ,,1,367
nanosvg_color,crash-8d4c48100848e5ab8eb1c61573126d19a4a42118,/Users/ebukaobi/Documents/NemesisForge/gen2/crashes/nanosvg_color/crash-8d4c48100848e5ab8eb1c61573126d19a4a42118,READ,heap-buffer-overflow,READ,,1,354
nanosvg_color,crash-8e88593eef86d96323a51532a7551a81cff49696,/Users/ebukaobi/Documents/NemesisForge/gen2/crashes/nanosvg_color/crash-8e88593eef86d96323a51532a7551a81cff49696,READ,heap-buffer-overflow,READ,,1,703
nanosvg_color,crash-8fc7b5ffd3e945daf011bf52825f253cae1017bf,/Users/ebukaobi/Documents/NemesisForge/gen2/crashes/nanosvg_color/crash-8fc7b5ffd3e945daf011bf52825f253cae1017bf,READ,heap-buffer-overflow,READ,,1,268
nanosvg_color,crash-8fe71a33799b04014aa71e8855a813bc3fbfac58,/Users/ebukaobi/Documents/NemesisForge/gen2/crashes/nanosvg_color/crash-8fe71a33799b04014aa71e8855a813bc3fbfac58,READ,heap-buffer-overflow,READ,,1,544
nanosvg_color,crash-928c1e190a90ff5109837db46d156cd07db10b32,/Users/ebukaobi/Documents/NemesisForge/gen2/crashes/nanosvg_color/crash-928c1e190a90ff5109837db46d156cd07db10b32,READ,heap-buffer-overflow,READ,,1,686
nanosvg_color,crash-94702e58e1fd4bf8ca0a29bf6d83ba47b333da7a,/Users/ebukaobi/Documents/NemesisForge/gen2/crashes/nanosvg_color/crash-94702e58e1fd4bf8ca0a29bf6d83ba47b333da7a,READ,heap-buffer-overflow,READ,,1,396
nanosvg_color,crash-95a3eea5bdfe6c4c741d10ef91f6569093d4c339,/Users/ebukaobi/Documents/NemesisForge/gen2/crashes/nanosvg_color/crash-95a3eea5bdfe6c4c741d10ef91f6569093d4c339,READ,heap-buffer-overflow,READ,,1,120
nanosvg_color,crash-982bc92654f7b1d66c0264ef92d8ada8c6b2ede8,/Users/ebukaobi/Documents/NemesisForge/gen2/crashes/nanosvg_color/crash-982bc92654f7b1d66c0264ef92d8ada8c6b2ede8,READ,heap-buffer-overflow,READ,,1,90
nanosvg_color,crash-98f62aa1ff068f8c7743658569ba01c7f42210cc,/Users/ebukaobi/Documents/NemesisForge/gen2/crashes/nanosvg_color/crash-98f62aa1ff068f8c7743658569ba01c7f42210cc,READ,heap-buffer-overflow,READ,,1,368
nanosvg_color,crash-9bec79436c5b2a685b7a769021c7db8f543d8c83,/Users/ebukaobi/Documents/NemesisForge/gen2/crashes/nanosvg_color/crash-9bec79436c5b2a685b7a769021c7db8f543d8c83,READ,heap-buffer-overflow,READ,,1,199
nanosvg_color,crash-9c6a09c44c3647661375b5c675009cad02d9484d,/Users/ebukaobi/Documents/NemesisForge/gen2/crashes/nanosvg_color/crash-9c6a09c44c3647661375b5c675009cad02d9484d,READ,heap-buffer-overflow,READ,,1,383
nanosvg_color,crash-9d4a7185cc616241b6594b084ab01cceb7056abf,/Users/ebukaobi/Documents/NemesisForge/gen2/crashes/nanosvg_color/crash-9d4a7185cc616241b6594b084ab01cceb7056abf,READ,heap-buffer-overflow,READ,,1,147
nanosvg_color,crash-9e29a0c7fe47df9cb6048fa8494a74de6f8f2d51,/Users/ebukaobi/Documents/NemesisForge/gen2/crashes/nanosvg_color/crash-9e29a0c7fe47df9cb6048fa8494a74de6f8f2d51,READ,heap-buffer-overflow,READ,,1,99
nanosvg_color,crash-9ee3efda10eb1af611de30d57dd3b6bf6095eb53,/Users/ebukaobi/Documents/NemesisForge/gen2/crashes/nanosvg_color/crash-9ee3efda10eb1af611de30d57dd3b6bf6095eb53,READ,heap-buffer-overflow,READ,,1,590
nanosvg_color,crash-9fc99f95988c0ab809e42e7f4e25197720ac93fb,/Users/ebukaobi/Documents/NemesisForge/gen2/crashes/nanosvg_color/crash-9fc99f95988c0ab809e42e7f4e25197720ac93fb,READ,heap-buffer-overflow,READ,,1,194
nanosvg_color,crash-a33d116e1703b7040e4f01ef4b4ff06ee146ea07,/Users/ebukaobi/Documents/NemesisForge/gen2/crashes/nanosvg_color/crash-a33d116e1703b7040e4f01ef4b4ff06ee146ea07,READ,heap-buffer-overflow,READ,,1,377
nanosvg_color,crash-a4fc1de74708970e81ba278ff715bca41db63fc6,/Users/ebukaobi/Documents/NemesisForge/gen2/crashes/nanosvg_color/crash-a4fc1de74708970e81ba278ff715bca41db63fc6,READ,heap-buffer-overflow,READ,,1,710
nanosvg_color,crash-a5be8ce13b7b13327daef1b09e3d529ee2ba8d01,/Users/ebukaobi/Documents/NemesisForge/gen2/crashes/nanosvg_color/crash-a5be8ce13b7b13327daef1b09e3d529ee2ba8d01,READ,heap-buffer-overflow,READ,,1,602
nanosvg_color,crash-a7387287be775fea29ef07fdc1930f901066414b,/Users/ebukaobi/Documents/NemesisForge/gen2/crashes/nanosvg_color/crash-a7387287be775fea29ef07fdc1930f901066414b,READ,heap-buffer-overflow,READ,,1,644
nanosvg_color,crash-ad76672981549dd1bb19260d9bede2cdffcb0ff3,/Users/ebukaobi/Documents/NemesisForge/gen2/crashes/nanosvg_color/crash-ad76672981549dd1bb19260d9bede2cdffcb0ff3,READ,heap-buffer-overflow,READ,,1,690
nanosvg_color,crash-adc1e14fb1bc9a9976f0dc40412984968814212b,/Users/ebukaobi/Documents/NemesisForge/gen2/crashes/nanosvg_color/crash-adc1e14fb1bc9a9976f0dc40412984968814212b,READ,heap-buffer-overflow,READ,,1,296
nanosvg_color,crash-af673c82500afd219d576eaaaab78570004d6333,/Users/ebukaobi/Documents/NemesisForge/gen2/crashes/nanosvg_color/crash-af673c82500afd219d576eaaaab78570004d6333,READ,heap-buffer-overflow,READ,,1,632
nanosvg_color,crash-b2d108bbc922bc31caf8e3ec003bab58585b45b2,/Users/ebukaobi/Documents/NemesisForge/gen2/crashes/nanosvg_color/crash-b2d108bbc922bc31caf8e3ec003bab58585b45b2,READ,heap-buffer-overflow,READ,,1,169
nanosvg_color,crash-b3561e8fca3dda510e2b72b161778dc86daae5c9,/Users/ebukaobi/Documents/NemesisForge/gen2/crashes/nanosvg_color/crash-b3561e8fca3dda510e2b72b161778dc86daae5c9,READ,heap-buffer-overflow,READ,,1,240
nanosvg_color,crash-b5bb4ef6bb31882ce270366c3e3fea930ff92abf,/Users/ebukaobi/Documents/NemesisForge/gen2/crashes/nanosvg_color/crash-b5bb4ef6bb31882ce270366c3e3fea930ff92abf,READ,heap-buffer-overflow,READ,,1,113
nanosvg_color,crash-b68daedc643274276f7d506409d6248c18d796a8,/Users/ebukaobi/Documents/NemesisForge/gen2/crashes/nanosvg_color/crash-b68daedc643274276f7d506409d6248c18d796a8,READ,heap-buffer-overflow,READ,,1,606
nanosvg_color,crash-b7dd0cea6221a4a9d371131ac50324a184228854,/Users/ebukaobi/Documents/NemesisForge/gen2/crashes/nanosvg_color/crash-b7dd0cea6221a4a9d371131ac50324a184228854,READ,heap-buffer-overflow,READ,,1,644
nanosvg_color,crash-bb9ad82f2400e6bc75a566894a0b34510eef6332,/Users/ebukaobi/Documents/NemesisForge/gen2/crashes/nanosvg_color/crash-bb9ad82f2400e6bc75a566894a0b34510eef6332,READ,heap-buffer-overflow,READ,,1,240
nanosvg_color,crash-bd013f225d70c2e532f4f224d5cfb983ebe950ce,/Users/ebukaobi/Documents/NemesisForge/gen2/crashes/nanosvg_color/crash-bd013f225d70c2e532f4f224d5cfb983ebe950ce,READ,heap-buffer-overflow,READ,,1,552
nanosvg_color,crash-c2dc0989aa1d8c539efd906eb5ce5343014709b9,/Users/ebukaobi/Documents/NemesisForge/gen2/crashes/nanosvg_color/crash-c2dc0989aa1d8c539efd906eb5ce5343014709b9,READ,heap-buffer-overflow,READ,,1,234
nanosvg_color,crash-c309c87c73a33d12d1b6cba5b71ff9f5c0cd80de,/Users/ebukaobi/Documents/NemesisForge/gen2/crashes/nanosvg_color/crash-c309c87c73a33d12d1b6cba5b71ff9f5c0cd80de,READ,heap-buffer-overflow,READ,,1,267
nanosvg_color,crash-c3539a264469fb2fa9f11d3b2e3e690f55df04cb,/Users/ebukaobi/Documents/NemesisForge/gen2/crashes/nanosvg_color/crash-c3539a264469fb2fa9f11d3b2e3e690f55df04cb,READ,heap-buffer-overflow,READ,,1,78
nanosvg_color,crash-c4fdcaba9d464ecc6f607bd00ef41d5d519549e6,/Users/ebukaobi/Documents/NemesisForge/gen2/crashes/nanosvg_color/crash-c4fdcaba9d464ecc6f607bd00ef41d5d519549e6,READ,heap-buffer-overflow,READ,,1,247
nanosvg_color,crash-c5ff3336ccef319c351d4113e0575c6dca94a674,/Users/ebukaobi/Documents/NemesisForge/gen2/crashes/nanosvg_color/crash-c5ff3336ccef319c351d4113e0575c6dca94a674,READ,heap-buffer-overflow,READ,,1,223
nanosvg_color,crash-c6d7d54eb4b209b61aeebf1867eff06e7b657827,/Users/ebukaobi/Documents/NemesisForge/gen2/crashes/nanosvg_color/crash-c6d7d54eb4b209b61aeebf1867eff06e7b657827,READ,heap-buffer-overflow,READ,,1,98
nanosvg_color,crash-c7fce23407322c005e3b7e0a9df3af4b530809e0,/Users/ebukaobi/Documents/NemesisForge/gen2/crashes/nanosvg_color/crash-c7fce23407322c005e3b7e0a9df3af4b530809e0,READ,heap-buffer-overflow,READ,,1,781
nanosvg_color,crash-c83af5be28cc9c32930e31d5aa3476a5ddd0ae69,/Users/ebukaobi/Documents/NemesisForge/gen2/crashes/nanosvg_color/crash-c83af5be28cc9c32930e31d5aa3476a5ddd0ae69,READ,heap-buffer-overflow,READ,,1,440
nanosvg_color,crash-c8ea97acbb7431025fd1c2262817448e60b6ab16,/Users/ebukaobi/Documents/NemesisForge/gen2/crashes/nanosvg_color/crash-c8ea97acbb7431025fd1c2262817448e60b6ab16,READ,heap-buffer-overflow,READ,,1,133
nanosvg_color,crash-c8ffec1fce460a12996504de058b2c0f97940f5d,/Users/ebukaobi/Documents/NemesisForge/gen2/crashes/nanosvg_color/crash-c8ffec1fce460a12996504de058b2c0f97940f5d,READ,heap-buffer-overflow,READ,,1,400
nanosvg_color,crash-cb3a066383445d7bab97999bc47da98e0b0ea97e,/Users/ebukaobi/Documents/NemesisForge/gen2/crashes/nanosvg_color/crash-cb3a066383445d7bab97999bc47da98e0b0ea97e,READ,heap-buffer-overflow,READ,,1,655
nanosvg_color,crash-cc23c4e49ae92df34133f1e6febd511fa4f2300c,/Users/ebukaobi/Documents/NemesisForge/gen2/crashes/nanosvg_color/crash-cc23c4e49ae92df34133f1e6febd511fa4f2300c,READ,heap-buffer-overflow,READ,,1,867
nanosvg_color,crash-cddc378d657476ab94fc3c49f81e44a393285982,/Users/ebukaobi/Documents/NemesisForge/gen2/crashes/nanosvg_color/crash-cddc378d657476ab94fc3c49f81e44a393285982,READ,heap-buffer-overflow,READ,,1,588
nanosvg_color,crash-cfa6c30baa2bae2181ec88d29917bb6da2e770c5,/Users/ebukaobi/Documents/NemesisForge/gen2/crashes/nanosvg_color/crash-cfa6c30baa2bae2181ec88d29917bb6da2e770c5,READ,heap-buffer-overflow,READ,,1,135
nanosvg_color,crash-cfe4a23769a5cd3cf3a874c881501cc8dfb165aa,/Users/ebukaobi/Documents/NemesisForge/gen2/crashes/nanosvg_color/crash-cfe4a23769a5cd3cf3a874c881501cc8dfb165aa,READ,heap-buffer-overflow,READ,,1,222
nanosvg_color,crash-d2263db62866850a41c4887ca7e45417c255ab18,/Users/ebukaobi/Documents/NemesisForge/gen2/crashes/nanosvg_color/crash-d2263db62866850a41c4887ca7e45417c255ab18,READ,heap-buffer-overflow,READ,,1,230
nanosvg_color,crash-d30bbc4f13c4d54e4dfdaa720434345c9dddd049,/Users/ebukaobi/Documents/NemesisForge/gen2/crashes/nanosvg_color/crash-d30bbc4f13c4d54e4dfdaa720434345c9dddd049,READ,heap-buffer-overflow,READ,,1,629
nanosvg_color,crash-d35a1982eea34418b1b2e82350eaa9d3f63616a9,/Users/ebukaobi/Documents/NemesisForge/gen2/crashes/nanosvg_color/crash-d35a1982eea34418b1b2e82350eaa9d3f63616a9,READ,heap-buffer-overflow,READ,,1,895
nanosvg_color,crash-d3e54cba3e7b78d4254f7b1e9860cd5d81dfab50,/Users/ebukaobi/Documents/NemesisForge/gen2/crashes/nanosvg_color/crash-d3e54cba3e7b78d4254f7b1e9860cd5d81dfab50,READ,heap-buffer-overflow,READ,,1,725
nanosvg_color,crash-d562ce4204b209653eccbcd6cc3d721c461e0eac,/Users/ebukaobi/Documents/NemesisForge/gen2/crashes/nanosvg_color/crash-d562ce4204b209653eccbcd6cc3d721c461e0eac,READ,heap-buffer-overflow,READ,,1,183
nanosvg_color,crash-d5c47089c6f9eff61497b20692829c79e6d53575,/Users/ebukaobi/Documents/NemesisForge/gen2/crashes/nanosvg_color/crash-d5c47089c6f9eff61497b20692829c79e6d53575,READ,heap-buffer-overflow,READ,,1,543
nanosvg_color,crash-d5eacc1578bb63e90dc7cb081f20956f61d15cdc,/Users/ebukaobi/Documents/NemesisForge/gen2/crashes/nanosvg_color/crash-d5eacc1578bb63e90dc7cb081f20956f61d15cdc,READ,heap-buffer-overflow,READ,,1,521
nanosvg_color,crash-d5ee33ab293fea0ea8a910a67c660f3f68046ee0,/Users/ebukaobi/Documents/NemesisForge/gen2/crashes/nanosvg_color/crash-d5ee33ab293fea0ea8a910a67c660f3f68046ee0,READ,heap-buffer-overflow,READ,,1,567
nanosvg_color,crash-d62bdf998606626376b49e73509fa729182c687c,/Users/ebukaobi/Documents/NemesisForge/gen2/crashes/nanosvg_color/crash-d62bdf998606626376b49e73509fa729182c687c,READ,heap-buffer-overflow,READ,,1,232
nanosvg_color,crash-d6f93d132d0c6bc4d25b9af9fd1c653c6847d7c1,/Users/ebukaobi/Documents/NemesisForge/gen2/crashes/nanosvg_color/crash-d6f93d132d0c6bc4d25b9af9fd1c653c6847d7c1,READ,heap-buffer-overflow,READ,,1,163
nanosvg_color,crash-d7ba4e780525901b0e4cfa1a788b7a6b3a2d948a,/Users/ebukaobi/Documents/NemesisForge/gen2/crashes/nanosvg_color/crash-d7ba4e780525901b0e4cfa1a788b7a6b3a2d948a,READ,heap-buffer-overflow,READ,,1,96
nanosvg_color,crash-d919aecec5eec100f207f1c0a2d5400c6a2d09ea,/Users/ebukaobi/Documents/NemesisForge/gen2/crashes/nanosvg_color/crash-d919aecec5eec100f207f1c0a2d5400c6a2d09ea,READ,heap-buffer-overflow,READ,,1,201
nanosvg_color,crash-da62a0b7d7e786eec7f8ff291d52da98c7b72039,/Users/ebukaobi/Documents/NemesisForge/gen2/crashes/nanosvg_color/crash-da62a0b7d7e786eec7f8ff291d52da98c7b72039,READ,heap-buffer-overflow,READ,,1,279
nanosvg_color,crash-dd83ffa61dd38826fe228ef773cf92883229903f,/Users/ebukaobi/Documents/NemesisForge/gen2/crashes/nanosvg_color/crash-dd83ffa61dd38826fe228ef773cf92883229903f,READ,heap-buffer-overflow,READ,,1,689
nanosvg_color,crash-deda293bc497325693eda916806dfc709e8181a9,/Users/ebukaobi/Documents/NemesisForge/gen2/crashes/nanosvg_color/crash-deda293bc497325693eda916806dfc709e8181a9,READ,heap-buffer-overflow,READ,,1,400
nanosvg_color,crash-df01486a963304cdececb76e5356ef380b977e70,/Users/ebukaobi/Documents/NemesisForge/gen2/crashes/nanosvg_color/crash-df01486a963304cdececb76e5356ef380b977e70,READ,heap-buffer-overflow,READ,,1,129
nanosvg_color,crash-df3da2b173d6617417a61009f4298503846cc671,/Users/ebukaobi/Documents/NemesisForge/gen2/crashes/nanosvg_color/crash-df3da2b173d6617417a61009f4298503846cc671,READ,heap-buffer-overflow,READ,,1,694
nanosvg_color,crash-e1031acef898e68651b3d7cde78e9a01d82109f9,/Users/ebukaobi/Documents/NemesisForge/gen2/crashes/nanosvg_color/crash-e1031acef898e68651b3d7cde78e9a01d82109f9,READ,heap-buffer-overflow,READ,,1,149
nanosvg_color,crash-e19bfee1c9d886cac1decac80474b3fa7a843ce3,/Users/ebukaobi/Documents/NemesisForge/gen2/crashes/nanosvg_color/crash-e19bfee1c9d886cac1decac80474b3fa7a843ce3,READ,heap-buffer-overflow,READ,,1,321
nanosvg_color,crash-e57b43d8ef820a1a7981c79bd51cf42610384c12,/Users/ebukaobi/Documents/NemesisForge/gen2/crashes/nanosvg_color/crash-e57b43d8ef820a1a7981c79bd51cf42610384c12,READ,heap-buffer-overflow,READ,,1,269
nanosvg_color,crash-e73500d85a4d87efa40f9b2ce87a82df56baf6dd,/Users/ebukaobi/Documents/NemesisForge/gen2/crashes/nanosvg_color/crash-e73500d85a4d87efa40f9b2ce87a82df56baf6dd,READ,heap-buffer-overflow,READ,,1,422
nanosvg_color,crash-e765a88edb4aa0650eef107ebb4faec6ea78b4c8,/Users/ebukaobi/Documents/NemesisForge/gen2/crashes/nanosvg_color/crash-e765a88edb4aa0650eef107ebb4faec6ea78b4c8,READ,heap-buffer-overflow,READ,,1,424
nanosvg_color,crash-ec3e1c17acd21bef2d3cf089e8b6cfdea3417ec0,/Users/ebukaobi/Documents/NemesisForge/gen2/crashes/nanosvg_color/crash-ec3e1c17acd21bef2d3cf089e8b6cfdea3417ec0,READ,heap-buffer-overflow,READ,,1,449
nanosvg_color,crash-ecebc9be354749f6a6ca946ba9f925700d23b379,/Users/ebukaobi/Documents/NemesisForge/gen2/crashes/nanosvg_color/crash-ecebc9be354749f6a6ca946ba9f925700d23b379,READ,heap-buffer-overflow,READ,,1,282
nanosvg_color,crash-f49c82ac0f8495621d99eb81701c26e6585a5a47,/Users/ebukaobi/Documents/NemesisForge/gen2/crashes/nanosvg_color/crash-f49c82ac0f8495621d99eb81701c26e6585a5a47,READ,heap-buffer-overflow,READ,,1,430
nanosvg_color,crash-f5774c0dc015ad29ab11304f2dbd5babdd35b2a8,/Users/ebukaobi/Documents/NemesisForge/gen2/crashes/nanosvg_color/crash-f5774c0dc015ad29ab11304f2dbd5babdd35b2a8,READ,heap-buffer-overflow,READ,,1,143
nanosvg_color,crash-f74a707591eea99e60edcb713bff1fe48187cfa8,/Users/ebukaobi/Documents/NemesisForge/gen2/crashes/nanosvg_color/crash-f74a707591eea99e60edcb713bff1fe48187cfa8,READ,heap-buffer-overflow,READ,,1,705
nanosvg_color,crash-f7924f9deb853d57951d70b3f0120bc2a4345219,/Users/ebukaobi/Documents/NemesisForge/gen2/crashes/nanosvg_color/crash-f7924f9deb853d57951d70b3f0120bc2a4345219,READ,heap-buffer-overflow,READ,,1,612
nanosvg_color,crash-f7c3992b54b52afe24b0c8958c8cc5e30c527302,/Users/ebukaobi/Documents/NemesisForge/gen2/crashes/nanosvg_color/crash-f7c3992b54b52afe24b0c8958c8cc5e30c527302,READ,heap-buffer-overflow,READ,,1,654
nanosvg_color,crash-fabadcf9ca66c88a7db05856d1d80200d7b3f12e,/Users/ebukaobi/Documents/NemesisForge/gen2/crashes/nanosvg_color/crash-fabadcf9ca66c88a7db05856d1d80200d7b3f12e,READ,heap-buffer-overflow,READ,,1,504
nanosvg_color,crash-fdf2c1f2363b199bdfc955d455a8f02ca3d7f9c7,/Users/ebukaobi/Documents/NemesisForge/gen2/crashes/nanosvg_color/crash-fdf2c1f2363b199bdfc955d455a8f02ca3d7f9c7,READ,heap-buffer-overflow,READ,,1,264
nanosvg_color,crash-fdf6a07984e05f6d4365986a993fe1d8bd4d7519,/Users/ebukaobi/Documents/NemesisForge/gen2/crashes/nanosvg_color/crash-fdf6a07984e05f6d4365986a993fe1d8bd4d7519,READ,heap-buffer-overflow,READ,,1,248
nanosvg_color,crash-fe1446d02d9c5d024f17ded96f14e970efba9270,/Users/ebukaobi/Documents/NemesisForge/gen2/crashes/nanosvg_color/crash-fe1446d02d9c5d024f17ded96f14e970efba9270,READ,heap-buffer-overflow,READ,,1,192
nanosvg_write,crash-090e36b3b4a69d16ad21216bd79c6276453b640e,/Users/ebukaobi/Documents/NemesisForge/gen2/crashes/nanosvg_write/crash-090e36b3b4a69d16ad21216bd79c6276453b640e,READ,heap-buffer-overflow,READ,,1,184
nanosvg_write,crash-0ae03a29d7b4214d60d6905af1b687dae7207ce2,/Users/ebukaobi/Documents/NemesisForge/gen2/crashes/nanosvg_write/crash-0ae03a29d7b4214d60d6905af1b687dae7207ce2,READ,heap-buffer-overflow,READ,,1,572
nanosvg_write,crash-12326351f2e5334c94262668b3a4d533882d1172,/Users/ebukaobi/Documents/NemesisForge/gen2/crashes/nanosvg_write/crash-12326351f2e5334c94262668b3a4d533882d1172,WRITE,stack-buffer-overflow,WRITE,,0,194
nanosvg_write,crash-13d47b4b4460d38094d5c500717e30404fe2c472,/Users/ebukaobi/Documents/NemesisForge/gen2/crashes/nanosvg_write/crash-13d47b4b4460d38094d5c500717e30404fe2c472,READ,heap-buffer-overflow,READ,,1,536
nanosvg_write,crash-17859a3b04270b6e2d4f7af4d45f75926e849b3a,/Users/ebukaobi/Documents/NemesisForge/gen2/crashes/nanosvg_write/crash-17859a3b04270b6e2d4f7af4d45f75926e849b3a,READ,heap-buffer-overflow,READ,,1,66
nanosvg_write,crash-1b3fd603dd72b5680fc6e8b1d509ee9c34d84ef8,/Users/ebukaobi/Documents/NemesisForge/gen2/crashes/nanosvg_write/crash-1b3fd603dd72b5680fc6e8b1d509ee9c34d84ef8,READ,heap-buffer-overflow,READ,,1,260
nanosvg_write,crash-1d95dc9e4b5907ccb5f41ad71464870d64b40b97,/Users/ebukaobi/Documents/NemesisForge/gen2/crashes/nanosvg_write/crash-1d95dc9e4b5907ccb5f41ad71464870d64b40b97,WRITE,stack-buffer-overflow,WRITE,,0,134
nanosvg_write,crash-252751ec0cb3e8778dcd4233098bced0b3fe710b,/Users/ebukaobi/Documents/NemesisForge/gen2/crashes/nanosvg_write/crash-252751ec0cb3e8778dcd4233098bced0b3fe710b,READ,heap-buffer-overflow,READ,,1,290
nanosvg_write,crash-2fa0f6f53dd9e9bf43f641b4530c65337d5be861,/Users/ebukaobi/Documents/NemesisForge/gen2/crashes/nanosvg_write/crash-2fa0f6f53dd9e9bf43f641b4530c65337d5be861,WRITE,stack-buffer-overflow,WRITE,,0,455
nanosvg_write,crash-32c1403ae7168ed332419da1f9ced3f5b20d1f23,/Users/ebukaobi/Documents/NemesisForge/gen2/crashes/nanosvg_write/crash-32c1403ae7168ed332419da1f9ced3f5b20d1f23,READ,heap-buffer-overflow,READ,,1,391
nanosvg_write,crash-42439ebe6919b72e70c3e22231b2fdaadbf702fb,/Users/ebukaobi/Documents/NemesisForge/gen2/crashes/nanosvg_write/crash-42439ebe6919b72e70c3e22231b2fdaadbf702fb,READ,heap-buffer-overflow,READ,,1,408
nanosvg_write,crash-4751111be5c05f67d55ddce03513a6c33fdb4aba,/Users/ebukaobi/Documents/NemesisForge/gen2/crashes/nanosvg_write/crash-4751111be5c05f67d55ddce03513a6c33fdb4aba,READ,heap-buffer-overflow,READ,,1,270
nanosvg_write,crash-53106f3ba9bd9e3a25b84a13d537a9bf4bc34dd0,/Users/ebukaobi/Documents/NemesisForge/gen2/crashes/nanosvg_write/crash-53106f3ba9bd9e3a25b84a13d537a9bf4bc34dd0,READ,heap-buffer-overflow,READ,,1,346
nanosvg_write,crash-5b85ef2a59b9752629831ef29b6b7c82a83bb5f7,/Users/ebukaobi/Documents/NemesisForge/gen2/crashes/nanosvg_write/crash-5b85ef2a59b9752629831ef29b6b7c82a83bb5f7,READ,heap-buffer-overflow,READ,,1,334
nanosvg_write,crash-5c0747d020ed93cfa2722d908a92eb1e4b945bd7,/Users/ebukaobi/Documents/NemesisForge/gen2/crashes/nanosvg_write/crash-5c0747d020ed93cfa2722d908a92eb1e4b945bd7,READ,heap-buffer-overflow,READ,,1,342
nanosvg_write,crash-6a3f52ce82103ff7acf51d1050270c0b8978ced7,/Users/ebukaobi/Documents/NemesisForge/gen2/crashes/nanosvg_write/crash-6a3f52ce82103ff7acf51d1050270c0b8978ced7,READ,heap-buffer-overflow,READ,,1,99
nanosvg_write,crash-8151c7a93b10784aa3c595016b574464ac183776,/Users/ebukaobi/Documents/NemesisForge/gen2/crashes/nanosvg_write/crash-8151c7a93b10784aa3c595016b574464ac183776,READ,heap-buffer-overflow,READ,,1,324
nanosvg_write,crash-88bc77d87597895b10e3101e2d258958b61fc3a8,/Users/ebukaobi/Documents/NemesisForge/gen2/crashes/nanosvg_write/crash-88bc77d87597895b10e3101e2d258958b61fc3a8,WRITE,stack-buffer-overflow,WRITE,,0,154
nanosvg_write,crash-8b89f581ad8b3ecd0e190a019c3784b668487058,/Users/ebukaobi/Documents/NemesisForge/gen2/crashes/nanosvg_write/crash-8b89f581ad8b3ecd0e190a019c3784b668487058,WRITE,stack-buffer-overflow,WRITE,,0,154
nanosvg_write,crash-909989182e124f7b45a8d4dc4773fc1454f109e6,/Users/ebukaobi/Documents/NemesisForge/gen2/crashes/nanosvg_write/crash-909989182e124f7b45a8d4dc4773fc1454f109e6,READ,heap-buffer-overflow,READ,,1,181
nanosvg_write,crash-9e51458a73d8e67277e9df0918546b9a671d95c8,/Users/ebukaobi/Documents/NemesisForge/gen2/crashes/nanosvg_write/crash-9e51458a73d8e67277e9df0918546b9a671d95c8,READ,heap-buffer-overflow,READ,,1,447
nanosvg_write,crash-a28aba7adda279c0639b0b2d83c81af173d1985e,/Users/ebukaobi/Documents/NemesisForge/gen2/crashes/nanosvg_write/crash-a28aba7adda279c0639b0b2d83c81af173d1985e,READ,heap-buffer-overflow,READ,,1,340
nanosvg_write,crash-a42b3d13fc05d1a35e2842c9ae8f09f45b375bf9,/Users/ebukaobi/Documents/NemesisForge/gen2/crashes/nanosvg_write/crash-a42b3d13fc05d1a35e2842c9ae8f09f45b375bf9,READ,heap-buffer-overflow,READ,,1,239
nanosvg_write,crash-a6301c11eb6e8c79f905171011063c9972308f1d,/Users/ebukaobi/Documents/NemesisForge/gen2/crashes/nanosvg_write/crash-a6301c11eb6e8c79f905171011063c9972308f1d,READ,heap-buffer-overflow,READ,,1,104
nanosvg_write,crash-a63530168772fce3ebf888da8242c4ed379968b3,/Users/ebukaobi/Documents/NemesisForge/gen2/crashes/nanosvg_write/crash-a63530168772fce3ebf888da8242c4ed379968b3,READ,heap-buffer-overflow,READ,,1,479
nanosvg_write,crash-a826a379211016de5e079844e852494019003bdd,/Users/ebukaobi/Documents/NemesisForge/gen2/crashes/nanosvg_write/crash-a826a379211016de5e079844e852494019003bdd,READ,heap-buffer-overflow,READ,,1,224
nanosvg_write,crash-a9214cf44039afc96cbc72b99180d52423a95286,/Users/ebukaobi/Documents/NemesisForge/gen2/crashes/nanosvg_write/crash-a9214cf44039afc96cbc72b99180d52423a95286,READ,heap-buffer-overflow,READ,,1,127
nanosvg_write,crash-af41638a3eb1da19b367307def73e7262e41f25f,/Users/ebukaobi/Documents/NemesisForge/gen2/crashes/nanosvg_write/crash-af41638a3eb1da19b367307def73e7262e41f25f,READ,heap-buffer-overflow,READ,,1,65
nanosvg_write,crash-b05bf651b966eed64aeb0079de6f57130fcd899e,/Users/ebukaobi/Documents/NemesisForge/gen2/crashes/nanosvg_write/crash-b05bf651b966eed64aeb0079de6f57130fcd899e,READ,heap-buffer-overflow,READ,,1,595
nanosvg_write,crash-b1b845d1b43ea38f43832e58405b6e60675bb8be,/Users/ebukaobi/Documents/NemesisForge/gen2/crashes/nanosvg_write/crash-b1b845d1b43ea38f43832e58405b6e60675bb8be,WRITE,stack-buffer-overflow,WRITE,,0,194
nanosvg_write,crash-b1f2a39990b9c80a5d4f6675c49d4d1ff719a034,/Users/ebukaobi/Documents/NemesisForge/gen2/crashes/nanosvg_write/crash-b1f2a39990b9c80a5d4f6675c49d4d1ff719a034,READ,heap-buffer-overflow,READ,,1,164
nanosvg_write,crash-b5f61c2a3fdcea4f0222b4ed36283d352428b05b,/Users/ebukaobi/Documents/NemesisForge/gen2/crashes/nanosvg_write/crash-b5f61c2a3fdcea4f0222b4ed36283d352428b05b,READ,heap-buffer-overflow,READ,,1,99
nanosvg_write,crash-c5468d594fbb2f9fd28eb82ca9a19b44d1f3d673,/Users/ebukaobi/Documents/NemesisForge/gen2/crashes/nanosvg_write/crash-c5468d594fbb2f9fd28eb82ca9a19b44d1f3d673,READ,heap-buffer-overflow,READ,,1,147
nanosvg_write,crash-c8a910b5b4aea55079a87070a7143d8549a87d03,/Users/ebukaobi/Documents/NemesisForge/gen2/crashes/nanosvg_write/crash-c8a910b5b4aea55079a87070a7143d8549a87d03,WRITE,stack-buffer-overflow,WRITE,,0,135
nanosvg_write,crash-cc11ce1abf1863bb38d97d0fdbd4fc966b0ded12,/Users/ebukaobi/Documents/NemesisForge/gen2/crashes/nanosvg_write/crash-cc11ce1abf1863bb38d97d0fdbd4fc966b0ded12,WRITE,stack-buffer-overflow,WRITE,,0,215
nanosvg_write,crash-e3a8ae33d31905002643c296bb4e355c04a08933,/Users/ebukaobi/Documents/NemesisForge/gen2/crashes/nanosvg_write/crash-e3a8ae33d31905002643c296bb4e355c04a08933,READ,heap-buffer-overflow,READ,,1,347
nanosvg_write,crash-f0d25c0ecc800c383afe2364befcc79e3cadcbe6,/Users/ebukaobi/Documents/NemesisForge/gen2/crashes/nanosvg_write/crash-f0d25c0ecc800c383afe2364befcc79e3cadcbe6,READ,heap-buffer-overflow,READ,,1,332
nanosvg_write,crash-fba43e06a3d08414c125403ff7b2e37f9c9d98aa,/Users/ebukaobi/Documents/NemesisForge/gen2/crashes/nanosvg_write/crash-fba43e06a3d08414c125403ff7b2e37f9c9d98aa,READ,heap-buffer-overflow,READ,,1,481
nanosvg_write,crash-fc1a69b2b016f0f8b70378f9fa93f2d6d602112d,/Users/ebukaobi/Documents/NemesisForge/gen2/crashes/nanosvg_write/crash-fc1a69b2b016f0f8b70378f9fa93f2d6d602112d,READ,heap-buffer-overflow,READ,,1,343
frozen_dos,crash-01d7d31d770236b605ce36449acdb99db7f5da45,/Users/ebukaobi/Documents/NemesisForge/gen2/crashes/frozen_dos/crash-01d7d31d770236b605ce36449acdb99db7f5da45,READ,heap-buffer-overflow,READ,,1,121
frozen_dos,crash-01f8ed8d531ca2605921ec62bfa49acb36857850,/Users/ebukaobi/Documents/NemesisForge/gen2/crashes/frozen_dos/crash-01f8ed8d531ca2605921ec62bfa49acb36857850,READ,heap-buffer-overflow,READ,,1,11
frozen_dos,crash-02c7afa63141fa5efbce0e61e606f3a3a21fa57e,/Users/ebukaobi/Documents/NemesisForge/gen2/crashes/frozen_dos/crash-02c7afa63141fa5efbce0e61e606f3a3a21fa57e,READ,heap-buffer-overflow,READ,,1,9
frozen_dos,crash-044dd0dd3cc06a4e46c3a951d7a4bfb16fe63077,/Users/ebukaobi/Documents/NemesisForge/gen2/crashes/frozen_dos/crash-044dd0dd3cc06a4e46c3a951d7a4bfb16fe63077,READ,heap-buffer-overflow,READ,,1,156
frozen_dos,crash-07ac669a6d8bb7e233fd1e9fb0829028d2ec8c0e,/Users/ebukaobi/Documents/NemesisForge/gen2/crashes/frozen_dos/crash-07ac669a6d8bb7e233fd1e9fb0829028d2ec8c0e,READ,heap-buffer-overflow,READ,,1,7
frozen_dos,crash-0c061a3be38e8044bac6858ca0f6dafd8b94c372,/Users/ebukaobi/Documents/NemesisForge/gen2/crashes/frozen_dos/crash-0c061a3be38e8044bac6858ca0f6dafd8b94c372,READ,heap-buffer-overflow,READ,,1,6
frozen_dos,crash-0c9d19625ee271bcd0d939c51e6652225ffb56e2,/Users/ebukaobi/Documents/NemesisForge/gen2/crashes/frozen_dos/crash-0c9d19625ee271bcd0d939c51e6652225ffb56e2,READ,heap-buffer-overflow,READ,,1,87
frozen_dos,crash-0d9fd007c79d87b64242458935e85212f3cd9caf,/Users/ebukaobi/Documents/NemesisForge/gen2/crashes/frozen_dos/crash-0d9fd007c79d87b64242458935e85212f3cd9caf,READ,heap-buffer-overflow,READ,,1,491
frozen_dos,crash-1b26b086cea9407d487b01a1f6ef797fef4ff039,/Users/ebukaobi/Documents/NemesisForge/gen2/crashes/frozen_dos/crash-1b26b086cea9407d487b01a1f6ef797fef4ff039,READ,heap-buffer-overflow,READ,,1,46
frozen_dos,crash-1b79f1e86935e62d3571cbaa1b5c4612496cd568,/Users/ebukaobi/Documents/NemesisForge/gen2/crashes/frozen_dos/crash-1b79f1e86935e62d3571cbaa1b5c4612496cd568,READ,heap-buffer-overflow,READ,,1,64
frozen_dos,crash-1ef3815c0fd0d70ec29ad0613fe074653cda1f79,/Users/ebukaobi/Documents/NemesisForge/gen2/crashes/frozen_dos/crash-1ef3815c0fd0d70ec29ad0613fe074653cda1f79,READ,heap-buffer-overflow,READ,,1,34
frozen_dos,crash-1fba371eadf172ff62a76d215b431613e0f804fc,/Users/ebukaobi/Documents/NemesisForge/gen2/crashes/frozen_dos/crash-1fba371eadf172ff62a76d215b431613e0f804fc,READ,heap-buffer-overflow,READ,,1,8
frozen_dos,crash-21f983a11f07b80e7bd78683b15dbd433ad444b3,/Users/ebukaobi/Documents/NemesisForge/gen2/crashes/frozen_dos/crash-21f983a11f07b80e7bd78683b15dbd433ad444b3,READ,heap-buffer-overflow,READ,,1,55
frozen_dos,crash-231248a1785280806f71b4e04224895a464de3fc,/Users/ebukaobi/Documents/NemesisForge/gen2/crashes/frozen_dos/crash-231248a1785280806f71b4e04224895a464de3fc,READ,heap-buffer-overflow,READ,,1,15
frozen_dos,crash-245f1c6eef3728b5e52a762288465e6d4f72f2f4,/Users/ebukaobi/Documents/NemesisForge/gen2/crashes/frozen_dos/crash-245f1c6eef3728b5e52a762288465e6d4f72f2f4,READ,heap-buffer-overflow,READ,,1,11
frozen_dos,crash-24a94b7241e9bf0a79c26e5a16f91ebb7ddef3f9,/Users/ebukaobi/Documents/NemesisForge/gen2/crashes/frozen_dos/crash-24a94b7241e9bf0a79c26e5a16f91ebb7ddef3f9,READ,heap-buffer-overflow,READ,,1,66
frozen_dos,crash-255f6df9b3129222ebcc5cdec4679de69662d6dd,/Users/ebukaobi/Documents/NemesisForge/gen2/crashes/frozen_dos/crash-255f6df9b3129222ebcc5cdec4679de69662d6dd,READ,heap-buffer-overflow,READ,,1,4
frozen_dos,crash-27a71cc61866a56290efe9cbb12489782564082d,/Users/ebukaobi/Documents/NemesisForge/gen2/crashes/frozen_dos/crash-27a71cc61866a56290efe9cbb12489782564082d,READ,heap-buffer-overflow,READ,,1,108
frozen_dos,crash-28d94fb3be904a85e9f5cb513e42c9893f4b4616,/Users/ebukaobi/Documents/NemesisForge/gen2/crashes/frozen_dos/crash-28d94fb3be904a85e9f5cb513e42c9893f4b4616,READ,heap-buffer-overflow,READ,,1,61
frozen_dos,crash-2ab3f49a015086a4f0345b298975cc8a3296b479,/Users/ebukaobi/Documents/NemesisForge/gen2/crashes/frozen_dos/crash-2ab3f49a015086a4f0345b298975cc8a3296b479,READ,heap-buffer-overflow,READ,,1,12
frozen_dos,crash-2c9ab3c73f0bda074072ab69d4cd36310e07af7b,/Users/ebukaobi/Documents/NemesisForge/gen2/crashes/frozen_dos/crash-2c9ab3c73f0bda074072ab69d4cd36310e07af7b,READ,heap-buffer-overflow,READ,,1,13
frozen_dos,crash-2d65087d30f4ba18836ec6ac363b3ce79624cbfc,/Users/ebukaobi/Documents/NemesisForge/gen2/crashes/frozen_dos/crash-2d65087d30f4ba18836ec6ac363b3ce79624cbfc,READ,heap-buffer-overflow,READ,,1,54
frozen_dos,crash-2f77b286f72e22d197e402eb849157b63fdd8315,/Users/ebukaobi/Documents/NemesisForge/gen2/crashes/frozen_dos/crash-2f77b286f72e22d197e402eb849157b63fdd8315,READ,heap-buffer-overflow,READ,,1,121
frozen_dos,crash-30c3bf6216d18965097e6e59304f56692a06a9e4,/Users/ebukaobi/Documents/NemesisForge/gen2/crashes/frozen_dos/crash-30c3bf6216d18965097e6e59304f56692a06a9e4,READ,heap-buffer-overflow,READ,,1,173
frozen_dos,crash-36d2698ca4c243f88e8503efb736bbdbc7a1d3b2,/Users/ebukaobi/Documents/NemesisForge/gen2/crashes/frozen_dos/crash-36d2698ca4c243f88e8503efb736bbdbc7a1d3b2,READ,heap-buffer-overflow,READ,,1,39
frozen_dos,crash-373dfb83f6225ce692647ed275cd6adb09a6d12b,/Users/ebukaobi/Documents/NemesisForge/gen2/crashes/frozen_dos/crash-373dfb83f6225ce692647ed275cd6adb09a6d12b,READ,heap-buffer-overflow,READ,,1,9
frozen_dos,crash-37bd074b5dd39cc4a45a854f8b04cd0abb33d022,/Users/ebukaobi/Documents/NemesisForge/gen2/crashes/frozen_dos/crash-37bd074b5dd39cc4a45a854f8b04cd0abb33d022,READ,heap-buffer-overflow,READ,,1,94
frozen_dos,crash-38b0f5a51a96fa922e80cf9b001e69eea70f473e,/Users/ebukaobi/Documents/NemesisForge/gen2/crashes/frozen_dos/crash-38b0f5a51a96fa922e80cf9b001e69eea70f473e,READ,heap-buffer-overflow,READ,,1,5
frozen_dos,crash-3ab2101e053ecd930355cd482630bed8d09f16ce,/Users/ebukaobi/Documents/NemesisForge/gen2/crashes/frozen_dos/crash-3ab2101e053ecd930355cd482630bed8d09f16ce,READ,heap-buffer-overflow,READ,,1,31
frozen_dos,crash-3b7edff00572aa52428764f7fc89458b344c185d,/Users/ebukaobi/Documents/NemesisForge/gen2/crashes/frozen_dos/crash-3b7edff00572aa52428764f7fc89458b344c185d,READ,heap-buffer-overflow,READ,,1,68
frozen_dos,crash-3c4778980d8868065b8098dff3bb508532619082,/Users/ebukaobi/Documents/NemesisForge/gen2/crashes/frozen_dos/crash-3c4778980d8868065b8098dff3bb508532619082,READ,heap-buffer-overflow,READ,,1,8
frozen_dos,crash-3d091edef41edd43b6b07deb81f77052a143aa00,/Users/ebukaobi/Documents/NemesisForge/gen2/crashes/frozen_dos/crash-3d091edef41edd43b6b07deb81f77052a143aa00,READ,heap-buffer-overflow,READ,,1,80
frozen_dos,crash-3f4f1f309e5ef5a6acfe002f9988e0ad00bab1a5,/Users/ebukaobi/Documents/NemesisForge/gen2/crashes/frozen_dos/crash-3f4f1f309e5ef5a6acfe002f9988e0ad00bab1a5,READ,heap-buffer-overflow,READ,,1,624
frozen_dos,crash-4245784041ff5ce66a20495bf0b85f89227ee96b,/Users/ebukaobi/Documents/NemesisForge/gen2/crashes/frozen_dos/crash-4245784041ff5ce66a20495bf0b85f89227ee96b,READ,heap-buffer-overflow,READ,,1,17
frozen_dos,crash-42f2f184de7d84c5be98a7e3a308c04517e72b14,/Users/ebukaobi/Documents/NemesisForge/gen2/crashes/frozen_dos/crash-42f2f184de7d84c5be98a7e3a308c04517e72b14,READ,heap-buffer-overflow,READ,,1,16
frozen_dos,crash-436891cb870842511590917de5528835fb04e7aa,/Users/ebukaobi/Documents/NemesisForge/gen2/crashes/frozen_dos/crash-436891cb870842511590917de5528835fb04e7aa,READ,heap-buffer-overflow,READ,,1,6
frozen_dos,crash-43ef48c239be0c1886c70c1dc1bdacd053c587b4,/Users/ebukaobi/Documents/NemesisForge/gen2/crashes/frozen_dos/crash-43ef48c239be0c1886c70c1dc1bdacd053c587b4,READ,heap-buffer-overflow,READ,,1,8
frozen_dos,crash-45c9bdb7108489fa6f1bad6599755d4249404861,/Users/ebukaobi/Documents/NemesisForge/gen2/crashes/frozen_dos/crash-45c9bdb7108489fa6f1bad6599755d4249404861,READ,heap-buffer-overflow,READ,,1,11
frozen_dos,crash-46ed048ddb7aaa8c72b118817891738117f4a3ee,/Users/ebukaobi/Documents/NemesisForge/gen2/crashes/frozen_dos/crash-46ed048ddb7aaa8c72b118817891738117f4a3ee,READ,heap-buffer-overflow,READ,,1,40
frozen_dos,crash-4768fa8e299bc76df43b841712a3a3c6b4f71425,/Users/ebukaobi/Documents/NemesisForge/gen2/crashes/frozen_dos/crash-4768fa8e299bc76df43b841712a3a3c6b4f71425,READ,heap-buffer-overflow,READ,,1,18
frozen_dos,crash-48ff2710d00d1c3e524833e601325c535bf92966,/Users/ebukaobi/Documents/NemesisForge/gen2/crashes/frozen_dos/crash-48ff2710d00d1c3e524833e601325c535bf92966,READ,heap-buffer-overflow,READ,,1,126
frozen_dos,crash-49d0faf543efbc4afe7fecb77a4866511086db65,/Users/ebukaobi/Documents/NemesisForge/gen2/crashes/frozen_dos/crash-49d0faf543efbc4afe7fecb77a4866511086db65,READ,heap-buffer-overflow,READ,,1,15
frozen_dos,crash-4a3c32890c0c7020b42ba9536dc72cdd08b21393,/Users/ebukaobi/Documents/NemesisForge/gen2/crashes/frozen_dos/crash-4a3c32890c0c7020b42ba9536dc72cdd08b21393,READ,heap-buffer-overflow,READ,,1,188
frozen_dos,crash-4b9fca59c61e65a733358471525950771aa83474,/Users/ebukaobi/Documents/NemesisForge/gen2/crashes/frozen_dos/crash-4b9fca59c61e65a733358471525950771aa83474,READ,heap-buffer-overflow,READ,,1,4
frozen_dos,crash-4d600850922a4f0df41975d43357260f9ac81fb5,/Users/ebukaobi/Documents/NemesisForge/gen2/crashes/frozen_dos/crash-4d600850922a4f0df41975d43357260f9ac81fb5,READ,heap-buffer-overflow,READ,,1,64
frozen_dos,crash-509096167ce28761629a0bfb5dee3b1ee1f01eb5,/Users/ebukaobi/Documents/NemesisForge/gen2/crashes/frozen_dos/crash-509096167ce28761629a0bfb5dee3b1ee1f01eb5,READ,heap-buffer-overflow,READ,,1,272
frozen_dos,crash-5116dffd910de70f99a490b1b39a441342001fa2,/Users/ebukaobi/Documents/NemesisForge/gen2/crashes/frozen_dos/crash-5116dffd910de70f99a490b1b39a441342001fa2,READ,heap-buffer-overflow,READ,,1,4
frozen_dos,crash-51f1c031c721b070828d92c5ec6a60e5d1837eac,/Users/ebukaobi/Documents/NemesisForge/gen2/crashes/frozen_dos/crash-51f1c031c721b070828d92c5ec6a60e5d1837eac,READ,heap-buffer-overflow,READ,,1,15
frozen_dos,crash-5220a363d75870a088b0b44318160377f6c6f48e,/Users/ebukaobi/Documents/NemesisForge/gen2/crashes/frozen_dos/crash-5220a363d75870a088b0b44318160377f6c6f48e,READ,heap-buffer-overflow,READ,,1,183
frozen_dos,crash-548c7e0eef5fc5ba6e48fbef43e28ae5d73ffc5a,/Users/ebukaobi/Documents/NemesisForge/gen2/crashes/frozen_dos/crash-548c7e0eef5fc5ba6e48fbef43e28ae5d73ffc5a,READ,heap-buffer-overflow,READ,,1,58
frozen_dos,crash-573533051dffdda125ade64199332fa68ab12329,/Users/ebukaobi/Documents/NemesisForge/gen2/crashes/frozen_dos/crash-573533051dffdda125ade64199332fa68ab12329,READ,heap-buffer-overflow,READ,,1,44
frozen_dos,crash-5773ece5c8c536e66f2fcb57143fd49eda0dc4de,/Users/ebukaobi/Documents/NemesisForge/gen2/crashes/frozen_dos/crash-5773ece5c8c536e66f2fcb57143fd49eda0dc4de,READ,heap-buffer-overflow,READ,,1,67
frozen_dos,crash-58e351df7eb073a79cc0331936bf4cb2dce5e3c2,/Users/ebukaobi/Documents/NemesisForge/gen2/crashes/frozen_dos/crash-58e351df7eb073a79cc0331936bf4cb2dce5e3c2,READ,heap-buffer-overflow,READ,,1,133
frozen_dos,crash-5c13d11224275b4fe10ccc75fb07c2e2a96791e9,/Users/ebukaobi/Documents/NemesisForge/gen2/crashes/frozen_dos/crash-5c13d11224275b4fe10ccc75fb07c2e2a96791e9,READ,heap-buffer-overflow,READ,,1,25
frozen_dos,crash-5fa3dd24aff079008c6a363f7f840ac7d23aa75f,/Users/ebukaobi/Documents/NemesisForge/gen2/crashes/frozen_dos/crash-5fa3dd24aff079008c6a363f7f840ac7d23aa75f,READ,heap-buffer-overflow,READ,,1,364
frozen_dos,crash-606c26d0b7477c0dc2f39544bf047521c26495a3,/Users/ebukaobi/Documents/NemesisForge/gen2/crashes/frozen_dos/crash-606c26d0b7477c0dc2f39544bf047521c26495a3,READ,heap-buffer-overflow,READ,,1,93
frozen_dos,crash-63d9ec38040acb674ac6c3e5307a03382ee18129,/Users/ebukaobi/Documents/NemesisForge/gen2/crashes/frozen_dos/crash-63d9ec38040acb674ac6c3e5307a03382ee18129,READ,heap-buffer-overflow,READ,,1,11
frozen_dos,crash-6465bd490afffe43d54c17b6e1de0d8a016104f8,/Users/ebukaobi/Documents/NemesisForge/gen2/crashes/frozen_dos/crash-6465bd490afffe43d54c17b6e1de0d8a016104f8,READ,heap-buffer-overflow,READ,,1,35
frozen_dos,crash-66f55d214bfeddcd8b1843946710d81d20313186,/Users/ebukaobi/Documents/NemesisForge/gen2/crashes/frozen_dos/crash-66f55d214bfeddcd8b1843946710d81d20313186,READ,heap-buffer-overflow,READ,,1,13
frozen_dos,crash-688cf84181139d3a6a1d6b3bc696991c274dd88d,/Users/ebukaobi/Documents/NemesisForge/gen2/crashes/frozen_dos/crash-688cf84181139d3a6a1d6b3bc696991c274dd88d,READ,heap-buffer-overflow,READ,,1,11
frozen_dos,crash-69dfc6c2ac19409fd11554da1b10d1462c66d851,/Users/ebukaobi/Documents/NemesisForge/gen2/crashes/frozen_dos/crash-69dfc6c2ac19409fd11554da1b10d1462c66d851,READ,heap-buffer-overflow,READ,,1,128
frozen_dos,crash-6a40842a3fe964b9c7bb38f7b0dd59e3abc8c222,/Users/ebukaobi/Documents/NemesisForge/gen2/crashes/frozen_dos/crash-6a40842a3fe964b9c7bb38f7b0dd59e3abc8c222,READ,heap-buffer-overflow,READ,,1,5
frozen_dos,crash-6c0a3185a44bb8b17bec876c1b0efe3d52e2419f,/Users/ebukaobi/Documents/NemesisForge/gen2/crashes/frozen_dos/crash-6c0a3185a44bb8b17bec876c1b0efe3d52e2419f,READ,heap-buffer-overflow,READ,,1,4
frozen_dos,crash-6dbd10b72df38e60e2aa2148332ad5cebdf812b2,/Users/ebukaobi/Documents/NemesisForge/gen2/crashes/frozen_dos/crash-6dbd10b72df38e60e2aa2148332ad5cebdf812b2,READ,heap-buffer-overflow,READ,,1,71
frozen_dos,crash-6e4dd7117c4c26996b4cc1ec3cc5f1e166f391a2,/Users/ebukaobi/Documents/NemesisForge/gen2/crashes/frozen_dos/crash-6e4dd7117c4c26996b4cc1ec3cc5f1e166f391a2,READ,heap-buffer-overflow,READ,,1,38
frozen_dos,crash-6fd2c5a630096ef7ff99aa301e0575ce9d5b7003,/Users/ebukaobi/Documents/NemesisForge/gen2/crashes/frozen_dos/crash-6fd2c5a630096ef7ff99aa301e0575ce9d5b7003,READ,heap-buffer-overflow,READ,,1,154
frozen_dos,crash-70ceb5f30ee5cb4487f4c1ab945e93e8e1831ad6,/Users/ebukaobi/Documents/NemesisForge/gen2/crashes/frozen_dos/crash-70ceb5f30ee5cb4487f4c1ab945e93e8e1831ad6,READ,heap-buffer-overflow,READ,,1,51
frozen_dos,crash-749526f27e4e760c94a57620a3d6b318793650ec,/Users/ebukaobi/Documents/NemesisForge/gen2/crashes/frozen_dos/crash-749526f27e4e760c94a57620a3d6b318793650ec,READ,heap-buffer-overflow,READ,,1,36
frozen_dos,crash-762014522db568c5523e02bf3d049c5d2ebbb888,/Users/ebukaobi/Documents/NemesisForge/gen2/crashes/frozen_dos/crash-762014522db568c5523e02bf3d049c5d2ebbb888,READ,heap-buffer-overflow,READ,,1,142
frozen_dos,crash-77564425c1f3e4f59ab11f0f0cae57b383592361,/Users/ebukaobi/Documents/NemesisForge/gen2/crashes/frozen_dos/crash-77564425c1f3e4f59ab11f0f0cae57b383592361,READ,heap-buffer-overflow,READ,,1,9
frozen_dos,crash-78829e0254c6efc0360643d719f507a4b86908fc,/Users/ebukaobi/Documents/NemesisForge/gen2/crashes/frozen_dos/crash-78829e0254c6efc0360643d719f507a4b86908fc,READ,heap-buffer-overflow,READ,,1,25
frozen_dos,crash-79904829a9b9c5565654362ab3a1c9b81e18d733,/Users/ebukaobi/Documents/NemesisForge/gen2/crashes/frozen_dos/crash-79904829a9b9c5565654362ab3a1c9b81e18d733,READ,heap-buffer-overflow,READ,,1,18
frozen_dos,crash-7b4fce89e6ad9e3c73e6960dbf208b7356c833fc,/Users/ebukaobi/Documents/NemesisForge/gen2/crashes/frozen_dos/crash-7b4fce89e6ad9e3c73e6960dbf208b7356c833fc,READ,heap-buffer-overflow,READ,,1,27
frozen_dos,crash-7cdf0fff0a6022e5daf3cb6d5bef4231c5a5a5d8,/Users/ebukaobi/Documents/NemesisForge/gen2/crashes/frozen_dos/crash-7cdf0fff0a6022e5daf3cb6d5bef4231c5a5a5d8,READ,heap-buffer-overflow,READ,,1,22
frozen_dos,crash-834b4572d7f81c0eae763bbb9639c20bd68d9a50,/Users/ebukaobi/Documents/NemesisForge/gen2/crashes/frozen_dos/crash-834b4572d7f81c0eae763bbb9639c20bd68d9a50,READ,heap-buffer-overflow,READ,,1,38
frozen_dos,crash-8605bb702d0bac10e049f960f921f1b1085ca9a3,/Users/ebukaobi/Documents/NemesisForge/gen2/crashes/frozen_dos/crash-8605bb702d0bac10e049f960f921f1b1085ca9a3,READ,heap-buffer-overflow,READ,,1,244
frozen_dos,crash-864c81208d3efc6c060ae3bef049e86849519c9d,/Users/ebukaobi/Documents/NemesisForge/gen2/crashes/frozen_dos/crash-864c81208d3efc6c060ae3bef049e86849519c9d,READ,heap-buffer-overflow,READ,,1,25
frozen_dos,crash-87ab8ba889a5ba1aa20f5afce6e02b0bd04c5cae,/Users/ebukaobi/Documents/NemesisForge/gen2/crashes/frozen_dos/crash-87ab8ba889a5ba1aa20f5afce6e02b0bd04c5cae,READ,heap-buffer-overflow,READ,,1,32
frozen_dos,crash-8a95bae4f33ea57235c8414faed9ec55f8558c06,/Users/ebukaobi/Documents/NemesisForge/gen2/crashes/frozen_dos/crash-8a95bae4f33ea57235c8414faed9ec55f8558c06,READ,heap-buffer-overflow,READ,,1,6
frozen_dos,crash-8b903c81f7ee3a458320a770ec8281721bd0f8e9,/Users/ebukaobi/Documents/NemesisForge/gen2/crashes/frozen_dos/crash-8b903c81f7ee3a458320a770ec8281721bd0f8e9,READ,heap-buffer-overflow,READ,,1,17
frozen_dos,crash-8c77dc2c87064aa066ab355eb986becdbe1b7a1d,/Users/ebukaobi/Documents/NemesisForge/gen2/crashes/frozen_dos/crash-8c77dc2c87064aa066ab355eb986becdbe1b7a1d,READ,heap-buffer-overflow,READ,,1,17
frozen_dos,crash-8ddc18c0a8a09974d57b4bb23f373ec65b0d87f7,/Users/ebukaobi/Documents/NemesisForge/gen2/crashes/frozen_dos/crash-8ddc18c0a8a09974d57b4bb23f373ec65b0d87f7,READ,heap-buffer-overflow,READ,,1,29
frozen_dos,crash-8f451631a3cd0165c6c409225b74a605cbaaef68,/Users/ebukaobi/Documents/NemesisForge/gen2/crashes/frozen_dos/crash-8f451631a3cd0165c6c409225b74a605cbaaef68,READ,heap-buffer-overflow,READ,,1,5
frozen_dos,crash-8fbd085aed0be953a47bee538ed1b96b9b5a1d40,/Users/ebukaobi/Documents/NemesisForge/gen2/crashes/frozen_dos/crash-8fbd085aed0be953a47bee538ed1b96b9b5a1d40,READ,heap-buffer-overflow,READ,,1,25
frozen_dos,crash-938ae2fdeb3e2f7ccefa980015c4c7fa5b6d65d4,/Users/ebukaobi/Documents/NemesisForge/gen2/crashes/frozen_dos/crash-938ae2fdeb3e2f7ccefa980015c4c7fa5b6d65d4,READ,heap-buffer-overflow,READ,,1,112
frozen_dos,crash-94c3ee85850073215c87d685bcccacf6f4e65d89,/Users/ebukaobi/Documents/NemesisForge/gen2/crashes/frozen_dos/crash-94c3ee85850073215c87d685bcccacf6f4e65d89,READ,heap-buffer-overflow,READ,,1,18
frozen_dos,crash-96b618c5f75babf7e30041962a01bb5740826a0b,/Users/ebukaobi/Documents/NemesisForge/gen2/crashes/frozen_dos/crash-96b618c5f75babf7e30041962a01bb5740826a0b,READ,heap-buffer-overflow,READ,,1,119
frozen_dos,crash-96e7359cb3de874fce0bc27f1f0325e27e41e2f0,/Users/ebukaobi/Documents/NemesisForge/gen2/crashes/frozen_dos/crash-96e7359cb3de874fce0bc27f1f0325e27e41e2f0,READ,heap-buffer-overflow,READ,,1,70
frozen_dos,crash-97a6e6df706b025e0431be1732b3599348eae8bb,/Users/ebukaobi/Documents/NemesisForge/gen2/crashes/frozen_dos/crash-97a6e6df706b025e0431be1732b3599348eae8bb,READ,heap-buffer-overflow,READ,,1,17
frozen_dos,crash-985cd0a94599513cfd19ae4ae8037b9953dd6b19,/Users/ebukaobi/Documents/NemesisForge/gen2/crashes/frozen_dos/crash-985cd0a94599513cfd19ae4ae8037b9953dd6b19,READ,heap-buffer-overflow,READ,,1,83
frozen_dos,crash-99c36fe4cd39f0e07550e3f58136380d1d01ff56,/Users/ebukaobi/Documents/NemesisForge/gen2/crashes/frozen_dos/crash-99c36fe4cd39f0e07550e3f58136380d1d01ff56,READ,heap-buffer-overflow,READ,,1,11
frozen_dos,crash-9a6fdf8a44ec637389de8b03b7e73c6b981f12bf,/Users/ebukaobi/Documents/NemesisForge/gen2/crashes/frozen_dos/crash-9a6fdf8a44ec637389de8b03b7e73c6b981f12bf,READ,heap-buffer-overflow,READ,,1,29
frozen_dos,crash-9ba293ca070ee8bf081e8f9923bb87d3da575aef,/Users/ebukaobi/Documents/NemesisForge/gen2/crashes/frozen_dos/crash-9ba293ca070ee8bf081e8f9923bb87d3da575aef,READ,heap-buffer-overflow,READ,,1,10
frozen_dos,crash-9eac421bbd8f517bf398cf54aa20aea7ecd533e5,/Users/ebukaobi/Documents/NemesisForge/gen2/crashes/frozen_dos/crash-9eac421bbd8f517bf398cf54aa20aea7ecd533e5,READ,heap-buffer-overflow,READ,,1,8
frozen_dos,crash-9f9b589d15dad42e3aea7a6e9958ca0b42edbcd5,/Users/ebukaobi/Documents/NemesisForge/gen2/crashes/frozen_dos/crash-9f9b589d15dad42e3aea7a6e9958ca0b42edbcd5,READ,heap-buffer-overflow,READ,,1,3
frozen_dos,crash-a1247eb20fe750d44f04687de193031f9299bb1c,/Users/ebukaobi/Documents/NemesisForge/gen2/crashes/frozen_dos/crash-a1247eb20fe750d44f04687de193031f9299bb1c,READ,heap-buffer-overflow,READ,,1,66
frozen_dos,crash-a1feb682314a23cb7705b1feaa265b88f597f2df,/Users/ebukaobi/Documents/NemesisForge/gen2/crashes/frozen_dos/crash-a1feb682314a23cb7705b1feaa265b88f597f2df,READ,heap-buffer-overflow,READ,,1,121
frozen_dos,crash-a4fead240ed437f096bb86fbdf582efacf675c5f,/Users/ebukaobi/Documents/NemesisForge/gen2/crashes/frozen_dos/crash-a4fead240ed437f096bb86fbdf582efacf675c5f,READ,heap-buffer-overflow,READ,,1,273
frozen_dos,crash-a6d65b686904f8f02981dc2149fc4f36df10f48e,/Users/ebukaobi/Documents/NemesisForge/gen2/crashes/frozen_dos/crash-a6d65b686904f8f02981dc2149fc4f36df10f48e,READ,heap-buffer-overflow,READ,,1,51
frozen_dos,crash-a6e803a0d38a65b3b0c50f3b39d28074a43290a6,/Users/ebukaobi/Documents/NemesisForge/gen2/crashes/frozen_dos/crash-a6e803a0d38a65b3b0c50f3b39d28074a43290a6,READ,heap-buffer-overflow,READ,,1,144
frozen_dos,crash-a8f1ab8cbad27ef6f40e59b21a84c8682d8b42f6,/Users/ebukaobi/Documents/NemesisForge/gen2/crashes/frozen_dos/crash-a8f1ab8cbad27ef6f40e59b21a84c8682d8b42f6,READ,heap-buffer-overflow,READ,,1,113
frozen_dos,crash-a99b9a90a7b56272b9554262e831e72fc7f5a5ff,/Users/ebukaobi/Documents/NemesisForge/gen2/crashes/frozen_dos/crash-a99b9a90a7b56272b9554262e831e72fc7f5a5ff,READ,heap-buffer-overflow,READ,,1,153
frozen_dos,crash-aba825cb7e082dccd08e757bd4266974e7711cc1,/Users/ebukaobi/Documents/NemesisForge/gen2/crashes/frozen_dos/crash-aba825cb7e082dccd08e757bd4266974e7711cc1,READ,heap-buffer-overflow,READ,,1,474
frozen_dos,crash-adb82ba68f75380387c04a8dd13962887ad3786f,/Users/ebukaobi/Documents/NemesisForge/gen2/crashes/frozen_dos/crash-adb82ba68f75380387c04a8dd13962887ad3786f,READ,heap-buffer-overflow,READ,,1,119
frozen_dos,crash-b09d3836f4152691c52ff9a604a885ed821db111,/Users/ebukaobi/Documents/NemesisForge/gen2/crashes/frozen_dos/crash-b09d3836f4152691c52ff9a604a885ed821db111,READ,heap-buffer-overflow,READ,,1,109
frozen_dos,crash-b15169d0db9d9f0a592a2f03a74d2c01ccd4b7a9,/Users/ebukaobi/Documents/NemesisForge/gen2/crashes/frozen_dos/crash-b15169d0db9d9f0a592a2f03a74d2c01ccd4b7a9,READ,heap-buffer-overflow,READ,,1,22
frozen_dos,crash-b2195c3cf6df35d0f0809f58465197c8b6372f3c,/Users/ebukaobi/Documents/NemesisForge/gen2/crashes/frozen_dos/crash-b2195c3cf6df35d0f0809f58465197c8b6372f3c,READ,heap-buffer-overflow,READ,,1,236
frozen_dos,crash-b74b0f8153536c37d72767be002f1581c378e0fe,/Users/ebukaobi/Documents/NemesisForge/gen2/crashes/frozen_dos/crash-b74b0f8153536c37d72767be002f1581c378e0fe,READ,heap-buffer-overflow,READ,,1,200
frozen_dos,crash-babf21671dc8e9208689f4b772a0f92b2ce25303,/Users/ebukaobi/Documents/NemesisForge/gen2/crashes/frozen_dos/crash-babf21671dc8e9208689f4b772a0f92b2ce25303,READ,heap-buffer-overflow,READ,,1,453
frozen_dos,crash-bd1b95a210ac5ebd6adc2184f82ec6ec4a2fae1c,/Users/ebukaobi/Documents/NemesisForge/gen2/crashes/frozen_dos/crash-bd1b95a210ac5ebd6adc2184f82ec6ec4a2fae1c,READ,heap-buffer-overflow,READ,,1,19
frozen_dos,crash-be980a3a80a996df7e77d28a94a6163e91faeb0b,/Users/ebukaobi/Documents/NemesisForge/gen2/crashes/frozen_dos/crash-be980a3a80a996df7e77d28a94a6163e91faeb0b,READ,heap-buffer-overflow,READ,,1,75
frozen_dos,crash-c26c590bed6003dc57bfa645853f521726608fa6,/Users/ebukaobi/Documents/NemesisForge/gen2/crashes/frozen_dos/crash-c26c590bed6003dc57bfa645853f521726608fa6,READ,heap-buffer-overflow,READ,,1,248
frozen_dos,crash-c33e6caacc7e8c6e55cd8b8eb1437c850a30a154,/Users/ebukaobi/Documents/NemesisForge/gen2/crashes/frozen_dos/crash-c33e6caacc7e8c6e55cd8b8eb1437c850a30a154,READ,heap-buffer-overflow,READ,,1,66
frozen_dos,crash-c5260e99bc24cd5b46fe24337cbdde47216a27ec,/Users/ebukaobi/Documents/NemesisForge/gen2/crashes/frozen_dos/crash-c5260e99bc24cd5b46fe24337cbdde47216a27ec,READ,heap-buffer-overflow,READ,,1,18
frozen_dos,crash-c6769833bc50b2c3d408f2ad44cfc464be88ad19,/Users/ebukaobi/Documents/NemesisForge/gen2/crashes/frozen_dos/crash-c6769833bc50b2c3d408f2ad44cfc464be88ad19,READ,heap-buffer-overflow,READ,,1,66
frozen_dos,crash-c81508f06d29f8ee8e9ea16730f4ef51e6e3f600,/Users/ebukaobi/Documents/NemesisForge/gen2/crashes/frozen_dos/crash-c81508f06d29f8ee8e9ea16730f4ef51e6e3f600,READ,heap-buffer-overflow,READ,,1,22
frozen_dos,crash-cae36991384c749c0c111994664c34a0f83813ac,/Users/ebukaobi/Documents/NemesisForge/gen2/crashes/frozen_dos/crash-cae36991384c749c0c111994664c34a0f83813ac,READ,heap-buffer-overflow,READ,,1,34
frozen_dos,crash-cc4602836b17541a6c73d969b8c7008a8a8ca40b,/Users/ebukaobi/Documents/NemesisForge/gen2/crashes/frozen_dos/crash-cc4602836b17541a6c73d969b8c7008a8a8ca40b,READ,heap-buffer-overflow,READ,,1,35
frozen_dos,crash-cddcaedc99e5cf59de3f66c2145c8887de7ba7c9,/Users/ebukaobi/Documents/NemesisForge/gen2/crashes/frozen_dos/crash-cddcaedc99e5cf59de3f66c2145c8887de7ba7c9,READ,heap-buffer-overflow,READ,,1,18
frozen_dos,crash-cf48d3a1a650a1556b950ea292fcbfa3cc136ef3,/Users/ebukaobi/Documents/NemesisForge/gen2/crashes/frozen_dos/crash-cf48d3a1a650a1556b950ea292fcbfa3cc136ef3,READ,heap-buffer-overflow,READ,,1,197
frozen_dos,crash-d13827d0d6b96c33c731a110a9cc50dd89518bcd,/Users/ebukaobi/Documents/NemesisForge/gen2/crashes/frozen_dos/crash-d13827d0d6b96c33c731a110a9cc50dd89518bcd,READ,heap-buffer-overflow,READ,,1,85
frozen_dos,crash-d35527d8e0ab89ae73dbfca0f0431b977a962cb6,/Users/ebukaobi/Documents/NemesisForge/gen2/crashes/frozen_dos/crash-d35527d8e0ab89ae73dbfca0f0431b977a962cb6,READ,heap-buffer-overflow,READ,,1,9
frozen_dos,crash-d38226cf379abbf7646b32fe1915dab843c56f4a,/Users/ebukaobi/Documents/NemesisForge/gen2/crashes/frozen_dos/crash-d38226cf379abbf7646b32fe1915dab843c56f4a,READ,heap-buffer-overflow,READ,,1,8
frozen_dos,crash-d38f1b0cf8523884c4894eb1340ce872e3c11721,/Users/ebukaobi/Documents/NemesisForge/gen2/crashes/frozen_dos/crash-d38f1b0cf8523884c4894eb1340ce872e3c11721,READ,heap-buffer-overflow,READ,,1,46
frozen_dos,crash-d661a4ea4e1ff61648837407196c1048e6186444,/Users/ebukaobi/Documents/NemesisForge/gen2/crashes/frozen_dos/crash-d661a4ea4e1ff61648837407196c1048e6186444,READ,heap-buffer-overflow,READ,,1,216
frozen_dos,crash-d720eae4678b19d8887a7f6cd5a8e8541b54bae6,/Users/ebukaobi/Documents/NemesisForge/gen2/crashes/frozen_dos/crash-d720eae4678b19d8887a7f6cd5a8e8541b54bae6,READ,heap-buffer-overflow,READ,,1,112
frozen_dos,crash-d8d1ceecb34f530c678f2372d0ee7ce4e83433f2,/Users/ebukaobi/Documents/NemesisForge/gen2/crashes/frozen_dos/crash-d8d1ceecb34f530c678f2372d0ee7ce4e83433f2,READ,heap-buffer-overflow,READ,,1,128
frozen_dos,crash-daf35e9da1289cd1f4246cfbb6a0edab97e7c2d4,/Users/ebukaobi/Documents/NemesisForge/gen2/crashes/frozen_dos/crash-daf35e9da1289cd1f4246cfbb6a0edab97e7c2d4,READ,heap-buffer-overflow,READ,,1,7
frozen_dos,crash-dc9eca84f56816c5bc4b9c624095b585132cd98d,/Users/ebukaobi/Documents/NemesisForge/gen2/crashes/frozen_dos/crash-dc9eca84f56816c5bc4b9c624095b585132cd98d,READ,heap-buffer-overflow,READ,,1,3
frozen_dos,crash-dea8b82a33ba548e60139abfcbe2533a65b162ac,/Users/ebukaobi/Documents/NemesisForge/gen2/crashes/frozen_dos/crash-dea8b82a33ba548e60139abfcbe2533a65b162ac,READ,heap-buffer-overflow,READ,,1,25
frozen_dos,crash-df69d1fd218aff90894661807900758c66bae0d0,/Users/ebukaobi/Documents/NemesisForge/gen2/crashes/frozen_dos/crash-df69d1fd218aff90894661807900758c66bae0d0,READ,heap-buffer-overflow,READ,,1,218
frozen_dos,crash-e18bee777f46e9b4faff086b4e49ff80c8b5a914,/Users/ebukaobi/Documents/NemesisForge/gen2/crashes/frozen_dos/crash-e18bee777f46e9b4faff086b4e49ff80c8b5a914,READ,heap-buffer-overflow,READ,,1,6
frozen_dos,crash-e3cce9549d3ed68f56812dea5534eddad84efbef,/Users/ebukaobi/Documents/NemesisForge/gen2/crashes/frozen_dos/crash-e3cce9549d3ed68f56812dea5534eddad84efbef,READ,heap-buffer-overflow,READ,,1,170
frozen_dos,crash-e4913ca1d51705849fd9c335fa340d5f148c689b,/Users/ebukaobi/Documents/NemesisForge/gen2/crashes/frozen_dos/crash-e4913ca1d51705849fd9c335fa340d5f148c689b,READ,heap-buffer-overflow,READ,,1,698
frozen_dos,crash-e95847895e8d1d7c19255dc15a24f0cf877fbfc2,/Users/ebukaobi/Documents/NemesisForge/gen2/crashes/frozen_dos/crash-e95847895e8d1d7c19255dc15a24f0cf877fbfc2,READ,heap-buffer-overflow,READ,,1,54
frozen_dos,crash-e9681590518e1f8f3efec81f0169780502e67075,/Users/ebukaobi/Documents/NemesisForge/gen2/crashes/frozen_dos/crash-e9681590518e1f8f3efec81f0169780502e67075,READ,heap-buffer-overflow,READ,,1,73
frozen_dos,crash-eb88526923dd3ab9ec212c3b1373bf5fe1e0fd3f,/Users/ebukaobi/Documents/NemesisForge/gen2/crashes/frozen_dos/crash-eb88526923dd3ab9ec212c3b1373bf5fe1e0fd3f,READ,heap-buffer-overflow,READ,,1,51
frozen_dos,crash-edee0f7877956945217db6a936face51e642af9b,/Users/ebukaobi/Documents/NemesisForge/gen2/crashes/frozen_dos/crash-edee0f7877956945217db6a936face51e642af9b,READ,heap-buffer-overflow,READ,,1,219
frozen_dos,crash-ee7fbf0e81b0fddfc4def67ebc9fbdc2f23d5501,/Users/ebukaobi/Documents/NemesisForge/gen2/crashes/frozen_dos/crash-ee7fbf0e81b0fddfc4def67ebc9fbdc2f23d5501,READ,heap-buffer-overflow,READ,,1,17
frozen_dos,crash-f0c79816bf6d630bc9393278a40a2b7ce8bf8031,/Users/ebukaobi/Documents/NemesisForge/gen2/crashes/frozen_dos/crash-f0c79816bf6d630bc9393278a40a2b7ce8bf8031,READ,heap-buffer-overflow,READ,,1,8
frozen_dos,crash-f20e3d90084c4c862438d17ba022a0115c0d674a,/Users/ebukaobi/Documents/NemesisForge/gen2/crashes/frozen_dos/crash-f20e3d90084c4c862438d17ba022a0115c0d674a,READ,heap-buffer-overflow,READ,,1,156
frozen_dos,crash-f2c62e623e9d9c4f018d029aa56affd703fadc7e,/Users/ebukaobi/Documents/NemesisForge/gen2/crashes/frozen_dos/crash-f2c62e623e9d9c4f018d029aa56affd703fadc7e,READ,heap-buffer-overflow,READ,,1,12
frozen_dos,crash-f57b07ee3b1f57d595df151887a02d2c3533a45a,/Users/ebukaobi/Documents/NemesisForge/gen2/crashes/frozen_dos/crash-f57b07ee3b1f57d595df151887a02d2c3533a45a,READ,heap-buffer-overflow,READ,,1,10
frozen_dos,crash-f67556781bfa64d927b4b6fa21ca50887e7d442e,/Users/ebukaobi/Documents/NemesisForge/gen2/crashes/frozen_dos/crash-f67556781bfa64d927b4b6fa21ca50887e7d442e,READ,heap-buffer-overflow,READ,,1,51
frozen_dos,crash-f8195b884d4f0070aa6f59bb4b1f18c8bf771ae1,/Users/ebukaobi/Documents/NemesisForge/gen2/crashes/frozen_dos/crash-f8195b884d4f0070aa6f59bb4b1f18c8bf771ae1,READ,heap-buffer-overflow,READ,,1,28
frozen_dos,crash-f8999175fe434c545d5fbd9ebf55f0c4e3599622,/Users/ebukaobi/Documents/NemesisForge/gen2/crashes/frozen_dos/crash-f8999175fe434c545d5fbd9ebf55f0c4e3599622,READ,heap-buffer-overflow,READ,,1,663
frozen_dos,crash-fa590a904770eea90b3d801cb556a47f40ee8ad4,/Users/ebukaobi/Documents/NemesisForge/gen2/crashes/frozen_dos/crash-fa590a904770eea90b3d801cb556a47f40ee8ad4,READ,heap-buffer-overflow,READ,,1,10
frozen_dos,crash-fb591efedbbfc4e17d178a030e06132aa071fe3a,/Users/ebukaobi/Documents/NemesisForge/gen2/crashes/frozen_dos/crash-fb591efedbbfc4e17d178a030e06132aa071fe3a,READ,heap-buffer-overflow,READ,,1,144
frozen_dos,crash-fc8e45c2d7360be87797c40e7f64d7fe1c5116aa,/Users/ebukaobi/Documents/NemesisForge/gen2/crashes/frozen_dos/crash-fc8e45c2d7360be87797c40e7f64d7fe1c5116aa,READ,heap-buffer-overflow,READ,,1,182
frozen_dos,crash-fdb61fc1ede68efd826467c8bfe61d95c901cbf4,/Users/ebukaobi/Documents/NemesisForge/gen2/crashes/frozen_dos/crash-fdb61fc1ede68efd826467c8bfe61d95c901cbf4,READ,heap-buffer-overflow,READ,,1,30
